token,track,obj_group,obj_dist,obj_speed,obj_moving,vis,gt_idx,obj_bearing_deg,tier_own,obj_yf,obj_xr,e2.matched_agn@2,e2.matched_agn@1,inter.matched_agn@2,teacher.matched_agn@2,teacher.matched_agn@1,e2.err_vel,inter.err_vel,teacher.err_vel,e2.err_pos,e2.nn_dist,teacher.nn_dist,e2.max_score_2m,has_e2,in_gt,T_fix,M_fix,S_fix,S_cause_same,dT_S,dM_S,log,cat
000d6961709c5904,145038333dc551ef,vehicle,28.84038246915519,0.838557207143405,True,in_gt,1,2.31866660478767,T1,28.816769907858124,1.166804630054454,True,True,True,True,True,2.8950202,0.881906,0.49190915,0.45944154,0.45944154,0.099857174,0.6704529,True,True,False,False,False,True,58.333333333333336,0.0,2021.09.29.18.19.40_veh-28_01268_01685,E2+BEVF
00f20c2762515d09,f2a0c7c78f255581,vehicle,35.49478245962682,0.0,False,far,-1,3.0338279674188944,T1,35.44503513993205,1.8785807901747575,,,,,,,,,,,,,True,False,False,False,False,True,3.847456085948053e-05,-3.8122888257330345e-05,2021.09.16.14.39.34_veh-42_01609_01687,not_in_GT(far)
015ef5e7f5a55db8,a6431418d1e65858,vehicle,39.698872498268216,0.0,False,far,-1,4.038393597806576,T2,39.60030348706135,2.7957899360275036,,,,,,,,,,,,,True,False,False,False,False,True,0.0,0.0,2021.09.29.15.23.04_veh-28_00601_00802,not_in_GT(far)
019b86fe2e215b6e,2d58fe5ed31c53fc,vehicle,9.915917543285794,1.654036010045853,True,in_gt,1,14.358324126430103,T0,9.606181932289697,2.4590017098395713,True,True,True,True,True,0.4571379,0.9288306,0.09804867,0.25368232,0.25368232,0.07401823,0.9264441,True,True,True,True,False,True,40.74042115423658,41.684589460152004,2021.09.29.19.02.14_veh-28_00964_01689,E2+BEVF
01d061d9a66451ea,dd862f54bde95e9d,vehicle,3.226312289337776,9.257545716915223,True,in_gt,2,70.69226922090638,T1,1.0667534912347334,3.044852702064661,True,False,True,True,True,2.121351,1.7443056,1.5265129,1.313882,1.313882,0.28603044,0.673772,True,True,False,True,False,True,-0.00044300779339367935,41.674961991440995,2021.05.25.17.54.41_veh-35_01905_02121,E2+BEVF
022cc20c8dd45bc5,645c9628153a56a5,vehicle,10.72569854922071,1.2684359139008168,True,in_gt,0,12.561342053153671,T1,10.46896525647136,2.332675679890108,True,True,True,True,True,0.8734076,0.9040466,0.32331938,0.23948675,0.23948675,0.049835984,0.9243273,True,True,False,False,False,True,0.0,0.0,2021.09.29.19.02.14_veh-28_00273_00514,E2+BEVF
024d89a3e1e752dc,2c560411d895518b,vehicle,34.24500667546248,0.0,False,far,-1,3.798808826220475,T0,34.16976511879402,2.268839775946569,,,,,,,,,,,,,True,False,False,False,False,False,0.0,0.0,2021.09.29.18.19.40_veh-28_01268_01685,not_in_GT(far)
02f75336f9f55e4f,bd20237b782855bf,vehicle,23.77156976826487,0.0,False,in_gt,2,41.050667769477336,T2,17.92683297778275,15.611412128124899,True,True,True,True,True,0.023560561,0.02775291,5.9604645e-07,1.6108036,0.85496825,0.023868572,0.3881592,True,True,False,False,False,True,0.0,0.0,2021.08.30.14.54.34_veh-40_00439_00835,E2+BEVF
04f548a98d695310,a0e796ca904051e6,vehicle,14.549660302867181,6.917085168473611,True,in_gt,0,2.1756843855366474,T0,14.53917171074476,0.5523593887211308,True,True,True,True,True,0.3891903,0.43035138,0.2771384,0.18722473,0.18722475,0.038188964,0.9265002,True,True,False,False,False,True,0.0,0.0,2021.06.28.16.29.11_veh-38_00022_00368,E2+BEVF
04fbbb5817255f30,bb019a036b0c50b9,vehicle,16.556308685827638,3.503286500663137e-05,False,in_gt,16,43.703694517912666,T0,11.968929643268494,11.43923426173712,True,True,True,True,True,0.042752594,0.54290247,3.456575e-05,0.23394673,0.23394673,0.0493624,0.891262,True,True,False,False,False,True,0.0,0.0,2021.09.16.19.27.01_veh-45_01749_03230,E2+BEVF
0503cc398e2656be,42dc37bbfa085a84,vehicle,3.7481030887371922,4.402560923920269,True,in_gt,1,-63.92409989724117,T1,1.6475214421345903,-3.3665932129540153,True,True,True,True,True,1.1873536,0.6622734,0.3186154,0.57170236,0.57170236,0.12473304,0.8126955,True,True,False,False,False,True,-0.0009819184060844144,0.0002067719340859142,2021.09.29.19.02.14_veh-28_00964_01689,E2+BEVF
059ce9cd10135396,85fc59768c035e1d,vehicle,20.67960153459016,0.0,False,in_gt,0,2.540542885713003,T2,20.6592756802214,0.9166504230273862,False,False,False,True,True,,,5.9604645e-07,,3.5505188,0.12751208,0.0,True,True,False,False,False,True,58.333333333333336,0.0,2021.09.16.15.12.03_veh-42_01037_01434,BEVF_only
05f1c7e44f74538c,2aaeaeb6a15c53fd,static,20.527061804145706,0.0,False,in_gt,10,-11.089395995320448,T2,20.143786215734465,-3.948182266056585,True,True,True,True,True,0.0010421922,0.0031342611,5.4454882e-05,1.220928,0.39711165,0.011741252,0.71565723,True,True,True,False,False,True,41.666666666666664,0.0,2021.06.03.13.55.17_veh-35_02866_03582,E2+BEVF
06836a56443a572c,0367176a13025fd7,static,30.49700117408665,0.0,False,in_gt,26,-1.7674514357310387,T1,30.48249200922018,-0.9406176269187316,True,True,True,True,True,0.0052909385,0.0016605548,0.001587187,0.41700304,0.41700307,0.06599762,0.44921392,True,True,False,True,False,True,0.0,70.83333333333333,2021.09.09.18.04.06_veh-40_00743_01071,E2+BEVF
0695553567185c3c,ba1bf00024785184,VRU,27.39172843262284,0.07063332288355469,True,new,-1,4.251051864785177,T1,27.316368978002984,2.0304611259895413,,,,,,,,,,,,,True,False,False,False,False,True,0.0,0.0,2021.09.29.19.02.14_veh-28_00964_01689,not_in_GT(new)
06faec49379750a5,85fc59768c035e1d,vehicle,17.958174525108767,0.0,False,in_gt,0,2.1789887645348447,T2,17.94518944705589,0.6827942468558366,False,False,False,True,True,,,5.9604645e-07,,2.2444985,0.12554611,0.0,True,True,False,False,False,True,0.0,0.0,2021.09.16.15.12.03_veh-42_01037_01434,BEVF_only
071b435a4f4057e0,1644de30256851a9,vehicle,18.172441577978475,0.0,False,in_gt,4,0.7735851883948585,T2,18.170785244747776,0.2453497387349195,True,True,True,True,True,1.4804164,0.05479444,5.9604645e-07,0.09467847,0.09467846,0.025927216,0.94054776,True,True,False,False,False,True,0.0,0.0,2021.09.29.18.19.40_veh-28_00844_01218,E2+BEVF
07419a24b8e05171,b79467957bc3511e,vehicle,43.77167031826008,0.0,False,far,-1,0.33103426987182377,T2,43.77093974703513,0.25289545640570665,,,,,,,,,,,,,True,False,False,False,False,True,0.0,0.0,2021.09.29.14.44.26_veh-28_00528_00992,not_in_GT(far)
076f6be5815b547f,fc5c914951f352e6,static,25.381459581435184,0.0,False,new,-1,-17.09585318756067,T2,24.259961860861903,-7.461416822129283,,,,,,,,,,,,,True,False,False,False,False,True,0.0,0.0,2021.10.06.07.26.10_veh-52_01245_02064,not_in_GT(new)
07c46d77aba054ec,13b7ac2541e75b0d,vehicle,12.288333234159042,0.0,False,in_gt,0,-24.585556769584937,T0,11.17428544063975,-5.112580421357119,True,True,True,True,True,0.042691972,0.014569181,5.9604645e-07,0.47362015,0.47362015,0.010620735,0.6802365,True,True,True,False,True,,0.0,-100.0,2021.10.06.08.16.17_veh-52_01430_01579,E2+BEVF
082988f40658562c,bd20237b782855bf,vehicle,14.528432088830685,0.00029346930209834664,False,in_gt,0,9.340776146815081,T1,14.33579171323694,2.3580532043302656,True,True,True,True,True,0.009945719,0.016153648,0.00029346166,0.6164152,0.6164152,0.06815391,0.90896785,True,True,False,False,False,True,0.0,0.0,2021.08.30.14.54.34_veh-40_00439_00835,E2+BEVF
08a8fc71ab1b57c2,9df3805605e6596b,VRU,40.768253166150075,1.1352949088910393,True,far,-1,7.016340703277039,T2,40.46295416041414,4.979940444576577,,,,,,,,,,,,,True,False,False,False,False,True,0.004583308126937524,0.003263316472945643,2021.09.09.18.29.25_veh-39_00427_00556,not_in_GT(far)
09027c0129cd568b,9d0b14004c5956c2,vehicle,18.545815312724233,0.0,False,in_gt,0,-2.51515714176707,T1,18.527949154488564,-0.8138585518154873,True,False,True,True,True,0.16287617,1.7690482,5.9604645e-07,1.5255373,1.5255373,0.062268168,0.7884887,True,True,False,False,False,True,58.333333333333336,0.0,2021.09.29.14.44.26_veh-28_01509_01628,E2+BEVF
0a44947ca9e85579,0c2f226a65225a97,vehicle,22.64895062778884,4.39276673677584,True,in_gt,0,7.028148282141141,T0,22.47877003364731,2.7712564504960664,True,True,True,True,True,1.5339572,2.1360154,0.021844326,0.25408942,0.25408944,0.04744317,0.8983323,True,True,False,False,False,True,0.0,0.0,2021.09.29.19.02.14_veh-28_00964_01689,E2+BEVF
0aa8c67f04b75a41,be7708479a1a50ce,vehicle,19.71121116814564,6.196080952373416,True,in_gt,1,-8.396746643448488,T1,19.49991932803893,-2.878366188517889,True,True,True,True,True,0.91900843,0.09198838,0.1317227,0.6289569,0.6289569,0.075436525,0.9715758,True,True,False,False,False,True,-0.0001264887441343454,4.330718483824825e-05,2021.06.03.13.55.17_veh-35_02866_03582,E2+BEVF
0aee34efc8445718,91f5e61ef76450eb,vehicle,17.79953741544482,6.4441267326087965,True,in_gt,1,0.4038065696748346,T0,17.799095358295897,0.1254457257524475,True,True,True,True,True,0.14978784,0.2118887,0.29091656,0.23174597,0.23174597,0.059202284,0.9665599,True,True,False,False,False,True,0.0,0.0,2021.06.03.13.55.17_veh-35_02866_03582,E2+BEVF
0d74b112df715917,67740b7f8a4f505f,vehicle,20.427633068483686,0.0,False,in_gt,1,-41.26514200931484,T1,15.35474765109093,-13.472932767290342,True,True,True,True,True,0.092867434,0.10100423,5.9604645e-07,0.3612729,0.3612729,0.48042557,0.87011415,True,True,False,False,False,True,0.0,0.0,2021.09.16.13.53.10_veh-42_00860_01069,E2+BEVF
0da1e53d70565ba4,56b7bb1b38875710,vehicle,27.21620213645285,3.7119212318947503,True,in_gt,0,1.2869926299469965,T0,27.209336415935212,0.6112859696758779,True,True,True,True,True,1.2856934,2.230566,1.1567264,0.6370696,0.3127836,0.624757,0.40798384,True,True,False,False,False,True,0.0,0.0,2021.09.29.19.02.14_veh-28_00964_01689,E2+BEVF
0dd3297ee86d56c9,a7eeeb057ff05ef2,vehicle,11.76286586176736,0.0,False,in_gt,3,-10.77246911880169,T1,11.555570933974103,-2.1985890183990353,True,True,True,True,True,1.1097326,0.21419847,5.9604645e-07,0.9127418,0.9127418,0.1459296,0.90827674,True,True,False,False,False,True,0.0,0.0,2021.06.03.17.06.58_veh-35_02943_03220,E2+BEVF
0df6533b550c58c1,de4cd654ba635092,vehicle,22.875328476126608,0.0,False,in_gt,8,-9.859439439385783,T2,22.53747795861067,-3.916981000187148,True,False,True,True,True,0.0011768175,0.048766986,5.9604645e-07,1.6262934,1.6262934,0.027043475,0.96118903,True,True,False,False,False,True,0.0,0.0,2021.06.28.15.02.02_veh-38_02398_02848,E2+BEVF
0dfdaa7ed7445e7c,325b42e8d7725ccc,vehicle,30.673768202520968,0.0,False,in_gt,6,-7.728325149181505,T0,30.39515346599062,-4.124888061616318,False,False,False,True,True,,,5.9604645e-07,,2.1538246,0.1917916,0.20217729,True,True,False,False,False,True,0.0,0.0,2021.08.30.13.45.25_veh-40_00878_01104,BEVF_only
0e272e003af65a71,091c0ee77bc55cd6,vehicle,14.687038913075996,1.275517121827473,True,in_gt,0,-9.237116540410847,T2,14.49658453015466,-2.357572691199387,True,True,True,True,True,1.1652414,1.2504003,0.05636185,0.44148102,0.44148102,0.027675321,0.8171184,True,True,False,False,False,True,0.0001527037882809168,0.0011272496783232278,2021.09.29.18.19.40_veh-28_00438_00833,E2+BEVF
0ea5bbb7337d5a56,d72648534b7658fe,static,12.844112875502454,0.0,False,in_gt,19,-0.16174172321110425,T1,12.844061698753173,-0.03625792699073216,False,False,True,True,True,,0.009027279,0.0003201789,,2.1357508,0.019579865,0.0,True,True,True,False,False,True,38.362077954670326,0.0,2021.06.28.20.24.43_veh-38_03385_04952,BEVF_only
0fc778045313531b,2048ca1ece495b56,static,37.36084969879331,0.0,False,far,-1,-3.023618523772175,T2,37.30883876058114,-1.9706954490186284,,,,,,,,,,,,,False,False,False,False,False,True,0.0,0.0,2021.06.28.13.53.26_veh-26_00492_00696,not_in_GT(far)
0ffcae2811b257ee,97200d6aaacc5db8,vehicle,25.83561579806739,5.82104908343907,True,in_gt,0,29.256269851038432,T2,22.54009006908211,12.626297293467125,False,False,False,True,True,,,1.1687373,,2.7420967,0.66202086,0.26542774,True,True,False,False,False,True,0.0,0.0,2021.09.16.19.49.00_veh-42_00990_01609,BEVF_only
10909749099354e6,b50a2da64acf5332,vehicle,11.197613536967745,0.0,True,in_gt,0,-25.06925270571653,T1,10.142757040833088,-4.744578857381773,True,True,True,True,True,0.02559633,0.039863974,5.9604645e-07,0.46030107,0.46030107,0.05688844,0.9431555,True,True,False,False,False,True,0.0,0.0,2021.09.16.19.27.01_veh-45_01749_03230,E2+BEVF
10b9d1b254f35a74,25d2a3e908035434,vehicle,25.352555648329176,0.0,False,in_gt,1,5.400784503699659,T0,25.24000743862733,2.386231841138793,True,True,True,True,True,2.1567757,1.6468745,5.9604645e-07,0.5498262,0.5498262,0.031713378,0.86308616,True,True,True,False,False,True,89.32204895808088,0.0,2021.08.30.13.45.25_veh-40_00878_01104,E2+BEVF
10db4b6fe64b5c10,feb266c6207e51ca,vehicle,15.76675764752958,0.0,False,in_gt,0,-32.68636186831662,T0,13.269923684424137,-8.514679801700815,True,False,True,True,True,1.1294831,0.8840795,5.9604645e-07,1.0462366,1.0462366,0.012076524,0.49464807,True,True,False,False,False,True,0.0,0.0,2021.09.09.18.04.06_veh-40_00555_00731,E2+BEVF
11482e143a4e5dec,d1d4a2185da858d6,vehicle,11.683412104118498,3.0304132482001767,True,in_gt,1,-10.259148925691795,T0,11.496620880824889,-2.0808235670627604,True,True,True,True,True,0.8973092,0.69484735,0.56356245,0.38783205,0.38783205,0.04224556,0.6869098,True,True,False,False,False,True,0.0,0.0,2021.06.28.21.16.05_veh-14_00957_01198,E2+BEVF
1295e8271e37569f,0944cd268261519a,vehicle,23.01741830192882,3.1595724985558143e-06,False,in_gt,0,0.037456587109724424,T2,23.017413383371444,0.015047423729692255,True,True,True,True,True,0.0063064606,0.0290011,3.5937292e-06,0.6415811,0.6415811,0.112299524,0.9626923,True,True,False,False,False,True,0.0,0.0,2021.06.28.21.47.53_veh-35_00280_00424,E2+BEVF
131a036a111e54f3,bd1ace3f6b8d5904,vehicle,3.8617280752945073,0.0,True,behind,-1,-123.3217160699482,T1,-2.1214000159668664,-3.2268569382254304,,,,,,,,,,,,,True,False,False,False,False,True,0.0,0.0,2021.10.06.07.26.10_veh-52_00422_00728,not_in_GT(behind)
1379782dce4751e4,a00af0f16afc5fef,vehicle,12.74248148600186,15.195233537794671,True,behind,-1,169.66834289406074,T2,-12.535876112278169,2.2853105956770454,,,,,,,,,,,,,True,False,False,False,False,True,-58.333333333333336,0.0,2021.06.28.16.29.11_veh-38_01415_01821,not_in_GT(behind)
13b137cecf4b57e9,8843c8f4468a5b9f,vehicle,18.79095185618665,1.6156765318625728,True,in_gt,0,2.1830519382584406,T1,18.77731390549189,0.7157891841494681,True,False,True,True,True,0.113332,1.6474332,0.51163465,1.1169723,1.1169723,0.052821595,0.9549715,True,True,False,False,False,True,0.0,0.0,2021.09.29.19.02.14_veh-28_00964_01689,E2+BEVF
143234de18d5587f,1656b3125ed35926,static,30.30526089504911,0.0,False,in_gt,7,-4.1870826794895475,T2,30.22437504496338,-2.2126886492201283,True,False,True,False,False,0.010337228,0.06883611,,1.088497,1.0884969,2.6183877,0.35338897,True,True,False,False,False,True,0.0,0.0,2021.08.30.14.54.34_veh-40_00439_00835,E2_only
148188e5281e53cd,04f4f17b0d865512,vehicle,19.23065329040333,0.0,False,in_gt,0,0.46836677286382766,T1,19.23001076764632,0.15720003787200376,True,True,True,True,True,2.575306,3.3495138,5.9604645e-07,0.6417529,0.6417529,0.012934525,0.94047606,True,True,True,False,False,True,96.13317429687567,0.0,2021.09.16.19.27.01_veh-45_01749_03230,E2+BEVF
14b6e7ce317d531f,5344f27c377c57b2,vehicle,25.9639138933777,1.9753842716406413,True,in_gt,0,-8.269653920100739,T1,25.693943893582066,-3.7344439821998243,True,True,True,True,True,0.6612723,1.0848824,0.2630299,0.968085,0.968085,0.040163778,0.9439507,True,True,False,False,False,True,0.0,0.0,2021.08.30.14.54.34_veh-40_00439_00835,E2+BEVF
14b839d065b358d0,3cbf38a0d6315f78,static,29.28459259232114,0.0,False,in_gt,7,-1.6841712091919716,T1,29.27194216682268,-0.8606771057827967,False,False,True,True,True,,0.0031839416,0.0019569532,,2.300775,0.02279991,0.22193189,True,True,True,False,True,,0.0,-41.666666666666664,2021.08.30.13.45.25_veh-40_00878_01104,BEVF_only
14cb24f3f9fc51c8,31fc257c8d665120,vehicle,9.362452815099886,2.3750993038230227e-05,False,in_gt,0,-1.242546681905433,T2,9.36025129432344,-0.2030232057872432,True,True,True,True,True,0.009798666,0.06630097,0.34683427,0.055953264,0.055953264,0.054838624,0.96305525,True,True,False,False,False,True,0.0,0.0,2021.08.30.13.45.25_veh-40_00878_01104,E2+BEVF
1508ee5a37ef5588,88ba661cafad5d92,vehicle,30.785700657361588,0.0,False,in_gt,5,24.488028217345637,T1,28.016462231141663,12.760768355224009,False,False,True,True,True,,0.22915354,5.9604645e-07,,3.3841891,0.070043005,0.29941675,True,True,False,False,False,True,0.0,0.0,2021.09.16.19.49.00_veh-42_00990_01609,BEVF_only
150bfebecc525d57,b1ce68359f0f59fd,vehicle,17.78507053635627,0.0,False,in_gt,1,19.67825671955367,T2,16.746393994966464,5.988908260152181,True,True,True,True,True,0.008805865,0.0568817,5.9604645e-07,0.7804787,0.7804787,0.046585027,0.7452811,True,True,False,False,False,True,0.0,0.0,2021.09.16.19.49.00_veh-42_00990_01609,E2+BEVF
150c33d5cd005743,1644de30256851a9,vehicle,14.535287879092408,0.0,False,in_gt,3,0.9929246280566076,T2,14.533105299581887,0.25188108177381263,True,True,True,True,True,0.23140322,0.025079641,5.9604645e-07,0.48518533,0.48518533,0.1067138,0.7513649,True,True,False,False,False,True,0.0,0.0,2021.09.29.18.19.40_veh-28_00844_01218,E2+BEVF
157c6c5b1b9d5608,8843c8f4468a5b9f,vehicle,22.65960442849048,3.392314587773845,True,in_gt,0,1.3261017603374037,T1,22.653535508953247,0.5244061405624674,True,False,True,True,True,1.2747092,2.897278,0.2726395,1.3293494,1.3293494,0.07264969,0.9630568,True,True,False,False,False,True,0.0,0.0,2021.09.29.19.02.14_veh-28_00964_01689,E2+BEVF
159b8a11bd775e91,091c0ee77bc55cd6,vehicle,10.647578268573346,0.0,False,in_gt,0,-13.882702222432446,T1,10.336551465243675,-2.5547263633830144,True,True,True,True,True,0.014339554,0.009998229,5.9604645e-07,0.06479858,0.06479857,0.018381882,0.77081394,True,True,False,False,False,True,0.0,0.0,2021.09.29.18.19.40_veh-28_00438_00833,E2+BEVF
166d08e80654527d,2d21c107a2315ed8,static,19.04594548153241,0.0,False,in_gt,10,3.183039981899674,T2,19.016562236016487,1.057544329669664,False,False,True,False,False,,2.9216821,,,2.242747,5.61659,0.0,True,True,True,True,False,True,41.666666666666664,41.666666666666664,2021.09.29.18.19.40_veh-28_00438_00833,neither
177b58cd935356f2,85fc59768c035e1d,vehicle,23.667415780859493,0.0,False,in_gt,0,3.058941680709225,T2,23.633693665136484,1.262970105174551,False,False,True,True,True,,2.252855,5.9604645e-07,,3.4780874,0.09100449,0.0,True,True,False,False,False,True,0.0,0.0,2021.09.16.15.12.03_veh-42_01037_01434,BEVF_only
178d9a3c6c6852a4,f0e6b9547eb059b4,vehicle,31.003197577306018,3.614989177561472,True,in_gt,0,3.247021136921967,T0,30.953425562317808,1.7560483978308277,True,True,True,True,True,1.1404982,0.16918729,0.42345127,0.7621829,0.7621829,0.29016617,0.33633915,True,True,False,False,False,True,0.0011603050927067038,-0.0009091847487430194,2021.09.29.14.44.26_veh-28_00528_00992,E2+BEVF
179ca3af622e5e0d,8843c8f4468a5b9f,vehicle,16.754039089284394,0.926830001431744,True,in_gt,0,2.564745406656262,T2,16.737256449777824,0.7497148388821202,True,True,True,True,True,0.9465612,0.9341354,0.2985362,0.36119014,0.36119014,0.05653039,0.9573331,True,True,False,False,False,True,-0.00014838801429828408,0.004378863318499349,2021.09.29.19.02.14_veh-28_00964_01689,E2+BEVF
1814002af9f253c6,104f4f5e290a5060,vehicle,14.674135067549008,0.0,False,in_gt,12,7.013277184717465,T2,14.56434148879135,1.791702257224257,True,True,True,True,True,0.09068389,0.025324382,0.34180245,0.7711062,0.7711062,0.03278138,0.90250576,True,True,False,False,False,True,0.0,0.0,2021.06.28.16.29.11_veh-38_03263_03766,E2+BEVF
18d232e64db55ba9,d2b222744093511c,vehicle,38.97690323663929,0.0,False,far,-1,-0.4079982739987766,T2,38.975915032003314,-0.27754880003414684,,,,,,,,,,,,,True,False,False,False,False,True,0.0,0.0,2021.09.29.19.02.14_veh-28_00273_00514,not_in_GT(far)
191dc35423a85d10,0deda54459fe5c31,vehicle,34.89329123605866,0.0,False,far,-1,0.8481158921819573,T2,34.88946854547058,0.5164861072935611,,,,,,,,,,,,,True,False,False,False,False,True,0.0,0.0,2021.09.16.17.40.09_veh-45_02539_02745,not_in_GT(far)
1975d15fde2955ff,a4c6f8a68ee553f5,vehicle,48.2763378897649,10.412160907661733,True,side,-1,-69.34180070922257,T2,17.031519662617796,-45.17224964542516,,,,,,,,,,,,,True,False,False,False,False,True,0.0,0.0,2021.09.09.17.18.51_veh-48_01462_01552,not_in_GT(side)
1979ed31b57b59ea,b1cb9a2761d15bf0,vehicle,14.93750319147499,1.2114507647177466,True,in_gt,0,8.086100193132832,T1,14.788991709389773,2.101124892748185,True,True,True,True,True,1.2016764,0.34802902,0.05540414,0.23246354,0.23246352,0.09690982,0.9540772,True,True,False,False,False,True,0.0,0.0,2021.06.03.13.55.17_veh-35_02866_03582,E2+BEVF
19a79abcf14059d2,64c04f9377795776,vehicle,50.8964656165612,7.001850623028238,True,far,-1,-1.1647097082616935,T2,50.88595004701398,-1.034553077707944,,,,,,,,,,,,,True,False,False,False,False,True,0.0,0.0,2021.09.09.18.04.06_veh-40_00555_00731,not_in_GT(far)
1a0605b15ce0596b,c8878a49fbba5c70,VRU,9.301173991918146,1.5017341151985086,True,in_gt,9,-24.384845048250003,T1,8.471443202271569,-3.84011558401845,False,False,True,True,True,,1.5000095,0.25029624,,8.863217,0.03395909,0.28513288,True,True,False,False,False,True,0.0,0.0,2021.10.06.07.26.10_veh-52_01245_02064,BEVF_only
1a442597212150c2,2048ca1ece495b56,static,32.48270587620027,0.0,False,far,-1,-2.2969777002135108,T2,32.456606367630386,-1.3018771587327813,,,,,,,,,,,,,False,False,False,False,False,True,0.0,0.0,2021.06.28.13.53.26_veh-26_00492_00696,not_in_GT(far)
1a46cad936c05c2b,a6431418d1e65858,vehicle,27.834413364351107,0.0,False,in_gt,3,5.627880840113971,T0,27.700245844282087,2.729642376557875,True,True,True,True,True,0.0045309546,0.16716799,5.9604645e-07,0.6039796,0.6039795,0.09665899,0.43289727,True,True,False,False,False,True,0.0,0.0,2021.09.29.15.23.04_veh-28_00601_00802,E2+BEVF
1b1a37c517e45fbd,fe80dd284bcc590c,vehicle,14.397141766886298,2.3636468155398096,True,in_gt,0,-4.684957137943012,T1,14.349038975744273,-1.1759130615796543,True,True,True,True,True,1.5162065,1.7060996,0.11186403,0.58757555,0.58757555,0.051762596,0.8110682,True,True,False,False,False,True,0.0,0.0,2021.09.16.19.49.00_veh-42_00990_01609,E2+BEVF
1b4499d988b052ce,fe80dd284bcc590c,vehicle,27.733993122826796,3.465525294785799,True,in_gt,0,-7.7232171392731574,T2,27.48241321982878,-3.7271085510868103,True,True,True,True,True,0.931605,3.458563,0.13973106,0.12044133,0.12044133,0.041649472,0.54877365,True,True,False,False,False,True,0.0,0.0,2021.09.16.19.49.00_veh-42_00990_01609,E2+BEVF
1b5521472b795718,266204a7f94e50a1,vehicle,21.1646615542531,0.0,False,in_gt,5,16.401470033837104,T1,20.303402271593942,5.976182301763657,True,False,False,True,True,0.0075782626,,5.9604645e-07,1.4223293,1.4223293,0.00863909,0.7189723,True,True,False,False,False,True,0.0,0.0,2021.09.09.14.18.22_veh-48_01503_01761,E2+BEVF
1c047acccbcb548f,bd1ace3f6b8d5904,vehicle,4.5857970332364015,2.536308414874023,True,behind,-1,-135.78650768614057,T1,-3.286853586427835,-3.19783175470916,,,,,,,,,,,,,True,False,False,False,False,True,0.0002821660758711708,-0.0005507304266072488,2021.10.06.07.26.10_veh-52_00422_00728,not_in_GT(behind)
1c078ca2e3625bb0,9744396e7fb35fa4,vehicle,40.66148475839038,0.0,False,far,-1,1.5965504770106784,T1,40.64569973684895,1.1328881933935513,,,,,,,,,,,,,True,False,False,False,False,True,0.0,0.0,2021.09.09.18.29.25_veh-39_00569_00903,not_in_GT(far)
1cddfddca0bd560a,31fc257c8d665120,vehicle,24.153962565902876,3.8030275141724093,True,in_gt,0,0.5984160080430768,T1,24.152645172191768,0.2522673606297978,True,True,True,True,True,0.40188438,0.6270776,0.114099644,0.63011193,0.63011193,0.07856915,0.9597102,True,True,False,False,False,True,0.0,0.0,2021.08.30.13.45.25_veh-40_00878_01104,E2+BEVF
1ce94ab175d8507a,e10da004cd1056d3,vehicle,20.197594986163104,0.5778510225222091,True,in_gt,8,-57.67264367558719,T2,10.800782386520908,-17.067101191007822,True,True,True,True,True,0.5765414,0.5731534,0.5778506,0.51239485,0.5123948,0.04717485,0.7451939,True,True,False,False,False,True,0.0,0.0,2021.09.16.19.27.01_veh-45_01749_03230,E2+BEVF
1e1913cd8d035225,def4c948101a5350,vehicle,20.278011860846874,0.0002479090114531858,False,in_gt,0,-0.9851614406303631,T2,20.275014395142485,-0.3486492584410925,True,True,True,True,True,0.006383981,0.003171719,0.00024832707,0.51921266,0.5091956,0.077204295,0.4225948,True,True,False,False,False,True,0.0,0.0,2021.09.29.18.19.40_veh-28_00438_00833,E2+BEVF
1e4df42d4cea5416,27ed3cdbe0bf5e5e,vehicle,49.8297052644703,9.937176620618134,True,far,-1,5.919270127918796,T2,49.56402269059898,5.138791829775565,,,,,,,,,,,,,True,False,False,False,False,True,0.0,0.0,2021.09.16.19.27.01_veh-45_01749_03230,not_in_GT(far)
1e78181bb1c150e4,46d71c4d7d2958cf,vehicle,9.183832895640707,0.0,False,in_gt,1,9.722717117084091,T1,9.05192171555025,1.550967411199275,True,True,True,True,True,0.029997291,0.019000748,5.9604645e-07,0.15216553,0.15216555,0.040920712,0.62980515,True,True,False,False,False,True,0.0,0.0,2021.05.25.15.59.03_veh-30_03499_03671,E2+BEVF
1e80afcdb0b65cc4,3ff3cc8f10195010,vehicle,16.999396781860554,7.851592457839053,True,in_gt,1,0.6389022578912292,T0,16.998339909364294,0.1895554611295377,True,True,True,True,True,0.41898614,0.90418583,0.31536177,0.12654512,0.12654512,0.03864528,0.9703391,True,True,False,False,False,True,0.0,0.0,2021.06.28.16.29.11_veh-38_03263_03766,E2+BEVF
1e92a7ac3d645cdd,aa115a4c04445496,vehicle,25.56534734441781,1.5535653927316253,True,in_gt,0,0.6968256575831713,T1,25.563456658669065,0.31091558513374734,True,True,True,True,True,2.0598257,1.8094506,0.25212538,0.3675264,0.3675264,0.05175927,0.9558515,True,True,False,False,False,True,-0.00022381115506453497,0.00012235962957296564,2021.06.28.16.29.11_veh-38_03263_03766,E2+BEVF
1f2bbc5cb66b523a,6ebfbe4527255363,vehicle,27.942023486999304,4.898762376083266,True,in_gt,1,5.435150874416269,T1,27.816397321381118,2.64664251592127,True,False,True,True,True,1.1411253,3.5677822,0.18280779,1.291218,1.2912182,0.018377922,0.93935657,True,True,False,False,False,True,0.0,0.0,2021.06.28.20.24.43_veh-38_03385_04952,E2+BEVF
1f5144778210505c,45910e05652d5fce,vehicle,14.015884401445495,3.9393796192863575,True,in_gt,0,-0.20557601769843126,T0,14.01579418417607,-0.05028858219724874,True,True,True,True,True,0.2044596,0.5298161,0.6239339,0.5090589,0.5090589,0.10967178,0.94140714,True,True,False,False,False,True,0.0,0.0,2021.09.29.18.19.40_veh-28_00844_01218,E2+BEVF
1f53a73b41095041,e141d2c6f1dc5248,vehicle,25.075890208488225,0.0,False,in_gt,7,-0.26607162012680774,T2,25.075619826705697,-0.11644764780706862,True,True,True,True,True,0.009436709,0.14553112,5.9604645e-07,0.46946552,0.46946552,0.028137915,0.9019318,True,True,False,False,False,True,0.0,0.0,2021.06.28.21.47.53_veh-35_00280_00424,E2+BEVF
1f90968aaeb55128,2f615f6152885cf2,vehicle,25.51037884438971,0.0,False,in_gt,0,2.2143128571118016,T2,25.49133013502987,0.985655483018304,False,False,False,True,True,,,5.9604645e-07,,2.182633,0.2081116,0.0,True,True,False,False,False,True,8.638780539804713e-05,3.9521596673086634e-05,2021.09.09.17.18.51_veh-48_01248_01450,BEVF_only
1fc2b1630a0e5c53,3bb202e89e5f584f,static,32.81170935820973,0.0,False,far,-1,-2.2189976601153796,T0,32.78710494571377,-1.2704409810690187,,,,,,,,,,,,,True,False,False,False,False,True,0.00485353874832839,0.00018313892017340905,2021.09.09.18.29.25_veh-39_00969_01184,not_in_GT(far)
1ff00d6929bb5569,56b7bb1b38875710,vehicle,16.776046161861874,1.1512150944943556,True,in_gt,0,10.80290752620035,T0,16.478736720569604,3.144353815821529,True,True,True,True,True,0.7092951,0.6611703,0.34885845,1.0303727,0.7218459,0.10051751,0.7328109,True,True,False,False,False,True,42.07151561367273,0.0,2021.09.29.19.02.14_veh-28_00964_01689,E2+BEVF
205dd2add8b357f6,b79467957bc3511e,vehicle,12.495825407035959,2.9263952963994897,True,in_gt,0,-0.9198829336313594,T0,12.494214963574459,-0.20061168240527927,True,True,True,True,True,0.51220125,0.49692515,0.43098134,0.23632689,0.23632689,0.041241508,0.9547351,True,True,False,False,False,True,0.0,0.0,2021.09.29.14.44.26_veh-28_00528_00992,E2+BEVF
206322cf0cf45186,05e67f36e57753e2,vehicle,19.211689974482002,1.013472078740607,True,in_gt,0,-2.6412319158678965,T1,19.191280751388973,-0.8853105652703608,True,True,True,True,True,0.98446316,0.8246498,0.15076992,0.14308809,0.14308809,0.011588125,0.61442167,True,True,False,False,False,True,0.0,0.0,2021.09.09.18.04.06_veh-40_00555_00731,E2+BEVF
20911cdf7e285a63,a6431418d1e65858,vehicle,35.77327474026278,0.0,False,far,-1,4.3717807970804206,T0,35.66918942101262,2.7269234844865657,,,,,,,,,,,,,True,False,False,False,False,True,-58.333333333333336,0.0,2021.09.29.15.23.04_veh-28_00601_00802,not_in_GT(far)
20ae5f5df50a5865,4f77dfd5a19e514a,static,19.56353743060464,0.0,False,in_gt,0,-3.322880599567245,T0,19.530646219368997,-1.133955489653923,True,True,True,False,False,0.0067681754,0.007991166,,1.1175556,0.24101558,3.5851314,0.5465825,True,True,False,False,True,,0.0,0.0,2021.06.28.20.24.43_veh-38_03385_04952,E2_only
20ffc5c3de7c591a,fcbd5f8add3f5723,static,16.503643409316588,0.0,False,in_gt,5,-3.7575060106954927,T0,16.468166295573276,-1.0815473374860876,False,False,False,True,True,,,0.0015915565,,3.4993181,0.041023977,0.0,True,True,True,True,True,,-0.0009224908329663606,-0.014736931348502402,2021.09.09.14.18.22_veh-48_01298_01492,BEVF_only
2115792748a75f88,0aa6ebe3d5695057,static,27.093984975472,0.0,False,in_gt,10,-0.41034395517328043,T2,27.093290124212356,-0.1940414810286022,False,False,False,True,True,,,0.001010763,,3.9926593,0.10769806,0.20250267,True,True,False,False,False,True,0.0,0.0,2021.05.25.14.16.10_veh-35_01100_01664,BEVF_only
216b31d31f085114,c0e751485e335090,vehicle,55.4959997574426,9.44901833312324,True,far,-1,6.583201642250655,T2,55.13008249574151,6.362388945262923,,,,,,,,,,,,,True,False,False,False,False,True,-0.011494186054311628,-6.663085982960837e-05,2021.09.16.19.27.01_veh-45_01749_03230,not_in_GT(far)
21bc638f113e5f63,e0ead137ab3a56db,vehicle,24.77756448014106,0.0,False,in_gt,0,-0.638684993886671,T2,24.776025077305455,-0.27619365720281763,False,False,True,True,True,,0.12004207,5.9604645e-07,,2.4025474,0.012034023,0.26545855,True,True,False,False,False,True,0.0,0.0,2021.09.16.19.27.01_veh-45_01749_03230,BEVF_only
21c961133b0c52d5,fa4bcb5242845cff,vehicle,36.22525456170356,4.679104220168866,True,far,-1,-0.2271760891881293,T0,36.22496981359074,-0.14363169797921493,,,,,,,,,,,,,True,False,False,False,False,True,0.0008469163631508181,0.0001735206211939122,2021.09.09.18.29.25_veh-39_00427_00556,not_in_GT(far)
22021c2141625fce,ee77aacbe04a54fd,VRU,21.956647638169756,1.5840248061412536,True,in_gt,0,7.249872857816257,T2,21.78110928416305,2.7708579642579405,True,False,True,True,True,1.4839959,1.6878557,0.12062094,1.2547004,1.2547004,0.17263329,0.31337062,True,True,False,True,True,,0.0,85.30785681623162,2021.10.06.07.26.10_veh-52_01245_02064,E2+BEVF
229de058ec7b59bd,a0e796ca904051e6,vehicle,14.823026757882696,8.701692612077814,True,in_gt,0,4.045875695336149,T0,14.786085963128837,1.0458413626696625,True,True,True,True,True,0.6038065,0.95282054,0.015711715,0.46899962,0.46899962,0.049993675,0.6682323,True,True,False,False,False,True,0.0,0.0,2021.06.28.16.29.11_veh-38_00022_00368,E2+BEVF
22b526a96ad65c88,3ce080846aa957ac,vehicle,30.415746032798154,3.4951187535452726,True,in_gt,0,4.414983030893062,T1,30.325492047134823,2.3413967692040902,False,False,False,True,True,,,0.070458084,,4.119564,0.1740593,0.23317704,True,True,False,False,True,,-41.65093973993095,-41.64478417739353,2021.09.29.15.23.04_veh-28_00814_01101,BEVF_only
22c1a51ffc1f5022,9836e98c2e3f5322,vehicle,19.147082279700484,2.15323190553721,True,in_gt,0,-5.934301898411326,T1,19.044474959698203,-1.9795790802714581,True,True,True,True,True,2.1381552,0.46051663,0.2551466,0.45890623,0.45890623,0.11391441,0.968875,True,True,False,False,False,True,0.0,0.0,2021.05.25.17.54.41_veh-35_04111_04288,E2+BEVF
2352a994954555ba,fca1c652f4975806,vehicle,5.483691438653944,0.0,True,behind,-1,177.99895438504473,T1,-5.480347428541802,0.19147808449483938,,,,,,,,,,,,,True,False,False,False,False,True,0.0,0.0,2021.06.03.18.47.39_veh-35_00503_00777,not_in_GT(behind)
23d71fb39b0456f5,4d01fe5fdc745fd5,static,15.350149003370547,0.0,False,in_gt,9,-3.1775618687968743,T1,15.326548892149246,-0.8508663127874323,True,True,True,False,False,0.006527468,0.009069261,,0.36550552,0.15067677,0.58260345,0.9219827,True,True,False,False,False,True,0.0,0.0,2021.05.25.15.59.03_veh-30_03499_03671,E2_only
2488018e08b35c68,34b9a6c274b75025,vehicle,26.21855221561027,0.0,False,in_gt,5,7.525483750722004,T1,25.992724182034365,3.433769048635652,True,True,True,True,True,0.015233487,0.009324813,5.9604645e-07,0.20719929,0.20719928,0.11469217,0.47029328,True,True,False,False,False,True,0.0,0.0,2021.09.09.14.18.22_veh-48_00322_00895,E2+BEVF
24acfb08c5ef55f5,ad35e8a82fd05220,vehicle,22.17926406136197,3.0800502839539035,True,in_gt,0,0.49374160793117905,T1,22.17844055181635,0.19112559527894746,True,True,True,True,True,2.3763888,0.9518604,0.08167148,0.4121117,0.4121117,0.051887598,0.97014654,True,True,False,False,False,True,0.0,0.0,2021.06.03.18.47.39_veh-35_00257_00492,E2+BEVF
253adcf13a3f5c15,c9d09ed9289659c3,vehicle,8.209622950163983,0.0,True,behind,-1,-179.19066614863613,T2,-8.208803927082766,-0.11596150468895372,,,,,,,,,,,,,True,False,True,False,False,True,41.666666666666664,0.0,2021.06.28.16.29.11_veh-38_01415_01821,not_in_GT(behind)
2567ec8e92d05eb6,e0ead137ab3a56db,vehicle,28.28527692240146,0.0,False,in_gt,0,-0.5838133934660964,T2,28.283808572612735,-0.2882068783619882,True,True,True,True,True,1.4790046,2.3885474,5.9604645e-07,0.9889651,0.9889651,0.059559677,0.57825536,True,True,False,False,False,True,0.0,0.0,2021.09.16.19.27.01_veh-45_01749_03230,E2+BEVF
259c9d9aac5457fc,24619553bd5352e9,vehicle,21.12107381321657,0.0,False,in_gt,5,7.61322948333053,T1,20.934891042493582,2.798230880800347,True,True,True,True,True,0.024022542,0.044080015,5.9604645e-07,0.47287995,0.47287995,0.087090686,0.83147466,True,True,False,False,False,True,-0.0001741352652517847,-0.00013546517250162537,2021.09.09.14.18.22_veh-48_01503_01761,E2+BEVF
25b719c231d85e56,4d01fe5fdc745fd5,static,17.660457192562667,0.0,False,in_gt,11,-4.384365940598516,T1,17.608776497911343,-1.350088329311662,True,True,True,True,True,0.009477829,0.0051746066,0.0045652078,0.4603886,0.23435068,0.045279678,0.90667385,True,True,False,False,False,True,0.0,0.0,2021.05.25.15.59.03_veh-30_03499_03671,E2+BEVF
269e03fbbb4c5856,22e45cd5140a5238,vehicle,23.130703596464894,0.0,False,in_gt,3,-2.2893604274756383,T2,23.112241367008735,-0.9239847729503801,True,False,True,True,True,0.012882206,0.0154507235,5.9604645e-07,1.8198202,1.8198202,0.030364873,0.82980007,True,True,False,True,False,True,0.0,41.666666666666664,2021.06.28.16.57.59_veh-26_00016_00484,E2+BEVF
26a1ceab4d455a77,5e9d47d6d16e5269,static,21.687363976685358,0.0,False,in_gt,0,-2.4597913257738266,T0,21.667380946991646,-0.9307841614322232,True,True,True,True,True,0.000570667,0.0035035976,0.0017841624,0.15056449,0.15056449,0.053800583,0.51696426,True,True,False,False,False,True,0.0,0.0,2021.06.28.13.53.26_veh-26_00492_00696,E2+BEVF
26a78d23b1075252,bcb628ced1725f06,vehicle,17.662764811917615,3.479972528039721,True,in_gt,0,0.13100982802767205,T1,17.66271863860965,0.04038681005444961,True,True,True,True,True,1.2242142,0.06929079,0.16662504,0.514619,0.514619,0.04067373,0.9610453,True,True,False,False,False,True,0.0,0.0,2021.06.28.20.24.43_veh-38_03385_04952,E2+BEVF
26c48df074d151c6,724c77e32bd95ab4,vehicle,19.785099578205152,0.0,False,in_gt,3,5.3976934519613575,T2,19.697367545932714,1.8611493975310758,True,True,True,True,True,0.02781731,0.014884644,5.9604645e-07,0.11770317,0.11770317,0.043984544,0.944549,True,True,False,False,False,True,0.0004469689625474782,0.00014357750245941325,2021.09.16.15.12.03_veh-42_01037_01434,E2+BEVF
26e5d2127cf9563d,b79467957bc3511e,vehicle,24.743639292728993,0.0,False,in_gt,0,6.084210704913873,T1,24.604263076808977,2.6225796262185472,True,True,True,True,True,0.026191747,0.019879172,5.9604645e-07,0.87072456,0.87072456,0.033265613,0.9157217,True,True,False,False,False,True,58.333333333333336,0.0,2021.09.29.14.44.26_veh-28_00528_00992,E2+BEVF
277c41e4b5d858f1,45910e05652d5fce,vehicle,14.736879376858528,6.2617671690708105,True,in_gt,0,0.2631387001183954,T0,14.736723959703449,0.0676808952401764,True,True,True,True,True,0.3943297,0.51547873,0.2597666,0.25039187,0.25039187,0.07322789,0.9172132,True,True,False,False,False,True,1.8218497843669468e-05,1.0691152851904917e-05,2021.09.29.18.19.40_veh-28_00844_01218,E2+BEVF
27ba50b0cfa75e8d,426f5a6893f55c1d,vehicle,18.498763652512885,3.24468972361162,True,in_gt,0,0.09344446155790202,T0,18.498739050282634,0.03016987040532615,True,True,True,True,True,0.51823133,1.2610804,0.043560285,0.3892153,0.38921532,0.07203831,0.95447654,True,True,False,False,False,True,0.0,0.0,2021.06.28.16.57.59_veh-26_00016_00484,E2+BEVF
2833a305300f5394,fe80dd284bcc590c,vehicle,17.051462530276545,2.597148874142893,True,in_gt,0,-6.616435253076143,T0,16.937895613809726,-1.964705218884054,True,False,True,True,True,1.6822172,1.6026837,0.22345573,1.4168981,1.4168981,0.043391787,0.74510276,True,True,False,False,False,True,0.0,0.0,2021.09.16.19.49.00_veh-42_00990_01609,E2+BEVF
283f93bc73b2571b,60d91019e97c53a0,vehicle,18.423081968544466,0.0,False,in_gt,0,1.1997890696187186,T2,18.419042902483284,0.3857561097227856,True,True,True,True,True,1.2341657,0.84706306,5.9604645e-07,0.18481112,0.1848111,0.013370897,0.96098155,True,True,False,False,False,True,0.0,0.0,2021.05.25.15.59.03_veh-30_04027_04200,E2+BEVF
2882be3ae16b50e3,d1d4a2185da858d6,vehicle,12.052305622449195,2.5825385903331184,True,in_gt,1,-6.191157903529997,T0,11.982011984055363,-1.2997921491046678,True,True,True,True,True,1.0171311,0.5768899,0.3925421,0.39211616,0.39211616,0.03229586,0.8543011,True,True,False,False,False,True,0.0,0.0,2021.06.28.21.16.05_veh-14_00957_01198,E2+BEVF
28c74da2ea1d5629,6755eb265d0a5698,vehicle,21.726420083417764,1.4882903009768138,True,in_gt,0,-0.9503970468725198,T2,21.723431171543684,-0.36037171967707593,True,False,True,True,True,1.1791104,1.2748654,0.23973903,1.1409543,1.1409543,0.10725637,0.916916,True,True,False,False,False,True,0.0,0.0,2021.09.09.14.18.22_veh-48_01503_01761,E2+BEVF
2a1cb4c27a4459a7,ad93ef938d0a53e4,vehicle,77.62161578749019,9.947980161626656,True,new,-1,-25.776967478398227,T2,69.89777279113804,-33.75524546347112,,,,,,,,,,,,,True,False,False,False,False,True,0.0,0.0,2021.09.29.18.19.40_veh-28_00438_00833,not_in_GT(new)
2aade0b3987d5366,4d01fe5fdc745fd5,static,19.763625480332728,0.0,False,in_gt,12,-7.682268316995117,T1,19.586239387998116,-2.6419914388370334,True,True,True,False,False,0.01333766,0.010413295,,0.67296314,0.52786034,0.38195047,0.9171305,True,True,False,False,False,True,0.0,0.0,2021.05.25.15.59.03_veh-30_03499_03671,E2_only
2b52c607f324583e,bd1ace3f6b8d5904,vehicle,4.408160961053136,1.4255109859487736,True,behind,-1,-133.2169913906024,T1,-3.018546651046865,-3.2125160192607085,,,,,,,,,,,,,True,False,False,False,False,True,-0.0007693603081948552,-8.631688022120443e-05,2021.10.06.07.26.10_veh-52_00422_00728,not_in_GT(behind)
2b9bb7ffb9cf5da8,3ff3cc8f10195010,vehicle,14.714455570645873,5.4049894312468245,True,in_gt,4,-2.0422987463717557,T0,14.705108801943453,-0.5243833173514922,True,True,True,True,True,0.50010663,0.8787001,0.16019948,0.11022726,0.11022726,0.14991409,0.95443726,True,True,False,False,False,True,0.0,0.0,2021.06.28.16.29.11_veh-38_03263_03766,E2+BEVF
2c67391395c65d6a,9c67db51639155b7,vehicle,23.537802734651493,2.776351824359621,True,in_gt,0,1.0395314903746262,T0,23.53392878435155,0.42702874427491366,True,True,True,True,True,4.061585,3.0253778,0.13866976,0.66381097,0.66381097,0.023125544,0.961937,True,True,False,False,False,True,0.0,0.0,2021.05.25.14.16.10_veh-35_00083_00485,E2+BEVF
2c7e5f987d5752c7,97200d6aaacc5db8,vehicle,22.684294531185063,4.915908220541641,True,in_gt,0,22.051024637212237,T2,21.024935705518203,8.516413385714571,True,True,False,True,True,4.9045806,,0.32896993,1.8911587,0.7431099,0.07865481,0.38701916,True,True,False,False,False,True,0.0,0.0,2021.09.16.19.49.00_veh-42_00990_01609,E2+BEVF
2c8a58b94332570d,9fdfc70043a757d7,static,13.61309586383901,0.0,False,roi_no_ann,-1,-44.6807010946021,T1,9.679406098570361,-9.572119753588003,,,,,,,,,,,,,True,False,False,True,False,True,0.0,41.666666666666664,2021.10.06.07.26.10_veh-52_01245_02064,not_in_GT(roi_no_ann)
2cbf505c735c5c34,8158d2f1f8e954ff,static,37.38627625204943,0.0,False,far,-1,-4.675070417146455,T2,37.26189002455898,-3.0471632368855452,,,,,,,,,,,,,True,False,True,True,False,True,0.0,0.0,2021.08.30.16.16.44_veh-40_00256_00716,not_in_GT(far)
2e586c7da7c55eb3,13b7ac2541e75b0d,vehicle,17.838231666409577,0.0,False,in_gt,0,-30.922117249008288,T1,15.302823242644092,-9.166575685003053,True,True,True,True,True,0.013986466,0.47487718,5.9604645e-07,0.9058013,0.9058013,0.054040164,0.6172816,True,True,False,False,False,True,0.0,0.0,2021.10.06.08.16.17_veh-52_01430_01579,E2+BEVF
2ee34c8975525f5c,b79467957bc3511e,vehicle,19.224629877828896,8.077090090554181,True,in_gt,0,3.4106136404140432,T0,19.190579688386013,1.1436980209905254,True,False,True,True,True,0.9197541,1.2840344,0.5823389,1.095049,1.095049,0.062974535,0.95745754,True,True,False,False,False,True,0.0,0.0,2021.09.29.14.44.26_veh-28_00528_00992,E2+BEVF
2f05406bcdd55a21,0496636636975f99,vehicle,18.334315454358016,2.5462687219108346,True,in_gt,0,0.5617859917556483,T1,18.333434146238865,0.17976536216403538,True,True,True,True,True,0.8632459,2.0170739,0.30107212,0.5119946,0.51199454,0.08144768,0.9470037,True,True,False,False,False,True,0.0,0.0,2021.09.29.15.23.04_veh-28_00814_01101,E2+BEVF
2f6b9bbb16cb59ba,2aa764fbd6295cef,static,29.000952526759836,0.0,False,in_gt,0,-0.7154944839083627,T0,28.998691300928794,-0.3621467835207808,True,True,True,True,True,0.004969478,0.0026852957,0.0036227952,0.07163794,0.071637936,0.04093308,0.40001374,True,True,False,False,False,True,56.19482926355924,0.0,2021.06.03.17.06.58_veh-35_02943_03220,E2+BEVF
303d7a8f1262569e,727de4eb0b0d5d0d,vehicle,35.1597141764024,0.0,False,far,-1,7.717239914250836,T2,34.84126699544182,4.72139969909864,,,,,,,,,,,,,True,False,False,True,False,True,0.0,0.0,2021.09.29.18.19.40_veh-28_01268_01685,not_in_GT(far)
30d5d8dfd52451a9,31fc257c8d665120,vehicle,19.41265687077574,1.1007850574725984,True,in_gt,0,0.4947627090015078,T1,19.411933100177787,0.16763083456978656,True,True,True,True,True,0.04697228,1.5510606,0.25391346,0.10849575,0.10849575,0.1093309,0.9712909,True,True,False,False,False,True,0.0,0.0,2021.08.30.13.45.25_veh-40_00878_01104,E2+BEVF
30d90432ffb357cf,69ec60d856dd56b0,vehicle,27.625660666656266,0.8954862828676183,True,in_gt,2,-0.31212553805813087,T2,27.625250750584264,-0.15049331075695715,True,True,True,True,True,1.9884901,0.18638359,0.3590754,0.89392704,0.89392704,0.18668182,0.94239706,True,True,False,False,False,True,7.13712514643916e-05,-5.175636210719148e-05,2021.06.03.12.02.06_veh-35_00233_00609,E2+BEVF
310d65ad9aee5366,3ce06177c07c51ef,vehicle,15.974548989400146,2.3790901672748435,True,in_gt,0,1.6119953821441975,T1,15.968227021532199,0.44937868613692444,True,True,True,True,True,0.4903362,1.0387192,0.06063196,0.77615774,0.77615774,0.14936702,0.96489865,True,True,False,False,False,True,0.0,0.0,2021.09.16.14.39.34_veh-42_01111_01448,E2+BEVF
310fcecd57a95e06,f7ab15e4bccc587b,vehicle,13.839510392545034,4.747559810959578,True,in_gt,0,-0.13077161978417892,T0,13.839474345283016,-0.03158720651178104,True,True,True,True,True,0.49612433,0.2994595,0.052423522,0.36462548,0.36462548,0.024037989,0.9585405,True,True,True,False,False,True,41.666666666666664,-58.333333333333336,2021.09.29.19.02.14_veh-28_00540_00917,E2+BEVF
313756e5fc655c0e,9df3805605e6596b,VRU,36.7963245045376,1.25551075832055,True,far,-1,6.604730466828776,T2,36.55211733493512,4.232282525584752,,,,,,,,,,,,,True,False,False,False,False,True,0.0,0.0,2021.09.09.18.29.25_veh-39_00427_00556,not_in_GT(far)
315aedf84f9f59c3,0a4e1ae59ef658d8,static,36.45025549800353,0.0,False,far,-1,0.19234711819737713,T2,36.450050099972344,0.12236657731052425,,,,,,,,,,,,,True,False,True,False,False,False,0.0,58.333333333333336,2021.08.30.13.45.25_veh-40_00878_01104,not_in_GT(far)
3296651e2cf0547d,0f3053126bd15363,vehicle,12.93551312696788,2.1884083103943214e-05,False,in_gt,3,-35.36161905873029,T1,10.549113500476384,-7.486234314528582,True,True,True,True,True,0.055160005,0.071029894,2.2368176e-05,0.600509,0.600509,0.25111794,0.43185806,True,True,False,False,False,True,34.378878178760104,0.0,2021.10.06.07.26.10_veh-52_00006_00398,E2+BEVF
33c925ac7b905e8f,0aa6ebe3d5695057,static,30.64462550529112,0.0,False,in_gt,9,-0.8575241551716092,T2,30.64119337571558,-0.45862934003678973,False,False,False,True,True,,,0.0005842138,,4.1094875,0.046929073,0.20134501,True,True,True,False,False,True,41.666666666666664,0.0,2021.05.25.14.16.10_veh-35_01100_01664,BEVF_only
3420dd4340635018,bd20237b782855bf,vehicle,11.770420062881996,0.0,False,in_gt,0,-3.1736936674291223,T1,11.752367632977752,-0.6516467417488874,True,True,True,True,True,0.015596397,0.0021871661,5.9604645e-07,0.31181076,0.31181076,0.02116616,0.9601578,True,True,False,False,False,True,0.0,0.0,2021.08.30.14.54.34_veh-40_00439_00835,E2+BEVF
34787bf8b0d95f31,af42a8af61a75862,static,31.947525713556033,0.0,False,in_gt,0,-0.5309931840293396,T2,31.946153768394854,-0.29607199191269074,False,False,False,False,False,,,,,inf,inf,0.22775894,True,True,False,False,False,True,0.0,0.0,2021.05.25.17.54.41_veh-35_01905_02121,neither
354a67b9e10c562e,fa424b2b36115f9a,vehicle,14.744419647673318,0.6697219767807444,True,in_gt,7,6.346882369381671,T1,14.654048628954193,1.6299599770978146,True,False,True,True,True,0.6536168,0.5061926,0.5990997,1.0796452,1.0796453,0.053671356,0.36876878,True,True,True,False,True,,2.143179749670754,-39.52348691699591,2021.09.09.14.18.22_veh-48_00322_00895,E2+BEVF
35cf51dd13d559c0,2b20ded641b65caa,vehicle,47.38752153233671,7.43174992566674,True,side,-1,-62.78268699834837,T2,21.673472455464985,-42.14069041555769,,,,,,,,,,,,,False,False,False,False,False,True,0.0,0.0,2021.09.16.14.39.34_veh-42_00297_00935,not_in_GT(side)
35dbc03efb3c5f00,b6f3d8f1c2fa5b2e,static,33.206714404880934,0.0,False,far,-1,-5.1567096355903965,T2,33.072313304813626,-2.9846229637216606,,,,,,,,,,,,,True,False,False,False,False,True,0.0,0.0,2021.08.30.14.54.34_veh-40_00439_00835,not_in_GT(far)
35f226ec4cac52fc,9c67db51639155b7,vehicle,17.77036713279448,0.9316654700431118,True,in_gt,0,0.933678690138039,T1,17.768007706458288,0.289568951272714,True,True,True,True,True,1.6621358,1.8286167,0.003164339,0.2315423,0.23154229,0.02980284,0.97236925,True,True,False,False,False,True,0.0,0.0,2021.05.25.14.16.10_veh-35_00083_00485,E2+BEVF
3651c6423caa5145,b79467957bc3511e,vehicle,17.235578046534453,3.0940143679843923,True,in_gt,0,0.9689053194019788,T1,17.233113693497945,0.2914498673082919,True,True,True,True,True,0.8383156,1.4731674,0.64286494,0.7108126,0.7108126,0.45920184,0.9595453,True,True,False,False,False,True,0.0,0.0,2021.09.29.14.44.26_veh-28_00528_00992,E2+BEVF
36a7254be1af5120,98cf35a0639a542d,vehicle,8.476318205289255,7.99042367512896,True,behind,-1,148.6493361178138,T2,-7.238768208128864,4.4100119213331945,,,,,,,,,,,,,True,False,False,False,False,True,0.0003872337985155738,0.0017189251070970357,2021.10.06.07.26.10_veh-52_00422_00728,not_in_GT(behind)
36c9f5ba92385cee,ec57a5162cd45075,vehicle,78.48521233921711,9.533910962030907,True,new,-1,-2.757841763244151,T2,78.3943116000356,-3.776303045111959,,,,,,,,,,,,,True,False,False,False,False,True,0.0,0.0,2021.09.29.19.02.14_veh-28_02451_02708,not_in_GT(new)
36ee69ae43b85587,d5153da5e04c5345,vehicle,65.44731196298112,12.548085454766756,True,far,-1,-2.4834519858156328,T2,65.38584240439006,-2.8358872065083762,,,,,,,,,,,,,True,False,False,False,False,True,0.0,-0.061279714381912154,2021.09.16.19.27.01_veh-45_01749_03230,not_in_GT(far)
376450d3edc951fc,fa4bcb5242845cff,vehicle,34.03529405480104,3.847662208438625,True,far,-1,-0.10428628957982497,T0,34.03523767694472,-0.06194893589169759,,,,,,,,,,,,,True,False,False,False,False,True,0.0,0.0,2021.09.09.18.29.25_veh-39_00427_00556,not_in_GT(far)
37837c3f78625095,ad35e8a82fd05220,vehicle,12.66980372120412,1.615490131348086,True,in_gt,0,0.9664217189573007,T1,12.668001460170728,0.2136944991104297,True,True,True,True,True,0.41551647,0.060092002,0.18536876,0.2008948,0.20089479,0.031474162,0.96097726,True,True,False,False,False,True,5.612816854627667e-05,1.3127923115252571e-05,2021.06.03.18.47.39_veh-35_00257_00492,E2+BEVF
37c816fee82753e3,dd7d39284a405aca,vehicle,8.924593825290337,0.0,False,in_gt,0,-5.419392584558076,T1,8.884701384066132,-0.8428856757495558,True,True,True,True,True,0.021157844,0.010543399,5.9604645e-07,0.9158514,0.91585135,0.025503049,0.53893745,True,True,True,False,False,True,100.0,0.0,2021.09.16.15.47.30_veh-45_01199_01391,E2+BEVF
37c8a00c76905ffe,0a36d204ea435f4a,static,8.705736399666083,0.0,False,new,-1,-2.3556301691304657,T1,8.698379695493255,-0.35782248881485534,,,,,,,,,,,,,True,False,False,False,False,True,0.0,0.0,2021.10.06.07.26.10_veh-52_01245_02064,not_in_GT(new)
3808a6ba716d5da1,aa115a4c04445496,vehicle,18.649722511522935,6.002303623701353e-05,False,in_gt,0,0.9722011338147095,T2,18.64703779188076,0.3164353725108603,True,True,True,True,True,0.7227078,1.5494419,0.10141124,0.09902171,0.09902171,0.021017231,0.966334,True,True,False,False,False,True,0.0,0.0,2021.06.28.16.29.11_veh-38_03263_03766,E2+BEVF
381a23cb547c53fd,e98ed44cf97a5c56,vehicle,16.731121027671747,3.416747544815199,True,in_gt,1,0.20643922327470654,T0,16.73101242669202,0.060282837333742734,True,True,True,True,True,1.7222918,1.9090978,0.026969925,0.2427233,0.2427233,0.029572409,0.9568671,True,True,False,False,False,True,0.0,0.0,2021.06.03.13.55.17_veh-35_02866_03582,E2+BEVF
384def2e3f9657f6,f0e6b9547eb059b4,vehicle,29.550994111921458,3.1169281145829237,True,in_gt,0,3.1390370890522816,T0,29.506655601754503,1.6181867019186669,True,True,True,True,True,2.9200678,2.287679,0.045400802,0.36921212,0.36921212,0.23184003,0.30520496,True,True,False,False,False,True,58.24314273670457,0.0,2021.09.29.14.44.26_veh-28_00528_00992,E2+BEVF
385e44b3382350f1,0eb76b3d9c45504c,vehicle,17.793606546361808,0.0,False,in_gt,3,-3.791879398585913,T1,17.754653696643828,-1.176735330897074,True,True,True,True,True,0.023706304,0.034982592,5.9604645e-07,0.750113,0.750113,0.082572564,0.8249596,True,True,False,False,False,True,0.0,0.0,2021.06.28.15.02.02_veh-38_02398_02848,E2+BEVF
38b4ff11393c5dec,091c0ee77bc55cd6,vehicle,11.678806220992946,0.0,False,in_gt,0,-12.161242652661869,T1,11.416717691489541,-2.4602991485454044,True,True,True,True,True,0.38380957,0.08695345,5.9604645e-07,0.26418942,0.26418942,0.011809334,0.95186985,True,True,False,False,False,True,0.0,0.0,2021.09.29.18.19.40_veh-28_00438_00833,E2+BEVF
38d08753fa4651c2,3a74449fd0b35ac3,vehicle,26.094028975630177,0.0,True,in_gt,0,-1.1590537172474098,T0,26.088689996813457,-0.5278280318368243,True,False,True,True,True,0.0061301533,0.0353393,5.9604645e-07,1.5969591,1.5969591,0.17068915,0.79543453,True,True,True,False,False,True,100.0,0.0,2021.09.16.19.27.01_veh-45_01749_03230,E2+BEVF
3921f38b62d55f1a,aa115a4c04445496,vehicle,20.98132197430912,0.4523857175196079,False,in_gt,0,0.8087992483193018,T1,20.979231562480944,0.29616690806071305,True,True,True,True,True,1.3483055,1.6799904,0.49394813,0.09895034,0.09895035,0.065659076,0.96590304,True,True,False,False,False,True,0.0,0.0,2021.06.28.16.29.11_veh-38_03263_03766,E2+BEVF
39b5d00781925b16,2048ca1ece495b56,static,47.90077932062431,0.0,False,far,-1,-5.273954275140477,T2,47.697995465017485,-4.402940851558334,,,,,,,,,,,,,True,False,False,False,False,True,0.0,0.0,2021.06.28.13.53.26_veh-26_00492_00696,not_in_GT(far)
39cbed62434a528b,2ebfa7d8cfcc5f58,vehicle,9.5538011799091,0.0,False,in_gt,2,4.369818865372428,T1,9.5260285323307,0.727940510243732,True,True,True,True,True,0.009975452,0.036476135,5.9604645e-07,0.22702153,0.22702153,0.10843014,0.8730864,True,True,True,False,False,True,100.0,0.0,2021.09.16.13.53.10_veh-42_00630_00818,E2+BEVF
3a2616c871335ef4,df749ab056bd5d4e,VRU,28.427474820238956,1.4554806359183303,True,in_gt,5,8.081506821886599,T2,28.14516396686806,3.996382105533888,False,False,False,True,True,,,0.2388976,,6.7626853,0.02948521,0.22797202,True,True,False,False,False,True,0.0,0.0,2021.08.30.13.45.25_veh-40_01116_01336,BEVF_only
3b36add3be02517e,ffabf9a418ba5d07,vehicle,56.48279287145351,8.305640594271177,True,far,-1,5.710245812110301,T2,56.202513582774834,5.619907253463353,,,,,,,,,,,,,True,False,False,False,False,True,-0.00018845428383373886,-6.876839833136472e-05,2021.09.16.19.27.01_veh-45_01749_03230,not_in_GT(far)
3b53493dfe335ea6,c1adccc335d35e98,static,30.269679528802467,0.0,False,new,-1,8.53917418347925,T1,29.93412718110841,4.4946110712307465,,,,,,,,,,,,,True,False,False,True,False,True,0.007834053517585815,41.7068641783556,2021.10.06.08.16.17_veh-52_01590_01725,not_in_GT(new)
3b8cbe3ce6465e62,9744396e7fb35fa4,vehicle,31.57816763633062,0.0,False,in_gt,2,3.3281810712951927,T0,31.52490735713003,1.833272318169728,True,False,False,True,True,0.043826945,,5.9604645e-07,1.4377006,1.4377006,0.040622804,0.35802507,True,True,False,False,False,True,58.333333333333336,0.0,2021.09.09.18.29.25_veh-39_00569_00903,E2+BEVF
3befac537db85c6c,e860d8fe02c7540e,vehicle,32.57742737803359,0.0,False,far,-1,3.708686200323523,T2,32.509204496040226,2.1072250961135026,,,,,,,,,,,,,True,False,False,False,False,True,0.0,0.0,2021.09.29.15.23.04_veh-28_00814_01101,not_in_GT(far)
3c114912e4cf590c,fe8818387cf6566a,vehicle,26.315718011538713,0.0,False,in_gt,2,48.111672852680236,T2,17.570502371232443,19.59067280328417,True,False,True,True,True,0.033269882,0.15659763,5.9604645e-07,1.8892603,1.8892603,0.06964646,0.38693365,True,True,False,False,False,True,0.0,0.0,2021.09.16.19.27.01_veh-45_01749_03230,E2+BEVF
3c303aa231e65a53,66ae8c73cd9254c1,vehicle,25.26880867191349,0.0,False,in_gt,0,2.465766448737712,T2,25.245412416462145,1.0871263130424715,True,True,True,True,True,2.5199234,1.03021,5.9604645e-07,0.24493891,0.24493891,0.15621015,0.9380772,True,True,False,False,False,True,0.0,0.0,2021.09.09.17.18.51_veh-48_01248_01450,E2+BEVF
3cfa3f1b82885efa,091c0ee77bc55cd6,vehicle,17.32087654426559,3.644278263580688,True,in_gt,3,-0.8361833170884535,T0,17.31903199654859,-0.25277453237250036,True,True,True,True,True,0.07751315,0.21080962,0.63728017,0.19851923,0.19851923,0.024386441,0.9616518,True,True,False,False,False,True,0.0,0.0,2021.09.29.18.19.40_veh-28_00438_00833,E2+BEVF
3d324bda0cec57ab,3f8484d8d8a05293,vehicle,40.92447707571602,1.4321384527082444,True,far,-1,-29.762263935793147,T2,35.526234947694135,-20.31500564513931,,,,,,,,,,,,,True,False,False,False,False,True,0.0001577213843528824,-0.0002562168695985356,2021.09.16.17.40.09_veh-45_02539_02745,not_in_GT(far)
3d4616d64a4c5f53,b79467957bc3511e,vehicle,21.713065732050865,0.0,False,in_gt,0,6.610025263815785,T2,21.568731154331477,2.499411906135581,True,True,True,True,True,0.92786336,0.0015430087,5.9604645e-07,0.20692396,0.20692396,0.025595158,0.9284984,True,True,False,False,False,True,0.0,0.0,2021.09.29.14.44.26_veh-28_00528_00992,E2+BEVF
3d6cbc2a95885eef,7c893820782b5fa2,vehicle,12.023479187533823,2.0774198213523145,True,in_gt,0,-1.1516603691052714,T1,12.021050402278139,-0.24165884827087059,True,True,True,True,True,1.6368169,0.33598602,0.42551824,0.708736,0.70873594,0.20613685,0.9554975,True,True,False,False,False,True,-0.0009135293170925429,0.00011460693639664399,2021.09.09.18.29.25_veh-39_00569_00903,E2+BEVF
3d6f193fad315d97,b79467957bc3511e,vehicle,31.537656763258386,2.169782073472968e-05,False,in_gt,0,2.6372523031678985,T2,31.504254119277174,1.4511259439155246,False,False,False,True,True,,,0.6633541,,8.466632,0.03406531,0.091558345,True,True,False,False,False,True,0.0,0.0,2021.09.29.14.44.26_veh-28_00528_00992,BEVF_only
3dd0dfc88c6a5de8,c8e64316109f5821,vehicle,51.90461787824555,2.8064700142754107,True,far,-1,11.073986412547066,T2,50.938152450506905,9.969653053923444,,,,,,,,,,,,,True,False,False,False,False,True,0.025408016394534716,0.02794306491222809,2021.09.16.19.27.01_veh-45_01749_03230,not_in_GT(far)
3e09a3c33726545c,bd20237b782855bf,vehicle,10.968785105798318,0.0,False,in_gt,0,-5.773763633671374,T0,10.913139135137747,-1.1034676770562664,True,True,True,True,True,0.0011207925,0.08132933,5.9604645e-07,0.35515684,0.35515684,0.02715703,0.9533263,True,True,False,False,False,True,0.0,0.0,2021.08.30.14.54.34_veh-40_00439_00835,E2+BEVF
3f265d778b65596b,c8e64316109f5821,vehicle,40.34513593586255,4.72706510460669,True,far,-1,25.527419572825725,T2,36.40660966713342,17.386453526473282,,,,,,,,,,,,,True,False,False,False,False,True,0.0,0.0,2021.09.16.19.27.01_veh-45_01749_03230,not_in_GT(far)
3f54d4297dc459c3,f7ab15e4bccc587b,vehicle,12.460460133368935,4.32080765729762,True,in_gt,0,1.2643907400169743,T0,12.457426215583308,0.2749523932871325,True,True,True,True,True,0.5761835,1.2303126,0.076101996,0.41438386,0.41438386,0.03475304,0.9600118,True,True,True,True,False,True,41.666666666666664,41.666666666666664,2021.09.29.19.02.14_veh-28_00540_00917,E2+BEVF
3f56f99e2cf15355,f0e6b9547eb059b4,vehicle,21.58923250385401,0.8462653377342637,True,in_gt,0,0.07297441443069518,T1,21.589214993169566,0.027496984724209028,True,False,True,True,True,0.45241234,0.5219876,0.71829134,1.1553779,1.1553779,0.4117484,0.9317163,True,True,False,False,False,True,0.0002802957473013734,-5.6022337446837156e-05,2021.09.29.14.44.26_veh-28_00528_00992,E2+BEVF
3f655357375b5f03,a0e796ca904051e6,vehicle,14.709258349032025,7.860681314394239,True,in_gt,0,3.0470216563819243,T0,14.688463094528162,0.7818779311711832,True,True,True,True,True,1.3569344,1.1983219,0.1810633,0.24645017,0.24645017,0.0062321564,0.58478546,True,True,False,False,False,True,0.0,0.0,2021.06.28.16.29.11_veh-38_00022_00368,E2+BEVF
3fa9c77540225eae,5b29fbcf57f4515e,vehicle,22.544495051565754,3.8072280643823087,True,in_gt,0,-0.4047949789188774,T0,22.54393240758215,-0.1592756492376335,True,False,True,True,True,0.40780076,0.618782,0.49289647,1.673962,1.673962,0.43717322,0.9284058,True,True,True,False,False,True,41.666666666666664,0.0,2021.09.16.15.12.03_veh-42_01037_01434,E2+BEVF
3fdefe546f3159fd,a1b1f5f083ef5d24,vehicle,19.385960897345818,0.0,False,in_gt,0,70.27588116300504,T2,6.542597865576277,18.24855865767973,True,True,True,True,True,0.051988892,0.024859315,5.9604645e-07,0.67029864,0.28148943,0.09324631,0.63956153,True,True,False,False,False,True,0.0,0.0,2021.09.16.13.53.10_veh-42_00180_00342,E2+BEVF
3fe4d3672285579c,98cf35a0639a542d,vehicle,9.239892566081062,7.264879110821013,True,behind,-1,150.87281858850383,T2,-8.07142873164588,4.497516299323601,,,,,,,,,,,,,True,False,True,True,False,True,41.667046736134395,41.66782657555241,2021.10.06.07.26.10_veh-52_00422_00728,not_in_GT(behind)
402c9312982a5488,98c22fc407ee5ad3,VRU,21.720120787189366,0.3145844480016053,True,in_gt,10,-13.707138089564639,T2,21.101523198394666,-5.146782074044655,True,True,True,True,True,0.36171857,0.34358665,0.31458437,1.160919,0.182579,0.061425254,0.42533037,True,True,False,False,False,True,0.0021094364373308583,0.000780440992925735,2021.05.25.14.16.10_veh-35_01690_02183,E2+BEVF
411af42484ea5bb5,b79467957bc3511e,vehicle,35.108200857744215,0.0,False,far,-1,0.4334990293798418,T2,35.10719599325054,0.2656255996789145,,,,,,,,,,,,,True,False,False,False,False,True,0.0,0.0,2021.09.29.14.44.26_veh-28_00528_00992,not_in_GT(far)
4231dc0eadd75a2d,e84c8b4f44ed5072,vehicle,23.035682148811205,0.0,False,in_gt,0,3.729570809166273,T2,22.98689671418004,1.4984096611668276,True,True,True,True,True,1.9541335,1.571674,5.9604645e-07,0.9434478,0.9434478,0.02845212,0.89050585,True,True,False,False,False,True,-0.0009868066924045849,0.0020367629174566915,2021.06.03.13.55.17_veh-35_02419_02561,E2+BEVF
4299796c2c845718,4740850f8afd5ee3,static,29.767097375881374,0.0,False,in_gt,3,3.6747097710417327,T1,29.705896386647765,1.907827573695025,False,False,False,False,False,,,,,15.690102,16.905466,0.13989148,True,True,False,False,False,True,-29.85328184288692,0.00010031041673963514,2021.09.09.14.18.22_veh-48_01503_01761,neither
42c7526fc6845005,a5b293986f835c0e,static,20.950064327901597,0.0,False,in_gt,6,-0.654904791064612,T2,20.948695774630238,-0.23945915143114593,True,True,True,True,True,0.015193501,0.0040989886,0.0015668931,0.82245916,0.82245916,0.052843753,0.60729593,True,True,True,True,True,,0.0,93.95923980643914,2021.05.25.17.54.41_veh-35_02723_02902,E2+BEVF
42d1bc19fbc35965,e98ed44cf97a5c56,vehicle,18.00512253081766,4.1789668986805655,True,in_gt,1,0.017950582251803463,T0,18.00512164717251,0.005640946513034706,True,True,True,True,True,1.3974811,1.6791208,0.39869082,0.5194474,0.5194474,0.052070368,0.95837396,True,True,False,False,False,True,0.0,0.0,2021.06.03.13.55.17_veh-35_02866_03582,E2+BEVF
43066c8c8e325fcf,85fc59768c035e1d,vehicle,34.57826757641091,0.0,False,far,-1,4.323527664793717,T2,34.47986683615173,2.6067933456862775,,,,,,,,,,,,,True,False,False,False,False,True,0.0,0.0,2021.09.16.15.12.03_veh-42_01037_01434,not_in_GT(far)
43162b00fe4550b8,278fe24ea503523e,static,19.000231606248214,0.0,False,in_gt,1,0.19677774159314174,T1,19.000119550239013,0.06525463737385362,True,True,True,True,True,0.004137294,0.0043532923,0.00030257474,0.38421273,0.38421273,0.0384034,0.51981807,True,True,False,False,False,True,0.0,0.0,2021.05.25.14.16.10_veh-35_03373_03550,E2+BEVF
43761f0721035214,ba1bf00024785184,VRU,31.00542019006307,0.07063332288355469,False,new,-1,3.9540691538213038,T2,30.9316164261058,2.1380333090559063,,,,,,,,,,,,,True,False,False,False,False,True,0.0,0.0,2021.09.29.19.02.14_veh-28_00964_01689,not_in_GT(new)
443099f672655d56,8815abe6756d5380,static,22.63122564074024,0.0,False,new,-1,0.7800471837049947,T2,22.629128305507567,0.30810085195375503,,,,,,,,,,,,,True,False,True,False,False,True,37.514691434266666,0.5296560212828205,2021.06.28.16.29.11_veh-38_03263_03766,not_in_GT(new)
4434242a192c58b4,a52c4b04c37f537e,static,16.346830494714133,0.0,False,new,-1,-2.609589653438932,T1,16.32987823235925,-0.7442742365791473,,,,,,,,,,,,,True,False,False,False,False,True,0.0,0.0,2021.06.28.20.24.43_veh-38_03385_04952,not_in_GT(new)
443b9c514efc5829,1656b3125ed35926,static,36.24926696221442,0.0,False,far,-1,-4.966549454609877,T2,36.11316589101071,-3.138248655895577,,,,,,,,,,,,,True,False,False,False,False,True,0.0,0.0,2021.08.30.14.54.34_veh-40_00439_00835,not_in_GT(far)
44894928f21d5e38,dd862f54bde95e9d,vehicle,4.238173251106398,8.100679208437228,True,in_gt,2,50.839113305191944,T1,2.676406980081097,3.2861768338552566,True,True,True,True,True,0.7300396,0.88547206,0.37946108,0.24822097,0.24822097,0.0588957,0.78018636,True,True,True,False,False,True,41.666666666666664,0.0,2021.05.25.17.54.41_veh-35_01905_02121,E2+BEVF
44f75400f3a15c14,0b47af6d58445ab9,vehicle,57.06900614665663,0.0,False,far,-1,0.1542702728428954,T2,57.06879928057811,0.15365949440207327,,,,,,,,,,,,,True,False,False,False,False,True,-0.00018100722427583094,6.821414668678472e-05,2021.09.16.14.39.34_veh-42_01609_01687,not_in_GT(far)
4588d3bc87cd5a49,3ce080846aa957ac,vehicle,24.5125295514846,1.4890965098197448,True,in_gt,0,6.271759065580316,T1,24.365820161348964,2.677856022493792,True,False,True,True,True,1.2713364,0.34680575,0.14109527,1.443503,1.443503,0.28921324,0.8453319,True,True,False,False,False,True,0.0013899490933999559,0.0014986964572472061,2021.09.29.15.23.04_veh-28_00814_01101,E2+BEVF
45c4158a235e514a,fe80dd284bcc590c,vehicle,20.29734206654412,2.8323397196533913,True,in_gt,0,-7.564791954453342,T1,20.120686670126894,-2.6720896109373955,False,False,False,True,True,,,0.13504073,,2.5040293,0.05365687,0.0,True,True,False,False,False,True,0.0,0.0,2021.09.16.19.49.00_veh-42_00990_01609,BEVF_only
45e9a0bc222452bf,0deda54459fe5c31,vehicle,28.48107728916296,0.0,False,in_gt,2,0.9486209125227103,T2,28.47717376726357,0.47152707276446115,True,True,True,True,True,0.019995103,0.69026726,5.9604645e-07,0.9881004,0.98810047,0.09832501,0.745655,True,True,False,False,False,True,0.0,0.0,2021.09.16.17.40.09_veh-45_02539_02745,E2+BEVF
466b634cd806541b,fa424b2b36115f9a,vehicle,8.84202516983718,0.0,False,in_gt,3,-0.6510062768493534,T1,8.841454424770896,-0.10046272310342097,True,False,True,True,True,0.015172824,0.55395263,5.9604645e-07,1.8042631,1.3088819,0.17188336,0.40997827,True,True,True,True,False,True,41.666666666666664,41.666666666666664,2021.09.09.14.18.22_veh-48_00322_00895,E2+BEVF
46e5a6cf37de5493,d1d4a2185da858d6,vehicle,11.849160475539904,1.7487366679501404,True,in_gt,1,-3.351177435897028,T1,11.828898426857556,-0.6926514146263281,True,True,True,True,True,0.7022621,1.249216,0.5844657,0.4932367,0.4932367,0.10369153,0.94450617,True,True,False,False,False,True,0.0,0.0,2021.06.28.21.16.05_veh-14_00957_01198,E2+BEVF
4749b2486da65268,dd862f54bde95e9d,vehicle,4.9780493124963545,7.537414242310991,True,in_gt,2,42.235396594303886,T1,3.685695315113509,3.346135831342739,True,True,True,True,True,1.1733928,0.21574889,0.25486475,0.39231142,0.39231142,0.068650454,0.86733973,True,True,False,False,False,True,0.0,0.0,2021.05.25.17.54.41_veh-35_01905_02121,E2+BEVF
495a149c042a5636,fb7a3fe0db425a3a,vehicle,19.34983367212706,6.838675707408353,True,in_gt,0,-4.078573638135345,T0,19.300829258802487,-1.3762460032770152,True,True,True,True,True,0.7739374,2.1652622,0.46211797,0.15537806,0.15537806,0.0962431,0.8680701,True,True,False,False,False,True,0.0,0.0,2021.06.03.17.06.58_veh-35_02571_02742,E2+BEVF
49c2b08936335901,9744396e7fb35fa4,vehicle,45.299870967923994,0.0,False,far,-1,1.3827754539324786,T2,45.28667917127254,1.0931602575985764,,,,,,,,,,,,,True,False,False,False,False,True,-0.00019700392046018145,0.0005708829477091282,2021.09.09.18.29.25_veh-39_00569_00903,not_in_GT(far)
49ee466685265a80,2297d65ed709558a,vehicle,18.14078003800099,0.0,False,in_gt,0,-4.920047590866441,T1,18.073937578761548,-1.5558537161849095,False,False,False,True,True,,,5.9604645e-07,,18.558945,0.18114184,0.13481618,True,True,False,False,False,True,0.0,0.0,2021.09.29.14.44.26_veh-28_01331_01485,BEVF_only
49f205ebb9d559c2,070bfa83255353bb,static,13.207638074736185,0.0,False,new,-1,-2.982437960853499,T1,13.189748720170964,-0.687191539506534,,,,,,,,,,,,,True,False,False,False,False,False,0.0,0.0,2021.10.06.07.26.10_veh-52_01245_02064,not_in_GT(new)
4abb45d9ee1a5c5c,97200d6aaacc5db8,vehicle,32.173723434993725,7.047541668630773,True,in_gt,0,53.04418443603197,T2,19.342809242220852,25.71000214489528,False,False,False,True,True,,,3.3222704,,inf,0.34589067,0.11907631,True,True,False,False,False,True,0.0,0.0,2021.09.16.19.49.00_veh-42_00990_01609,BEVF_only
4ac1bcffb2bb5010,69cf1c2199795218,vehicle,25.540757080253048,0.0,False,in_gt,2,-0.3016817242767134,T2,25.540403037665694,-0.13448013270829362,True,True,True,True,True,0.0090952935,0.11862231,5.9604645e-07,0.4057552,0.4057552,0.055076707,0.9442898,True,True,False,False,False,True,0.0,0.0,2021.06.03.13.55.17_veh-35_02572_02855,E2+BEVF
4b55193d36c35e4a,852a4698f812557a,vehicle,31.842911303404396,0.00010955691386749209,False,in_gt,0,-50.496551890721875,T2,20.25606100390988,-24.56955418566566,False,False,False,True,True,,,0.000108987595,,7.693381,0.40877903,0.20095704,True,True,False,False,False,True,0.0,0.0,2021.09.16.19.27.01_veh-45_00472_00711,BEVF_only
4b5fc0f1425c5288,4423aa0406f356bd,vehicle,10.79215876183437,2.0589218413596444,True,in_gt,1,0.28171830642189083,T0,10.792028306354108,0.05306388121921657,True,True,True,True,True,1.189472,0.18085212,0.49794638,0.10305776,0.10305776,0.04970754,0.9400784,True,True,True,True,True,,0.0,0.0,2021.08.30.14.54.34_veh-40_00334_00419,E2+BEVF
4b875117d12e5ef6,091c0ee77bc55cd6,vehicle,12.472605713302249,2.8162833908303626,True,in_gt,2,-5.126056415430932,T0,12.422721974927494,-1.1143931142794408,True,True,True,True,True,0.45261148,0.64421546,0.22515114,0.24511048,0.24511048,0.08611936,0.9545918,True,True,False,True,False,True,0.0,41.28549392959481,2021.09.29.18.19.40_veh-28_00438_00833,E2+BEVF
4bb2fc18f5ee5dcb,c2c7f1b38f3d5604,vehicle,25.999792072476232,0.0,False,in_gt,3,-51.98695119859118,T2,16.01173598699685,-20.4844696903461,True,True,True,True,True,0.019792803,0.015804898,5.9604645e-07,0.29544416,0.29544416,0.12663811,0.6639269,True,True,True,True,True,,0.0013661947089516069,0.02502445054313185,2021.09.16.19.27.01_veh-45_01749_03230,E2+BEVF
4c53f29ce2365ef1,145038333dc551ef,vehicle,25.60623692224781,0.6923632457683154,True,in_gt,0,3.9665377061481824,T0,25.544900249515017,1.771282179838849,True,False,True,True,True,0.38608074,0.750454,0.41403234,1.329115,1.329115,0.089697525,0.30707046,True,True,True,False,False,True,100.0,0.0,2021.09.29.18.19.40_veh-28_01268_01685,E2+BEVF
4c83b81ddcc757b1,69ec60d856dd56b0,vehicle,30.92586991941093,1.322451239618603,True,in_gt,1,-0.23133204783607053,T2,30.925617851432047,-0.12486304302381096,True,True,True,True,True,1.2298373,0.22292927,0.13787481,0.080874555,0.080874555,0.080431856,0.42292064,True,True,False,False,False,True,-4.048870076989175e-05,-4.76560092943501e-05,2021.06.03.12.02.06_veh-35_00233_00609,E2+BEVF
4c9e695fc66c583a,ffabf9a418ba5d07,vehicle,81.59154225483105,8.17287019414036,True,new,-1,1.9766428093881971,T2,81.54299292924905,2.8142621879134424,,,,,,,,,,,,,True,False,False,False,False,True,-0.003963895179859289,-0.0014230605191789536,2021.09.16.19.27.01_veh-45_01749_03230,not_in_GT(new)
4cb4fba2908b5dbb,9d0b14004c5956c2,vehicle,30.21040710992113,0.0,False,in_gt,0,-0.737382911974686,T1,30.20790525880714,-0.38878994599278904,False,False,True,True,True,,4.8162007,5.9604645e-07,,9.693407,0.3432649,0.24185371,True,True,False,False,False,True,0.0,0.0,2021.09.29.14.44.26_veh-28_01509_01628,BEVF_only
4cbe138f73975e82,4661649cbeae59af,vehicle,21.405359291916923,4.199144479538136,True,in_gt,0,0.2586873894347072,T0,21.405141120908038,0.09664372750465133,True,True,True,True,True,1.8416516,1.8217876,0.07917081,0.83786887,0.83786887,0.07382837,0.9653327,True,True,True,False,False,True,41.666666666666664,0.0,2021.06.28.20.24.43_veh-38_03385_04952,E2+BEVF
4cdcf106cb5d5c63,fa424b2b36115f9a,vehicle,8.908142042727036,8.701412009277965e-05,False,in_gt,3,-0.5648732352384852,T1,8.907709120035122,-0.08782303936969083,True,False,True,True,True,0.0039225034,0.47225857,0.65672135,1.8652985,1.6367149,0.29943955,0.3407573,True,True,False,True,False,True,0.0,41.666666666666664,2021.09.09.14.18.22_veh-48_00322_00895,E2+BEVF
4d0df74bfb035f8a,df9bcc7b5cd35c5e,VRU,33.48317840203226,1.4960836717523225,True,in_gt,2,21.25289895369077,T2,31.20597170419094,12.137156417363753,False,False,False,True,True,,,0.085751675,,11.35781,0.044538386,0.21807052,True,True,False,True,False,True,-0.0007079915732288722,41.697927483016336,2021.09.16.19.49.00_veh-42_00990_01609,BEVF_only
4d3807c5fd5d573f,2de767edf87e5217,vehicle,23.62068379714904,6.565739137639719e-05,False,in_gt,0,1.8944428337768031,T2,23.607773368897917,0.7808582506791151,True,False,False,True,True,1.0234336,,0.17960034,1.7920578,1.7920578,0.03810402,0.4981774,True,True,False,False,False,True,0.0,0.0,2021.09.09.14.18.22_veh-48_01298_01492,E2+BEVF
4d73f8250ae750ca,e84c8b4f44ed5072,vehicle,20.464495892519867,0.0,False,in_gt,0,3.6133629458184178,T2,20.423813637371847,1.2897397570309908,True,True,True,True,True,0.9990127,1.5456865,5.9604645e-07,0.5861222,0.5861222,0.0077455784,0.45514372,True,True,False,False,False,True,0.0,0.0,2021.06.03.13.55.17_veh-35_02419_02561,E2+BEVF
4da3c27db2495e9e,0f3053126bd15363,vehicle,13.897070598000054,0.6721632384776296,True,in_gt,3,-33.7215061405471,T1,11.558830116492468,-7.715051363656906,True,True,True,True,True,0.68033737,0.6709748,0.58919823,0.5124065,0.5124065,0.4902477,0.3196536,True,True,False,False,False,True,0.004803702263611598,-0.004539298691152993,2021.10.06.07.26.10_veh-52_00006_00398,E2+BEVF
4db50b60ca1f57f1,b1f2de6938695db3,static,36.57499992851016,0.0,False,new,-1,-2.6720534328901717,T2,36.53523312937473,-1.7050982237857575,,,,,,,,,,,,,True,False,False,False,False,True,0.002476123660799523,-0.0004238431998926373,2021.06.28.20.24.43_veh-38_03385_04952,not_in_GT(new)
4e252b23d8935563,0deda54459fe5c31,vehicle,25.371815888096222,0.0,False,in_gt,1,1.1897945904921352,T2,25.36634566971621,0.5268290272200034,True,False,True,True,True,0.05172318,0.5534756,5.9604645e-07,1.2478185,1.2478185,0.10363892,0.9592025,True,True,False,False,False,True,0.0,0.0,2021.09.16.17.40.09_veh-45_02539_02745,E2+BEVF
4f5b00e0de115593,c170999c38ee5895,vehicle,14.969678007811963,2.6058037014550418e-05,False,in_gt,0,0.526370844850575,T2,14.96904629774743,0.1375230652038164,True,True,True,True,True,0.016894598,0.018058356,2.6389847e-05,0.11066294,0.11066294,0.028350163,0.96058774,True,True,False,False,False,True,0.0048621102157975216,0.0028677151023781544,2021.09.16.17.40.09_veh-45_02539_02745,E2+BEVF
4f8d9bfa869553bb,8a616724d74c577c,vehicle,54.323101427020596,1.0748201071356742,True,far,-1,0.1637987058650955,T2,54.322879438798516,0.1553001227573515,,,,,,,,,,,,,True,False,False,False,False,True,0.0,0.0,2021.06.28.18.03.27_veh-14_00620_01581,not_in_GT(far)
4fbe9cf1d64d58ef,3ce06177c07c51ef,vehicle,17.63539503966578,3.0850687870964224,True,in_gt,0,1.3322127742489227,T0,17.630628123072622,0.4100124278472652,True,False,True,True,True,2.0687926,1.6015879,0.11659496,1.2850713,1.2850713,0.16782182,0.96611726,True,True,False,False,False,True,0.0,0.0,2021.09.16.14.39.34_veh-42_01111_01448,E2+BEVF
4fc373052fb55899,253908267cad55b6,vehicle,41.404696728186195,4.020722150168511,True,side,-1,61.339590804011166,T2,19.858408178044044,36.33170152617774,,,,,,,,,,,,,True,False,False,False,False,True,0.048189521768227106,0.05141049058542402,2021.09.16.19.27.01_veh-45_01749_03230,not_in_GT(side)
4fd0583319865636,def4c948101a5350,vehicle,17.945761159805755,0.0,False,in_gt,0,-1.352260718172082,T2,17.940763262500333,-0.4235058012722641,True,True,True,True,True,0.45260707,0.0016724912,5.9604645e-07,0.78853345,0.78853345,0.06755036,0.9563984,True,True,False,False,False,True,0.0,0.0,2021.09.29.18.19.40_veh-28_00438_00833,E2+BEVF
502fadfdde3554b2,6b8182dafd14517a,vehicle,36.673421279944954,3.906073390482883,True,far,-1,-28.512144529625775,T2,32.22552034380415,-17.505875212264712,,,,,,,,,,,,,True,False,False,False,False,True,-0.003391300810995368,0.23209174460429582,2021.08.30.14.54.34_veh-40_00885_00986,not_in_GT(far)
505e82147a375933,f9cad65a62e75af0,vehicle,22.107829538481813,0.0,False,in_gt,1,0.7533450248697738,T2,22.105918574774268,0.29067312916563104,True,False,True,True,True,2.1001868,4.0793,5.9604645e-07,1.8970888,1.8970888,0.07319122,0.34165776,True,True,False,False,False,True,58.333333333333336,0.0,2021.09.09.17.18.51_veh-48_00657_00876,E2+BEVF
50ab222cd07b5bcd,6ebfbe4527255363,vehicle,30.759531428286685,5.305297734348168,True,in_gt,1,4.899515192825965,T1,30.647136682078084,2.627125211667712,False,False,True,True,True,,3.7993937,0.3955264,,2.8424346,0.016770719,0.25080317,True,True,False,False,False,True,-0.00013120984385661671,0.0001326370283771805,2021.06.28.20.24.43_veh-38_03385_04952,BEVF_only
50ffc42cec865b2e,fc5c914951f352e6,static,27.214401774019656,0.0,False,new,-1,-25.01773040518863,T2,24.661063942754446,-11.50893518659049,,,,,,,,,,,,,True,False,False,False,False,True,0.0,0.0,2021.10.06.07.26.10_veh-52_01245_02064,not_in_GT(new)
516c42e0454456b6,f7ab15e4bccc587b,vehicle,12.790442172708076,4.47206892449396,True,in_gt,0,0.7362385377561206,T0,12.789386227423371,0.16434992906196477,True,True,True,True,True,1.137821,0.9537116,0.14591677,0.32988033,0.32988033,0.031203946,0.95226294,True,True,True,True,True,,0.0,0.0,2021.09.29.19.02.14_veh-28_00540_00917,E2+BEVF
526a568a22795441,748138bb9d8855ef,vehicle,31.05701330255448,0.0,False,in_gt,9,-19.484169078756455,T2,29.278492642756753,-10.358954765954172,False,False,False,True,True,,,5.9604645e-07,,9.549631,0.039162137,0.21547388,True,True,True,False,True,,-2.38530629459458,-41.666666666666664,2021.09.09.17.18.51_veh-48_00889_01147,BEVF_only
526b66c665085401,fa7478d478d75976,vehicle,25.89629196269114,0.0,False,in_gt,2,4.327194719768864,T0,25.82247286022638,1.9539275318736227,True,False,False,True,True,0.011563618,,5.9604645e-07,1.077904,1.077904,0.05136916,0.41492325,True,True,True,True,True,,0.0017804663770881746,-94.6034989416229,2021.09.16.15.47.30_veh-45_01199_01391,E2+BEVF
529d2e20dc615c3b,3ce06177c07c51ef,vehicle,19.409583674837503,3.8724277251219203,True,in_gt,0,1.1602029517115493,T0,19.405604490560254,0.3930048173574301,True,True,True,True,True,1.9400786,1.395457,0.03990558,1.2480173,0.9932206,0.088097066,0.5004498,True,True,False,False,False,True,0.0,0.0,2021.09.16.14.39.34_veh-42_01111_01448,E2+BEVF
52c6827af61d5b87,57ca57c61cfe5c36,vehicle,10.32005351867088,0.808265383364103,True,in_gt,0,-2.714765737710832,T0,10.308471342765106,-0.48879771237371494,True,True,True,True,True,0.5537818,0.22938648,0.33039895,0.1501105,0.1501105,0.054321084,0.9629827,True,True,False,False,False,True,0.0,0.0,2021.06.28.18.03.27_veh-14_00620_01581,E2+BEVF
52f07f442baa5fe5,091c0ee77bc55cd6,vehicle,13.893597129477012,0.7354006730235878,True,in_gt,0,-9.868107355849412,T2,13.688039619296148,-2.3810948273411556,True,True,True,True,True,0.72797155,0.3376061,0.29612938,0.63400745,0.6340075,0.03403912,0.8257139,True,True,False,False,False,True,0.0006398534318441396,-0.005620135516232194,2021.09.29.18.19.40_veh-28_00438_00833,E2+BEVF
534efc35151f543d,ff2090a9dddf51d5,static,13.112924560915069,0.0,False,in_gt,7,-7.3200447957920565,T0,13.006053289889568,-1.6707388667300451,True,True,True,False,False,0.014501225,0.015538933,,0.85816276,0.674944,1.6792719,0.6223472,True,True,True,False,True,,0.0,-73.02915114131523,2021.10.06.08.16.17_veh-52_00612_00782,E2_only
544d2652bcc551db,fa38b5d8901f50be,static,23.686929229100826,0.0,False,in_gt,2,-47.71229668862225,T2,15.937839396648345,-17.523010348426865,True,True,False,True,True,0.0094952425,,0.0010971397,0.91252804,0.91252804,0.024696887,0.32933536,True,True,True,True,False,True,0.0,0.0,2021.06.03.13.55.17_veh-35_02419_02561,E2+BEVF
54b1308d42085066,34f4d72a1e8553ec,vehicle,28.720562359193462,0.0,False,in_gt,5,4.1800952025077525,T0,28.644161651122204,2.093491230624199,True,True,True,True,True,0.052302163,0.053888787,5.9604645e-07,0.61558896,0.6155889,0.0759631,0.33075482,True,True,True,False,True,,-0.0009585996795791196,-94.80333025650597,2021.09.29.18.19.40_veh-28_01268_01685,E2+BEVF
54e010de01625177,729ab0caace75995,vehicle,36.43445394069174,7.896293681569639,True,far,-1,-1.9301930266559661,T2,36.41378123054691,-1.227179876895561,,,,,,,,,,,,,False,False,False,False,False,True,0.0,0.0,2021.10.06.08.16.17_veh-52_01590_01725,not_in_GT(far)
54fbc5743190519c,03050c215c3350a0,vehicle,11.098545518725171,7.6065452889424074,True,behind,-1,167.82708251094527,T2,-10.849002201858235,2.340270038967669,,,,,,,,,,,,,True,False,False,False,False,True,-7.49354119866652e-05,0.0010033191371383587,2021.09.09.17.18.51_veh-48_00098_00328,not_in_GT(behind)
550045c2be39530a,ad93ef938d0a53e4,vehicle,74.29234848310925,9.947980161626656,True,far,-1,-18.38380500080446,T2,70.50085287991554,-23.430381694292766,,,,,,,,,,,,,True,False,False,False,False,True,0.0,0.0,2021.09.29.18.19.40_veh-28_00438_00833,not_in_GT(far)
5593db2f64115fbf,56b7bb1b38875710,vehicle,25.771770710661354,3.3444653768561348,True,in_gt,0,1.3654143462655703,T0,25.76445296403878,0.6141083184061049,True,True,True,True,True,1.9466882,0.808745,1.7359397,0.5092677,0.5092677,0.63033926,0.7152233,True,True,False,False,False,True,0.0,0.0,2021.09.29.19.02.14_veh-28_00964_01689,E2+BEVF
55eed45c895852b9,bd20237b782855bf,vehicle,9.528632805401559,0.0,False,in_gt,0,-10.627654948532614,T1,9.365182896360595,-1.7573253705246903,True,True,True,True,True,0.012011383,0.052421134,5.9604645e-07,0.399458,0.39137858,0.0071701813,0.46660087,True,True,True,False,False,True,41.666666666666664,0.0,2021.08.30.14.54.34_veh-40_00439_00835,E2+BEVF
5603aa72d59e58b2,89e1e2eb67bd53c2,vehicle,19.151363530960705,0.0,False,in_gt,2,1.1448048079072726,T2,19.14754080751192,0.3826305263271781,True,True,True,True,True,0.10900339,0.021811176,5.9604645e-07,0.5125558,0.5125558,0.02515087,0.96589214,True,True,False,False,False,True,0.0,0.0,2021.09.09.14.18.22_veh-48_00322_00895,E2+BEVF
57dceadaafe053ef,981fb8fe8d605018,vehicle,25.745017745336384,6.312649749593467,True,in_gt,1,-4.5651640579767,T0,25.663340526065163,-2.0491197502602976,True,True,True,True,True,1.0399184,0.72078085,0.398062,0.19954136,0.19954136,0.100268185,0.58004355,True,True,False,False,False,True,0.0,0.0,2021.08.30.16.16.44_veh-40_00779_01088,E2+BEVF
57fa478b9b1e5de3,bc9410280ec250e2,vehicle,30.95361049916002,0.0,False,in_gt,6,-43.958898896348295,T2,22.28158284914481,-21.486206474629377,True,False,True,True,True,0.02050508,0.031893108,5.9604645e-07,1.6101679,1.610168,0.02496967,0.38001516,True,True,False,False,False,True,0.0,0.0,2021.09.09.14.18.22_veh-48_00322_00895,E2+BEVF
581b5ae61b1c569d,eb831d3c2c1e5e53,vehicle,20.92638137482255,0.0,False,in_gt,2,2.936154882995484,T2,20.898909914048815,1.071915038140733,True,True,True,True,True,0.00094019825,0.07380491,5.9604645e-07,0.44052893,0.4405289,0.05637574,0.44050014,True,True,False,False,True,,-41.666666666666664,-41.666666666666664,2021.06.28.20.24.43_veh-38_03385_04952,E2+BEVF
585a681f4ad95682,bd20237b782855bf,vehicle,14.633405152225766,0.0,False,in_gt,0,9.702850951344958,T1,14.424075522073538,2.466291078260345,True,True,True,True,True,0.010103853,0.029394865,5.9604645e-07,0.67901874,0.67901874,0.015509963,0.9086871,True,True,False,False,False,True,0.0,0.0,2021.08.30.14.54.34_veh-40_00439_00835,E2+BEVF
58911c0c8e3f5906,44c3659c317556b5,vehicle,31.41042834317702,0.5537298525822179,True,in_gt,0,-0.15866067875238044,T1,31.410307912553012,-0.08698011535894068,False,False,True,True,True,,1.812978,0.23983485,,2.5430558,0.025911907,0.18040577,True,True,False,False,False,True,0.0,0.0,2021.09.09.18.04.06_veh-40_00743_01071,BEVF_only
58a10d0c924050cf,609a5bc319015d3b,vehicle,25.37101267534219,0.0,False,in_gt,5,-39.20448489296096,T0,19.659871209831973,-16.0367623972295,True,True,True,True,True,0.09162879,0.029804805,5.9604645e-07,0.86945856,0.8694585,0.10684847,0.67900026,True,True,False,False,False,True,0.0,0.0,2021.09.29.15.23.04_veh-28_00814_01101,E2+BEVF
58b6adc2f0495506,145038333dc551ef,vehicle,32.106935397623936,0.8493194174822036,True,far,-1,2.3385649713487853,T2,32.08019534967042,1.3101018869467858,,,,,,,,,,,,,True,False,False,False,False,True,0.0,0.0,2021.09.29.18.19.40_veh-28_01268_01685,not_in_GT(far)
58cf6aaf126b5727,40c23b2e4af75ee9,static,12.048691690130719,0.0,False,in_gt,31,5.50104973034275,T1,11.993200743969402,1.1550356525565846,False,False,True,False,False,,0.008904079,,,2.815703,4.3905845,0.26390952,True,True,False,False,False,True,0.0,0.0,2021.06.28.13.53.26_veh-26_00492_00696,neither
592f9e4317dd52e2,42dc37bbfa085a84,vehicle,3.817952701688905,4.228651441779574,True,in_gt,1,-64.04368751373373,T1,1.671063289697055,-3.432828325762951,True,True,True,True,True,0.30702704,1.026373,0.0902978,0.5346622,0.5346622,0.14268987,0.8027706,True,True,False,False,False,True,0.000598308939681047,-0.0008137717223077878,2021.09.29.19.02.14_veh-28_00964_01689,E2+BEVF
59504d2ffda35a72,94ccb6f15efc5f27,static,15.455267743210957,0.0,False,in_gt,19,-3.2422817137867836,T0,15.430528473817887,-0.8741235799545244,True,False,True,True,True,0.009092233,0.0005677292,0.00063903123,1.6807369,1.56354,0.028116586,0.36992705,True,True,False,False,False,True,0.0,0.0,2021.09.29.15.23.04_veh-28_00814_01101,E2+BEVF
59c6eefd08af59b9,225a5fad148c5db7,VRU,32.716013462258175,0.019754914219660906,True,far,-1,6.580010968565464,T2,32.50050666195145,3.7489469960387325,,,,,,,,,,,,,True,False,False,False,False,True,0.0027424598508463127,0.0019083602648128917,2021.09.29.18.19.40_veh-28_01268_01685,not_in_GT(far)
5a064a908e64596b,4be9fae091e35b13,vehicle,12.652700327954825,6.065437683115172,True,in_gt,1,14.422993310763534,T1,12.253928735377542,3.1515164821584998,True,True,True,True,True,1.015384,2.3379328,0.15775938,0.11084797,0.11084798,0.028171632,0.97041357,True,True,False,False,False,True,0.0,0.0,2021.09.29.18.19.40_veh-28_01268_01685,E2+BEVF
5a73f6b4c9855899,fa424b2b36115f9a,vehicle,13.159146759342281,0.6114417834958544,True,in_gt,7,4.546135420055165,T1,13.117745900724568,1.0430176978039603,True,True,True,True,True,0.5845185,0.34968174,0.12790772,0.5511031,0.5511032,0.09160989,0.47094342,True,True,True,True,True,,2.104373333167886,2.043118998620619,2021.09.09.14.18.22_veh-48_00322_00895,E2+BEVF
5aad75c605655367,981fb8fe8d605018,vehicle,25.784455961239843,6.073161178617845,True,in_gt,1,-3.5269009215310887,T0,25.73562085993317,-1.5861866759273422,True,False,True,True,True,0.8503826,1.7638981,0.424698,1.4306996,1.4306996,0.016412603,0.41523376,True,True,False,False,False,True,0.0,0.0,2021.08.30.16.16.44_veh-40_00779_01088,E2+BEVF
5c1b8e332d105b79,7f48ca42610250bd,vehicle,28.04692631209473,1.6083361859295117e-05,False,in_gt,4,-20.115267609451134,T0,26.3361379557728,-9.645616264945184,False,False,False,True,True,,,1.5634972e-05,,8.690655,0.057006028,0.270161,True,True,True,False,False,True,41.666666666666664,0.0,2021.09.09.17.18.51_veh-48_01248_01450,BEVF_only
5c46c17f514b5153,e8c47fcfe4b45f48,static,9.096856390499406,0.0,False,new,-1,6.9904734242898465,T2,9.029234009303975,1.1071266389164107,,,,,,,,,,,,,True,False,False,True,False,True,0.0,41.666666666666664,2021.10.06.07.26.10_veh-52_01245_02064,not_in_GT(new)
5c9d51dc830453c5,b1f2de6938695db3,static,41.49320408502829,0.0,False,new,-1,-3.750796155058749,T2,41.40432623653016,-2.714360724146424,,,,,,,,,,,,,True,False,False,False,False,True,-0.0004480517777460946,-3.6282078053062605e-05,2021.06.28.20.24.43_veh-38_03385_04952,not_in_GT(new)
5ca7353cbe4a5cf7,e98ed44cf97a5c56,vehicle,19.53649506071379,5.536338850669472,True,in_gt,1,-0.243044059128293,T0,19.536319292329807,-0.08287198221611636,True,True,True,True,True,1.9472066,0.8372693,0.08602408,0.11914255,0.11914255,0.015456908,0.93887883,True,True,False,False,False,True,0.0,0.0,2021.06.03.13.55.17_veh-35_02866_03582,E2+BEVF
5cb436b6276f59ae,5041bb9abf9156c5,vehicle,28.288474636548255,2.6741649386641995,True,in_gt,2,53.539391082691886,T2,16.81099157731994,22.751447414393486,False,False,True,True,True,,2.674861,0.17881933,,2.6779587,0.091009974,0.2789844,True,True,False,False,False,True,0.0,0.0,2021.09.16.19.12.04_veh-42_01088_01192,BEVF_only
5d7c7edca69d5e73,2ea57d78f05a562d,vehicle,27.45394252246225,0.0,False,in_gt,0,-44.019954300661524,T1,19.74207047270499,-19.077987668446863,False,False,False,True,True,,,5.9604645e-07,,2.072955,0.026397401,0.0,True,True,True,False,False,True,100.0,0.0,2021.09.16.21.13.37_veh-42_00172_00347,BEVF_only
5d7eedc503ef575c,57ca57c61cfe5c36,vehicle,10.125291414382954,0.6439109073512881,True,in_gt,0,-2.9929969639246825,T1,10.111479748502834,-0.5286809262629302,True,True,True,True,True,0.2819836,0.4326602,0.30581215,0.1936269,0.1936269,0.06211082,0.9667182,True,True,False,False,False,True,0.0,0.0,2021.06.28.18.03.27_veh-14_00620_01581,E2+BEVF
5dae1d43c2e55113,8e1181ff23855985,static,18.69033607624455,0.0,False,in_gt,5,15.301615731262931,T1,18.027763230576774,4.9323843671425855,True,True,True,True,True,0.0039868676,0.010378464,0.00038902252,0.59024847,0.5902485,0.0059218733,0.3146873,True,True,False,False,False,True,0.0,0.0,2021.05.25.14.16.10_veh-35_01690_02183,E2+BEVF
5dc491914c6a595f,ffe8795211695606,static,22.41585371959306,0.0,False,in_gt,0,-1.9227431322167539,T0,22.403233067244134,-0.7520944840464159,True,False,True,False,False,0.011572511,0.0155887315,,1.480092,1.480092,3.5437956,0.33167326,True,True,False,False,False,True,0.0,0.0,2021.06.28.20.24.43_veh-38_03385_04952,E2_only
5e74b6a61b715f47,bb019a036b0c50b9,vehicle,17.959346279365146,0.0,False,in_gt,15,46.98827270355994,T0,12.25093284985384,13.132127135027241,True,False,True,True,True,0.12648912,0.08877371,5.9604645e-07,1.3776159,1.3776159,0.010202904,0.3168823,True,True,False,False,False,True,0.0,0.0,2021.09.16.19.27.01_veh-45_01749_03230,E2+BEVF
5ed4446679c35566,f6306bc3616958f7,vehicle,88.42168970152026,12.598318428013593,True,new,-1,3.6593479538370435,T2,88.2414114524714,5.64344881677723,,,,,,,,,,,,,True,False,False,False,False,True,-0.0005718547669841811,0.012438694950478446,2021.09.16.19.12.04_veh-42_01438_01677,not_in_GT(new)
5f3fbfc334c0579c,962fe2bdb2ab5777,vehicle,29.18120042947722,0.0,False,in_gt,1,19.030692612015642,T2,27.586273826450725,9.515248545224722,False,False,True,True,True,,2.0133643,5.9604645e-07,,3.0125406,0.05494134,0.2302683,True,True,False,False,False,True,0.0,0.0,2021.05.25.14.16.10_veh-35_01100_01664,BEVF_only
5fe06174763b5c36,8815abe6756d5380,static,24.863623366107234,0.0,False,new,-1,0.9328641881455807,T2,24.860327903360968,0.4048004804909573,,,,,,,,,,,,,True,False,True,False,True,,-2.127119813800582,-36.71538575091731,2021.06.28.16.29.11_veh-38_03263_03766,not_in_GT(new)
602c93fe201356c2,1a2911ec03425eb5,vehicle,21.781830425452263,5.304437074983534,True,in_gt,0,0.8962762494910292,T0,21.779165444971657,0.34071865770820864,False,False,False,True,True,,,0.43475807,,2.8491073,0.070284165,0.0,True,True,False,False,False,True,0.0,0.0,2021.09.09.18.29.25_veh-39_00969_01184,BEVF_only
60a317c40ae656c0,5ae6225323c857eb,vehicle,30.768440539901988,0.0,False,in_gt,3,-6.829927916235663,T0,30.5500930843656,-3.659063513261474,False,False,False,True,True,,,5.9604645e-07,,2.2549617,0.24284777,0.23249158,True,True,True,False,True,,0.0,-100.0,2021.09.09.18.04.06_veh-40_00743_01071,BEVF_only
6104f0887cc25767,a5fccb11a1f55d92,vehicle,20.51606438919521,2.7406696442585186,True,in_gt,0,-0.2799260619025935,T1,20.51581953666408,-0.10023353049956718,True,True,True,True,True,0.7287785,0.25290596,0.026160643,0.4692887,0.46928868,0.04801109,0.9681111,True,True,False,False,False,True,0.0,0.0,2021.09.16.14.39.34_veh-42_01111_01448,E2+BEVF
612903ce91a2507c,05e67f36e57753e2,vehicle,26.951188315817575,3.908896678927814,True,in_gt,0,-2.2236451523189715,T1,26.930893780398353,-1.045711156851203,True,False,True,True,True,2.8914196,3.659672,0.11457563,1.1614734,1.1614735,0.03924662,0.93744665,True,True,False,False,False,True,0.0,0.0,2021.09.09.18.04.06_veh-40_00555_00731,E2+BEVF
61421159b240530d,426f5a6893f55c1d,vehicle,36.061486115410915,0.0,False,far,-1,7.332208186677303,T2,35.76660621963572,4.602245145740236,,,,,,,,,,,,,True,False,False,False,False,True,0.0,0.0,2021.06.28.16.57.59_veh-26_00016_00484,not_in_GT(far)
6183ed1d16f05d11,45910e05652d5fce,vehicle,13.772334373063797,3.019846222444505,True,in_gt,0,-0.2793245298498509,T0,13.77217071040944,-0.06714169207645071,True,True,True,True,True,0.8550663,0.7874189,0.46829465,0.35641518,0.35641518,0.020120278,0.94885343,True,True,False,False,False,True,0.0,0.0,2021.09.29.18.19.40_veh-28_00844_01218,E2+BEVF
618e368153135092,d2b222744093511c,vehicle,43.01613008804056,0.0,False,far,-1,-0.8103984966348075,T2,43.01182733827636,-0.6084051064303075,,,,,,,,,,,,,True,False,False,False,False,True,0.0,0.0,2021.09.29.19.02.14_veh-28_00273_00514,not_in_GT(far)
61984566807c5b11,13b7ac2541e75b0d,vehicle,14.557440254195345,0.0,False,in_gt,0,-26.129769553951217,T0,13.069653445224024,-6.411179733575626,True,True,True,True,True,0.042313688,0.061522704,5.9604645e-07,0.43169218,0.4316922,0.028199112,0.9481294,True,True,False,False,True,,-100.0,-100.0,2021.10.06.08.16.17_veh-52_01430_01579,E2+BEVF
61a236d173ef5055,91f5e61ef76450eb,vehicle,18.824805808197468,6.469567261216332,True,in_gt,1,0.7199738399489618,T0,18.82331958867017,0.23654466624933246,True,True,True,True,True,0.8449516,1.0331359,0.22221023,0.060718037,0.060718037,0.081212565,0.9638279,True,True,False,False,False,True,0.0,0.0,2021.06.03.13.55.17_veh-35_02866_03582,E2+BEVF
61e104b6c5d35dc6,3ce080846aa957ac,vehicle,28.597624806143106,2.7613393801114245,True,in_gt,0,4.653038047401613,T1,28.50337310236481,2.319884984286448,False,False,False,True,True,,,0.25666648,,3.2821653,0.025421191,0.25013167,True,True,False,False,True,,-41.657364699510765,-41.63556629761772,2021.09.29.15.23.04_veh-28_00814_01101,BEVF_only
620f272061ea5f3a,fca1c652f4975806,vehicle,5.7880463744689985,7.83153702380711e-05,True,behind,-1,178.17406702288605,T1,-5.785107441709851,0.18442538024095523,,,,,,,,,,,,,True,False,False,False,False,True,0.0,0.0,2021.06.03.18.47.39_veh-35_00503_00777,not_in_GT(behind)
624b5f7f1f4a503e,df9bcc7b5cd35c5e,VRU,29.946623497840402,1.3512903191267436,True,in_gt,3,20.436162895006262,T2,28.061836844855925,10.456269497965963,False,False,True,True,True,,1.5185723,0.13942397,,11.156009,0.01580544,0.28168637,True,True,False,False,False,True,0.0,0.0,2021.09.16.19.49.00_veh-42_00990_01609,BEVF_only
62b0d1b0d5b35c44,bde51c81803a595a,static,24.142858868950086,0.0,False,in_gt,8,-3.1053258677108047,T0,24.107408440766175,-1.3078580336250492,False,False,True,True,True,,0.0039919,0.0003685481,,2.025608,0.04861033,0.29116365,True,True,True,False,True,,-100.0,-70.83333333333333,2021.10.06.07.26.10_veh-52_00953_01126,BEVF_only
62eac0a6b7e05fbf,2a4aa3dfdc85510c,vehicle,21.52503463763954,3.0337942275131002,True,in_gt,1,37.14231343896163,T2,17.15842816117575,12.996748023615481,True,True,True,True,True,3.0313535,3.0302637,0.5900947,1.9121909,0.7720191,0.056264497,0.38091218,True,True,False,False,False,True,0.0,0.0,2021.09.16.19.12.04_veh-42_01088_01192,E2+BEVF
635495c0e2295c4d,05e67f36e57753e2,vehicle,25.285029946681373,3.1045305794903886,True,in_gt,0,-2.3389410339535677,T1,25.26396470499244,-1.0319044478391444,True,True,True,True,True,3.097875,3.1160617,0.21149114,0.23509462,0.23509462,0.061643213,0.9517001,True,True,False,False,False,True,0.0,0.0,2021.09.09.18.04.06_veh-40_00555_00731,E2+BEVF
63a10444501d5ead,0fe8607e60ca5be1,vehicle,23.12348429249572,1.2682352194044608,True,in_gt,3,4.7700597244899035,T0,23.043394938883253,1.9228820858144111,False,False,False,True,True,,,0.06062353,,7.989117,0.19832414,0.0,True,True,False,False,False,True,0.0,0.0,2021.09.29.18.19.40_veh-28_01268_01685,BEVF_only
63b69a3c54e95277,225a5fad148c5db7,VRU,45.52427962972396,0.10023924223520823,False,far,-1,4.58157654164491,T2,45.37881202444592,3.6364068880285885,,,,,,,,,,,,,True,False,False,False,False,True,-0.0009246825410591519,-0.0007811983389727217,2021.09.29.18.19.40_veh-28_01268_01685,not_in_GT(far)
63b91b18f46a5a96,dd862f54bde95e9d,vehicle,3.6702975249587606,8.720909312161014,True,in_gt,2,59.93540463026381,T1,1.8387311222660787,3.176499926291284,True,True,True,True,True,1.2339108,1.7970998,1.2033225,0.95919293,0.95919293,0.19263755,0.8259323,True,True,False,False,False,True,0.0,0.0,2021.05.25.17.54.41_veh-35_01905_02121,E2+BEVF
6544f1c9668c58c3,d80c25e07e7d5293,VRU,20.85956097177988,0.008269265458702588,False,in_gt,14,-10.126315809027059,T2,20.534621799745366,-3.6675048025633004,True,True,True,True,True,0.062463548,0.0036421737,0.008269731,0.48519012,0.3229795,0.061130278,0.5471039,True,True,False,False,False,True,0.0,0.0,2021.06.28.20.24.43_veh-38_03385_04952,E2+BEVF
65b19795c92c5d77,9d0b14004c5956c2,vehicle,16.498483035547515,0.0,False,in_gt,0,-2.891854820937662,T2,16.477472867350546,-0.8323643312731415,True,True,True,True,True,0.015222675,0.7805404,5.9604645e-07,0.20608652,0.2060865,0.07943549,0.8660613,True,True,False,False,False,True,0.0,0.0,2021.09.29.14.44.26_veh-28_01509_01628,E2+BEVF
65dbd10f84db5a53,ad35e8a82fd05220,vehicle,12.243254994898578,1.7014176476465233,True,in_gt,0,0.9721990658582206,T0,12.241492525386299,0.20773449646206554,True,True,True,True,True,0.24130876,0.47368613,0.019020246,0.13856244,0.13856244,0.027178334,0.9619639,True,True,False,False,False,True,0.0,0.0,2021.06.03.18.47.39_veh-35_00257_00492,E2+BEVF
6618e0dc30c95169,07149dd30118518c,VRU,12.339306283771691,6.090304697707666,True,behind,-1,163.24403193600094,T2,-11.815395829270424,3.557372761236388,,,,,,,,,,,,,True,False,False,False,False,True,0.0,0.0,2021.09.09.17.18.51_veh-48_01248_01450,not_in_GT(behind)
667afe1f010351c5,67740b7f8a4f505f,vehicle,18.65243081345402,0.0,False,in_gt,1,-33.389497511071376,T1,15.573823867040838,-10.264949362226693,True,False,True,True,True,0.086187296,0.11004461,5.9604645e-07,1.039224,1.039224,0.12319329,0.6255255,True,True,False,False,False,True,0.0,0.0,2021.09.16.13.53.10_veh-42_00860_01069,E2+BEVF
66ce3cbf239358c2,e48bcadb583950dc,vehicle,20.79631224263004,0.0,False,in_gt,2,1.5529709779561878,T2,20.78867368850601,0.5636037311641218,True,True,True,True,True,0.81698126,0.07138896,5.9604645e-07,0.6510041,0.6510041,0.051022664,0.94432956,True,True,False,False,False,True,0.0,0.0,2021.09.09.14.18.22_veh-48_00322_00895,E2+BEVF
66f9739ef19d5742,31fc257c8d665120,vehicle,22.780359534963964,2.81881415586397,True,in_gt,0,0.6273002435828208,T1,22.77899422302541,0.24940475055316114,True,True,True,True,True,1.3324032,0.11098029,0.43357888,0.41663522,0.41663522,0.08051231,0.96677166,True,True,False,False,False,True,0.0,0.0,2021.08.30.13.45.25_veh-40_00878_01104,E2+BEVF
67abcf0964415891,64772b46be855998,vehicle,27.248490468038025,0.0,False,in_gt,2,-43.670779900419895,T1,19.70936158244787,-18.815453722913173,True,False,True,True,True,0.036567114,0.014919148,5.9604645e-07,1.1965785,1.1965785,0.035252765,0.3575798,True,True,False,False,False,True,0.0,0.0,2021.09.16.19.27.01_veh-45_00472_00711,E2+BEVF
680f4753a59c5a24,8f5648ab85ae50f0,vehicle,32.78782502092988,0.0,False,far,-1,-3.963152510678018,T2,32.70941966059323,-2.2661277700766913,,,,,,,,,,,,,True,False,False,False,False,True,0.0,0.0,2021.08.30.14.54.34_veh-40_00439_00835,not_in_GT(far)
685911b9ba8b554f,4661649cbeae59af,vehicle,23.30191291923414,4.482810158944063,True,in_gt,0,0.1545666155328942,T0,23.301828128685365,0.0628614092936594,True,True,True,True,True,1.6603793,1.4041032,0.14581704,0.09698041,0.09698041,0.09595726,0.96878403,True,True,True,False,False,True,41.666666666666664,0.0,2021.06.28.20.24.43_veh-38_03385_04952,E2+BEVF
68b83d28894e5bc1,c170999c38ee5895,vehicle,14.63742428145848,9.511380432498504e-05,False,in_gt,0,1.423935444740507,T0,14.632904185558154,0.3637371189540328,True,True,True,True,True,0.011162568,0.012840336,9.516431e-05,0.23360848,0.23360848,0.041104,0.9544575,True,True,True,False,True,,-1.7650054086032263,-41.41753082730095,2021.09.16.17.40.09_veh-45_02539_02745,E2+BEVF
692bea45f3de5fd0,a9d2b8329a4e52fa,vehicle,28.226815595742686,0.0,False,in_gt,4,33.388656272285964,T2,23.56817258510259,15.533652489832559,True,True,True,True,True,0.23187393,2.2686033,5.9604645e-07,0.35136637,0.35136637,0.09437135,0.5117279,True,True,False,False,False,True,-0.000537025783931,0.00048333602861161395,2021.09.16.13.53.10_veh-42_00630_00818,E2+BEVF
695beb73604159b7,ba1bf00024785184,VRU,34.616268022190646,0.07063332288355469,False,new,-1,3.368780057096708,T2,34.556450945845114,2.0341361339740125,,,,,,,,,,,,,True,False,False,False,False,True,0.0,0.0,2021.09.29.19.02.14_veh-28_00964_01689,not_in_GT(new)
69742b86e6b25ecc,fa424b2b36115f9a,vehicle,11.565822257549119,1.8232074616821252,True,in_gt,0,7.6133356267713,T0,11.463866419092492,1.5323221653497319,False,False,True,True,True,,1.1826838,0.16968326,,6.2353997,0.072469525,0.26835042,True,True,False,False,True,,-41.66724721472359,-41.66639206496168,2021.09.09.14.18.22_veh-48_00322_00895,BEVF_only
697882c22eb65ca7,278fe24ea503523e,static,23.003227588856422,0.0,False,in_gt,1,0.35893334685027467,T1,23.0027762115584,0.14410435693754464,True,True,True,True,True,0.00024241713,0.0010403993,0.00048381145,0.035432596,0.035432596,0.056432568,0.5880071,True,True,False,False,False,True,0.0,0.0,2021.05.25.14.16.10_veh-35_03373_03550,E2+BEVF
69976d75e3a5521e,e978180826cd57e3,static,14.847837354474867,0.0,False,new,-1,1.5162113008026668,T1,14.842638806510779,0.39287067134045817,,,,,,,,,,,,,True,False,False,False,False,True,0.0,0.0,2021.06.28.15.02.02_veh-38_02398_02848,not_in_GT(new)
69dcc80901db5a29,091c0ee77bc55cd6,vehicle,15.988166555443675,2.5786269565269877,True,in_gt,3,-1.0047902754170648,T0,15.985708095597353,-0.28036848425051986,True,True,True,True,True,0.3162567,0.049584918,0.5078766,0.061743114,0.061743114,0.043169495,0.96526027,True,True,False,False,False,True,0.0,0.0,2021.09.29.18.19.40_veh-28_00438_00833,E2+BEVF
6a8a6b3a7d5f55cd,60d91019e97c53a0,vehicle,14.721943866011756,0.0,False,in_gt,0,0.750777345650703,T2,14.720679985545038,0.19290401026137827,True,True,True,True,True,0.01487498,0.13230507,5.9604645e-07,0.09647016,0.09647017,0.027646387,0.95855343,True,True,False,False,False,True,0.0,0.0,2021.05.25.15.59.03_veh-30_04027_04200,E2+BEVF
6aaf052582e35b0c,1644de30256851a9,vehicle,16.28862131944893,0.0,False,in_gt,3,0.9235704301771168,T2,16.28650520232231,0.26255053443945364,True,True,True,True,True,2.4629085,1.085601,5.9604645e-07,0.63555735,0.63555735,0.011680465,0.9477606,True,True,False,False,False,True,0.0,0.0,2021.09.29.18.19.40_veh-28_00844_01218,E2+BEVF
6adef8f2b0795473,03050c215c3350a0,vehicle,17.402973021003408,8.021834674538457,True,behind,-1,172.4418907644671,T2,-17.251775506936134,2.289041683336288,,,,,,,,,,,,,True,False,False,False,False,True,0.0,0.0,2021.09.09.17.18.51_veh-48_00098_00328,not_in_GT(behind)
6ae2bcc5c2c050e4,ba1bf00024785184,VRU,20.44529455644119,0.07063332288355469,True,new,-1,5.7419769732579775,T1,20.342711060839896,2.0455258968846994,,,,,,,,,,,,,True,False,False,False,False,True,0.0,0.0,2021.09.29.19.02.14_veh-28_00964_01689,not_in_GT(new)
6b4cf0c1208155f5,60d91019e97c53a0,vehicle,22.698555515715295,0.7448337180838778,True,in_gt,0,2.1574939917522675,T2,22.682464967802197,0.854520616740923,True,True,True,True,True,0.7906088,0.49846378,0.16371399,0.4577003,0.4577003,0.057054035,0.94857484,True,True,False,False,False,True,7.231614018721189e-06,-0.0016931425967259273,2021.05.25.15.59.03_veh-30_04027_04200,E2+BEVF
6c3bb8f40a9a533c,42dc37bbfa085a84,vehicle,4.040270771244571,3.8559588662731374,True,in_gt,1,-62.587583009898644,T1,1.8601090640514544,-3.5866115171296187,True,True,True,True,True,0.8359032,0.18734999,0.18747663,0.75783134,0.7578314,0.1122203,0.726041,True,True,False,False,False,True,0.0,0.0,2021.09.29.19.02.14_veh-28_00964_01689,E2+BEVF
6c5d84e81aca5755,5b29fbcf57f4515e,vehicle,23.18282239381433,4.473505341693876,True,in_gt,0,-0.36484607745738473,T0,23.18235238181786,-0.14762177469089366,True,True,True,True,True,0.09763837,0.59419996,0.11760784,0.5454612,0.5454612,0.97477716,0.94661975,True,True,False,False,False,True,6.773584299013535e-05,-0.00016567118904520228,2021.09.16.15.12.03_veh-42_01037_01434,E2+BEVF
6c84b52f0d155cac,4be9fae091e35b13,vehicle,13.471300052104736,7.849784273320941,True,in_gt,0,-1.9696701939432089,T0,13.463340685583542,-0.463014770550493,True,True,True,True,True,1.1253068,0.7153688,0.17349067,0.057001017,0.05700102,0.026314856,0.9617601,True,True,False,True,False,True,0.0,41.666666666666664,2021.09.29.18.19.40_veh-28_01268_01685,E2+BEVF
6d540c863075575c,66ae8c73cd9254c1,vehicle,25.16741533821854,0.0,False,in_gt,0,5.206749181669359,T2,25.063567424966095,2.2839401788523723,True,False,True,True,True,2.5999255,0.08006319,5.9604645e-07,1.2044572,1.2044572,0.06951964,0.875731,True,True,False,False,False,True,0.0,0.0,2021.09.09.17.18.51_veh-48_01248_01450,E2+BEVF
6d605a6595d75fa9,0aa57b321f795176,vehicle,33.71120596732007,0.0,False,far,-1,2.0398948835319715,T2,33.68984264806497,1.199962549290154,,,,,,,,,,,,,True,False,False,False,False,True,0.0,0.0,2021.06.28.16.29.11_veh-38_00022_00368,not_in_GT(far)
6d66b095f93750f7,f48cf75dae275432,vehicle,24.720221185261828,0.0,False,in_gt,8,-45.50932926650157,T1,17.323760906634256,-17.634529863255167,True,True,True,True,True,0.027016398,0.6142239,5.9604645e-07,0.9789743,0.9789743,0.09877129,0.50032043,True,True,True,False,False,True,100.0,0.0,2021.08.30.16.16.44_veh-40_01099_01351,E2+BEVF
6e0a467af0205f04,04f4f17b0d865512,vehicle,20.711953263771,0.0,False,in_gt,0,0.35100161347962505,T2,20.711564610198238,0.12688340402986142,True,False,True,True,True,0.7610393,1.0011048,5.9604645e-07,1.0884274,1.0884274,0.03550843,0.9624084,True,True,True,False,False,True,37.84603602246284,0.0,2021.09.16.19.27.01_veh-45_01749_03230,E2+BEVF
6e10835f184d5921,cd926e87fe2b5914,static,33.637389898596744,0.0,False,far,-1,2.7163377136748745,T2,33.599594997767326,1.5941189341536148,,,,,,,,,,,,,True,False,False,False,False,True,-0.00021736250566117832,0.003941284638575571,2021.09.09.17.18.51_veh-48_01248_01450,not_in_GT(far)
6e395976280452e1,bf2be96a10ab544d,vehicle,18.65035952590997,2.2735381319901,True,in_gt,0,-6.838556911649834,T1,18.51767348106937,-2.220738456955459,True,True,True,True,True,1.4907174,1.9439594,0.24615645,0.11168754,0.11168754,0.0910217,0.9393665,True,True,False,False,False,True,0.0,0.0,2021.06.28.20.24.43_veh-38_03385_04952,E2+BEVF
6efbee464bcd5780,5d9d0e4a8e975610,vehicle,3.5142795937330495,8.568927231055095,True,fov,-1,85.81052177334958,T1,0.25673586958540684,3.504889121812094,,,,,,,,,,,,,True,False,True,False,False,True,41.67987772190958,0.0035017820655069976,2021.06.28.20.24.43_veh-38_03385_04952,not_in_GT(fov)
6f8c03f8038757cc,275b0df243be5f44,vehicle,20.657148088533038,1.2877796466689593,True,in_gt,1,25.561551165888268,T2,18.63527349574995,8.913155944455571,True,False,True,True,True,1.2886828,1.2882657,0.80467635,1.0438888,1.0438888,0.11569345,0.9282937,True,True,False,False,False,True,0.0,0.0,2021.09.16.19.27.01_veh-45_01749_03230,E2+BEVF
6fed9368351f54d5,b60c96690bdb5590,VRU,22.10137221600516,0.009749430048537157,False,in_gt,11,15.025888212220543,T2,21.345699431515037,5.72990136126473,False,False,False,False,False,,,,,6.625617,0.59447247,0.071221575,True,True,False,False,False,True,0.0,0.0,2021.05.25.14.16.10_veh-35_01100_01664,neither
70679dba8428549e,9d0b14004c5956c2,vehicle,23.461006250398245,0.0,False,in_gt,0,-1.5444915218991004,T1,23.452482786351247,-0.6323491417911349,True,False,True,True,True,1.6894705,3.6073391,5.9604645e-07,1.5810446,1.5810446,0.21671556,0.65105134,True,True,False,False,False,True,0.0,0.0,2021.09.29.14.44.26_veh-28_01509_01628,E2+BEVF
70b9e5ded0b057d7,ad35e8a82fd05220,vehicle,10.681598366758527,1.3909770428164288,True,in_gt,0,1.0456485194588623,T0,10.679819594352944,0.1949284504974358,True,True,True,True,True,0.58111584,0.65757895,0.053546168,0.14725067,0.14725067,0.05263853,0.96587414,True,True,False,False,False,True,0.0,0.0,2021.06.03.18.47.39_veh-35_00257_00492,E2+BEVF
70bf5f0d100d580f,d80c25e07e7d5293,VRU,16.809903168553678,0.05012588393774204,False,in_gt,14,-6.523763428637037,T1,16.701056005987777,-1.9098619900428808,True,True,True,True,True,0.036172155,0.14285262,0.050126024,0.3478788,0.3478788,0.082889296,0.89035064,True,True,False,False,False,True,0.0,0.0,2021.06.28.20.24.43_veh-38_03385_04952,E2+BEVF
70d9d518ad0f5382,56b7bb1b38875710,vehicle,24.108584499390805,2.971276013506887,True,in_gt,0,1.632586166345758,T0,24.09879818210807,0.6868571483877464,True,True,True,True,True,1.4206647,0.4053741,0.078638844,0.4386232,0.43862322,0.34931794,0.75601625,True,True,False,False,False,True,0.0,0.0,2021.09.29.19.02.14_veh-28_00964_01689,E2+BEVF
70f718ebc8b4505e,f7ab15e4bccc587b,vehicle,13.12786784661116,4.662573377280804,True,in_gt,0,0.4729854608863168,T0,13.127420533063566,0.10837133471651139,True,True,True,True,True,0.4102812,0.1686615,0.16359568,0.19139576,0.19139576,0.015731713,0.9507096,True,True,True,True,True,,-2.5341519838047666,0.0,2021.09.29.19.02.14_veh-28_00540_00917,E2+BEVF
7178178922315ef7,d5600e8de1f5558c,vehicle,23.661426398302353,0.0,False,in_gt,0,0.2452400642152911,T2,23.661209653924658,0.10127643014044807,True,True,True,True,True,1.2467471,0.51219565,5.9604645e-07,0.57525414,0.57525414,0.038803153,0.96823186,True,True,False,False,False,True,0.0,0.0,2021.08.30.13.45.25_veh-40_01116_01336,E2+BEVF
719a6c965dd55d00,dd862f54bde95e9d,vehicle,3.0353954297211914,9.662417852270648,True,fov,-1,80.11221876293179,T1,0.5212351111349777,2.9903075717545184,,,,,,,,,,,,,True,False,True,True,False,True,41.666666666666664,41.666666666666664,2021.05.25.17.54.41_veh-35_01905_02121,not_in_GT(fov)
7316c116f05d57a5,6547dda70652591b,vehicle,16.779133088499226,0.0,False,in_gt,0,51.268950935068105,T1,10.498124463716943,13.089258571281926,True,True,True,True,True,0.104375616,0.1706799,5.9604645e-07,0.49751648,0.49751648,0.007794886,0.4687098,True,True,False,False,False,True,0.0,0.0,2021.09.09.17.18.51_veh-48_01248_01450,E2+BEVF
7320f05fb6675c76,af5e8ed6d7f2528b,vehicle,20.57131768408534,0.0,False,in_gt,0,-12.181590264052886,T1,20.10812864341622,-4.340768793587882,True,True,True,True,True,1.126398,0.4857429,5.9604645e-07,0.4104665,0.4104665,0.059305817,0.9580582,True,True,False,False,False,True,-0.00018478176535552393,0.0004915671823479961,2021.09.16.14.39.34_veh-42_00297_00935,E2+BEVF
7335659408525112,3765e3f0aff95331,vehicle,17.95993247785449,0.0,False,in_gt,7,56.21903462006158,T1,9.9860729962769,14.927743323159124,True,False,False,True,True,0.030881524,,5.9604645e-07,1.7637107,1.7637106,0.0056699067,0.57467794,True,True,False,False,False,True,0.0,0.0,2021.09.16.14.39.34_veh-42_01111_01448,E2+BEVF
73939fc4dcdf57c4,8eb6a343b3115a46,vehicle,35.83471553902142,0.9019125325364671,True,in_gt,4,-43.37052896950709,T2,26.049257726409003,-24.608189890069198,False,False,False,True,True,,,0.6769271,,3.5047054,0.219266,0.2152455,True,True,True,False,False,True,41.666666666666664,0.0,2021.09.16.21.13.37_veh-42_00172_00347,BEVF_only
73bc1971e0735c22,2de767edf87e5217,vehicle,26.492103010472626,0.7254305551744596,True,in_gt,0,2.0210851509445504,T2,26.475622700949202,0.934304294368852,False,False,False,True,True,,,0.5157213,,2.9972463,0.028656995,0.14200725,True,True,False,False,False,True,0.29888697681487164,0.2981400826252534,2021.09.09.14.18.22_veh-48_01298_01492,BEVF_only
73bc5ba81812539f,0a36d204ea435f4a,static,7.549297111588853,0.0,False,new,-1,-7.225310588863415,T1,7.489349941218352,-0.9494863543076661,,,,,,,,,,,,,True,False,False,False,False,True,0.0,0.0,2021.10.06.07.26.10_veh-52_01245_02064,not_in_GT(new)
741d60ca8b7b5cb4,091c0ee77bc55cd6,vehicle,12.801379695751725,7.666724670317058e-05,False,in_gt,0,-10.943892178346776,T2,12.568568243051653,-2.4303115920716927,True,True,True,True,True,0.021473289,0.24799164,0.042496525,0.2905182,0.2905182,0.04938754,0.9499081,True,True,False,False,False,True,0.0,0.0,2021.09.29.18.19.40_veh-28_00438_00833,E2+BEVF
7444ae8aea51554e,9c4c7ed894fc5071,vehicle,68.36873707199585,8.162492777034284,True,side,-1,-36.6747161565313,T2,54.834413337257885,-40.834682841653795,,,,,,,,,,,,,True,False,False,False,True,,-41.666666666666664,-41.666666666666664,2021.09.09.17.18.51_veh-48_01462_01552,not_in_GT(side)
74cc0056b2c05248,2297d65ed709558a,vehicle,29.542266287444736,0.0,False,in_gt,1,5.931523948547569,T0,29.384100256671807,3.0528919902534266,False,False,True,True,True,,0.5687961,5.9604645e-07,,34.83481,0.07031945,0.2840069,True,True,False,False,False,True,0.0,0.0,2021.09.29.14.44.26_veh-28_01331_01485,BEVF_only
759af2e479de5bbb,4b314b720f995311,static,30.31015408644989,0.0,False,in_gt,1,-1.4292841682288029,T2,30.300723742594343,-0.7560300386324064,True,True,True,True,True,0.00082665234,0.006359937,0.0004345896,1.3197088,0.15920112,0.008117804,0.4347589,True,True,False,False,False,True,0.009967909909175399,-0.001209560919074315,2021.06.03.17.06.58_veh-35_03860_03992,E2+BEVF
75c40d79f7135ea0,4661649cbeae59af,vehicle,27.104250423101163,5.604248101631884,True,in_gt,0,0.3735430888586884,T0,27.10367439719764,0.17670644830537385,True,True,True,True,True,0.081372984,0.5608579,0.34140638,0.49804944,0.49804944,0.12211618,0.61491114,True,True,False,False,False,True,0.0,0.0,2021.06.28.20.24.43_veh-38_03385_04952,E2+BEVF
7686d88b5ae4513e,44c3659c317556b5,vehicle,35.1608322816094,0.6505132617173515,True,far,-1,1.2445157655943593,T2,35.15253821313689,0.763664788645066,,,,,,,,,,,,,True,False,False,False,False,True,0.0,0.0,2021.09.09.18.04.06_veh-40_00743_01071,not_in_GT(far)
76a0c83f0b6453a0,091c0ee77bc55cd6,vehicle,18.133737012351887,4.719117642503515,True,in_gt,3,-0.8119006158928642,T0,18.131916429167585,-0.25695260034360423,True,True,True,True,True,1.2055299,0.4939613,0.3859555,0.07336821,0.07336821,0.085285485,0.95805925,True,True,False,False,False,True,0.0,0.0,2021.09.29.18.19.40_veh-28_00438_00833,E2+BEVF
76b4369e21a15a7a,fb7a3fe0db425a3a,vehicle,15.462667575217782,3.1448221322255625,True,in_gt,0,-2.2163507258647335,T0,15.45110027583033,-0.5979872974631564,True,True,True,True,True,0.7004799,0.55279636,0.045037217,0.4323218,0.4323218,0.068269566,0.9621713,True,True,False,False,False,True,0.0,0.0,2021.06.03.17.06.58_veh-35_02571_02742,E2+BEVF
771c4e378bef58e4,e6873f8659265a7d,vehicle,9.197367675288813,0.0,False,in_gt,0,1.2006649590668073,T1,9.19534830451211,0.19272185437517297,True,True,True,True,True,0.0013081927,0.5193324,5.9604645e-07,0.11975596,0.11975596,0.033015158,0.9043464,True,True,False,False,False,True,0.0,0.0,2021.09.16.15.12.03_veh-42_01037_01434,E2+BEVF
774aad2507f75660,85fc59768c035e1d,vehicle,38.54950868916325,1.6881909529511782e-06,False,far,-1,4.22897770526083,T2,38.4445502884264,2.8427404553575535,,,,,,,,,,,,,True,False,False,False,False,True,0.00037617657200339494,0.00018165501325384525,2021.09.16.15.12.03_veh-42_01037_01434,not_in_GT(far)
77919997d5c352d8,ccb4385446095e6d,vehicle,43.121943742635004,1.1028455384552385,True,far,-1,0.602386304836717,T2,43.11956049458091,0.45335956718206205,,,,,,,,,,,,,True,False,False,False,False,True,0.0,0.0,2021.09.09.18.04.06_veh-40_00743_01071,not_in_GT(far)
77bff1fe494e52dd,1b1a6d0923d356d2,vehicle,76.4231276189938,11.800882438918107,True,side,-1,-40.17892003663318,T2,58.389825881265864,-49.30641609998102,,,,,,,,,,,,,True,False,False,False,False,True,0.0,0.0,2021.09.29.14.44.26_veh-28_01059_01191,not_in_GT(side)
77e18238b9d55c97,e0ead137ab3a56db,vehicle,32.133292534690106,0.0,False,far,-1,-0.7038577207646061,T2,32.1308679114517,-0.3947358316827074,,,,,,,,,,,,,True,False,False,False,False,True,0.0,0.0,2021.09.16.19.27.01_veh-45_01749_03230,not_in_GT(far)
77f0818999145e8f,8e1181ff23855985,static,14.711488783855893,0.0,False,in_gt,4,8.003081461115759,T1,14.568207450358557,2.0482270188714864,True,False,True,True,True,0.011828535,0.015986154,0.00024276752,1.6076578,1.6076578,0.035202336,0.4285405,True,True,False,False,False,True,0.0,0.0,2021.05.25.14.16.10_veh-35_01690_02183,E2+BEVF
788ea82253cb559c,582ddbfc05ed595a,static,36.883534920557004,0.0,False,far,-1,-5.536082950844785,T0,36.71149685615055,-3.5582505275480436,,,,,,,,,,,,,True,False,False,True,False,True,36.13540113450334,77.80206780117001,2021.09.09.18.29.25_veh-39_00969_01184,not_in_GT(far)
789c2205e7865e94,a9d2b8329a4e52fa,vehicle,24.541316405560874,0.0,False,in_gt,4,19.231340414972816,T0,23.17182115521372,8.083496475451764,True,False,True,True,True,0.040997446,0.04619277,5.9604645e-07,1.5177537,1.5177537,0.11335468,0.9231471,True,True,False,False,False,True,0.0,0.0,2021.09.16.13.53.10_veh-42_00630_00818,E2+BEVF
78beb0eba954535e,bb019a036b0c50b9,vehicle,9.915923232715956,0.0,False,in_gt,8,13.195214048493751,T1,9.654122767376355,2.263503291259275,True,True,True,True,True,0.009624608,0.018711105,5.9604645e-07,0.2720762,0.2720762,0.022689044,0.9185528,True,True,False,False,False,True,0.0,0.0,2021.09.16.19.27.01_veh-45_01749_03230,E2+BEVF
78c1a7b545cf5592,1a2911ec03425eb5,vehicle,20.412264683241485,4.579479449874483,True,in_gt,0,1.090000390475458,T0,20.4085710298484,0.38830145292065055,True,False,True,True,True,1.2044883,0.03189857,0.22228804,1.4756113,1.4756113,0.04708726,0.9675464,True,True,False,False,False,True,0.0,0.0,2021.09.09.18.29.25_veh-39_00969_01184,E2+BEVF
78cfb731b49c5aed,ffabf9a418ba5d07,vehicle,77.22598681715093,8.17287019414036,True,new,-1,4.513462964030575,T2,76.98649902657449,6.077171012404829,,,,,,,,,,,,,True,False,False,False,False,True,0.000409729227235367,-0.0028456962576806077,2021.09.16.19.27.01_veh-45_01749_03230,not_in_GT(new)
79a151c333745253,7e7d7c408d4c53e1,vehicle,32.75911035437573,0.0,False,far,-1,6.224706246662355,T1,32.56597252146374,3.5520057631478394,,,,,,,,,,,,,True,False,False,False,False,True,0.0,0.0,2021.09.09.14.18.22_veh-48_01503_01761,not_in_GT(far)
79d36fbd8d115f06,1d0a1c3a860e556d,vehicle,28.652510618134272,0.0,False,in_gt,6,-3.411505716059998,T2,28.601735456153484,-1.705020122611393,True,False,True,True,True,0.016170591,0.03370152,5.9604645e-07,1.3826135,1.3826134,0.118768364,0.58250535,True,True,False,False,False,True,-0.0002693788808294517,0.00043689251303380416,2021.09.09.17.18.51_veh-48_01248_01450,E2+BEVF
7a61f0a7cbe15387,0aa57b321f795176,vehicle,37.14054126021618,0.0,False,far,-1,3.61256600284677,T2,37.06674052844983,2.3402033455227382,,,,,,,,,,,,,True,False,False,False,False,True,0.0,0.0,2021.06.28.16.29.11_veh-38_00022_00368,not_in_GT(far)
7aaa5ff3f0d255ef,13b7ac2541e75b0d,vehicle,19.94800089881482,0.0,False,in_gt,0,-35.422406236618684,T2,16.255649834200042,-11.561859207194534,True,False,True,True,True,0.012073545,0.06046243,5.9604645e-07,1.594679,1.594679,0.0427213,0.8358434,True,True,False,False,False,True,0.0,0.0,2021.10.06.08.16.17_veh-52_01430_01579,E2+BEVF
7ac6ec682a515136,13b7ac2541e75b0d,vehicle,16.730679977345883,0.0,False,in_gt,0,-28.967713047471083,T1,14.637550867145496,-8.102947433871863,True,True,True,True,True,0.03947822,0.008485902,5.9604645e-07,0.56750697,0.56750697,0.09087969,0.9492217,True,True,False,False,False,True,0.0,0.0,2021.10.06.08.16.17_veh-52_01430_01579,E2+BEVF
7ae00644dbef537f,aa115a4c04445496,vehicle,16.413142053551486,0.0,False,in_gt,0,1.026129373237875,T2,16.41050991286229,0.29393276426545056,True,True,True,True,True,0.6315829,1.0081812,5.9604645e-07,0.46567196,0.46567196,0.03324018,0.9692449,True,True,False,False,False,True,0.0,0.0,2021.06.28.16.29.11_veh-38_03263_03766,E2+BEVF
7b3ba1d953a15802,feb266c6207e51ca,vehicle,14.106411996824203,0.0,False,in_gt,0,-26.649206964999976,T0,12.60787883755021,-6.327104443724584,True,False,True,True,True,0.6780351,0.3083063,5.9604645e-07,1.0946289,1.0946289,0.05066038,0.66884845,True,True,False,False,False,True,53.16209397569952,0.0,2021.09.09.18.04.06_veh-40_00555_00731,E2+BEVF
7b48c1c9cf995c36,3ff3cc8f10195010,vehicle,15.531839440197965,6.451548643037161,True,in_gt,3,2.600008415177036,T0,15.515850391990204,0.7045729270036405,True,True,True,True,True,0.17794013,1.5479307,0.09360979,0.07681046,0.07681045,0.041733503,0.87912565,True,True,True,False,False,True,39.48184980595125,0.5364120199194078,2021.06.28.16.29.11_veh-38_03263_03766,E2+BEVF
7b4fca2db9255996,3ff3cc8f10195010,vehicle,12.694438808914626,2.9252735050359546,True,in_gt,7,-11.435768067053484,T0,12.442423629881052,-2.5169169409925756,True,True,True,True,True,1.5752509,0.8175511,0.031978007,0.7396488,0.7396488,0.0074953316,0.9490767,True,True,False,False,False,True,0.0,0.0,2021.06.28.16.29.11_veh-38_03263_03766,E2+BEVF
7bbacd116bd75f85,5d9d0e4a8e975610,vehicle,3.6452405066624562,7.442144529955556,True,in_gt,3,79.585761244904,T1,0.6589266879517267,3.5851909253647465,True,True,True,True,True,3.2161999,3.0514405,2.5214102,0.49711844,0.49711844,0.14396775,0.43242788,True,True,True,False,False,True,41.675718535016415,-0.0030649016175887667,2021.06.28.20.24.43_veh-38_03385_04952,E2+BEVF
7c04e29efc0c5e46,c8e64316109f5821,vehicle,31.823683635891122,5.477247040038835,True,in_gt,0,25.950850569935874,T2,28.61489393989715,13.926043406715412,False,False,False,True,True,,,0.99865645,,9.7790985,0.023665331,0.13472827,True,True,False,False,False,True,0.0,0.0,2021.09.16.19.27.01_veh-45_01749_03230,BEVF_only
7c75567759e15900,66ff547cb4ae5b1c,vehicle,28.72823161444937,2.960081907494223,True,in_gt,2,0.5262710252278706,T1,28.72701976268537,0.26386975524401457,True,True,True,True,True,2.1226883,0.23948352,0.0622822,0.037964005,0.037964005,0.056847464,0.8773331,True,True,False,False,False,True,0.0,0.0,2021.05.25.14.16.10_veh-35_01690_02183,E2+BEVF
7c7e92d50f92564b,d9a1fb2452915386,vehicle,25.000968520119123,0.0,False,in_gt,2,0.9254075612166985,T1,24.997707614576427,0.40378330839093834,False,False,False,False,False,,,,,9.101219,11.562934,0.15575245,True,True,False,False,False,True,0.0,0.0,2021.09.29.14.44.26_veh-28_01331_01485,neither
7c94fd89afb95a88,60d91019e97c53a0,vehicle,20.684469572123046,6.769965949899081e-05,False,in_gt,0,1.642053997502947,T2,20.67597553272958,0.5927202122855507,True,True,True,True,True,0.013065118,0.9335046,0.40399733,0.35850897,0.358509,0.015873898,0.95435643,True,True,False,False,False,True,0.0,0.0,2021.05.25.15.59.03_veh-30_04027_04200,E2+BEVF
7cead15dfaab593e,674520dbe45c5346,vehicle,14.314258559819043,0.0,False,new,-1,14.456790737738745,T0,13.8610145621738,3.5735519339389246,,,,,,,,,,,,,True,False,False,False,False,True,0.0005136150431184205,0.003275090301801953,2021.09.29.19.02.14_veh-28_00964_01689,not_in_GT(new)
7d635921b94555f6,e98ed44cf97a5c56,vehicle,18.84917865924629,5.012574851851014,True,in_gt,1,-0.12890725521410903,T0,18.849130953388464,-0.04240790255016247,True,True,True,True,True,1.3351758,1.0663606,0.3895499,0.35264203,0.35264203,0.083106995,0.9533627,True,True,False,False,False,True,0.0,0.0,2021.06.03.13.55.17_veh-35_02866_03582,E2+BEVF
7d966991a14353b3,3c2d4d9c52c558d8,vehicle,26.69642982451739,8.027307505585085,True,in_gt,10,1.0119400155062284,T1,26.692266155722347,0.4714794242181455,True,True,True,True,True,7.997675,5.7786,0.12471361,0.33118588,0.33118588,0.057345316,0.7515034,True,True,False,False,False,True,0.0014900987620580786,0.0011942648664664546,2021.09.29.14.44.26_veh-28_00337_00504,E2+BEVF
7df960d73e50560b,1656b3125ed35926,static,24.49737134392576,0.0,False,in_gt,8,-0.7275123516142179,T0,24.495396562051805,-0.311046668549265,True,True,True,False,False,0.014811939,0.07056976,,0.76183164,0.7618317,2.7827153,0.44672483,True,True,True,False,False,True,100.0,0.0,2021.08.30.14.54.34_veh-40_00439_00835,E2_only
7e1cc7d77132505a,e0ead137ab3a56db,vehicle,45.35367322997567,0.0,False,far,-1,-1.2154650148898365,T2,45.343468398316176,-0.9620546046424003,,,,,,,,,,,,,True,False,False,False,False,True,0.0,0.0,2021.09.16.19.27.01_veh-45_01749_03230,not_in_GT(far)
7e2dc290d51f5137,724c77e32bd95ab4,vehicle,22.1021046601485,0.0,False,in_gt,4,4.184355313990761,T2,22.043190126075476,1.6126994369214058,True,True,True,True,True,0.06343335,0.012901759,5.9604645e-07,0.30008915,0.14353094,0.020357506,0.3330722,True,True,False,False,False,True,0.00011952751274857398,-0.00029303342512498887,2021.09.16.15.12.03_veh-42_01037_01434,E2+BEVF
7e6d49b500545236,3ff3cc8f10195010,vehicle,13.299630042719183,3.687449633594746,True,in_gt,6,-10.820215995104512,T0,13.063176914646677,-2.496711471083676,True,True,True,True,True,1.6311783,0.72909665,0.052658092,0.26610845,0.26610845,0.08765132,0.9151513,True,True,False,False,False,True,0.0,0.0,2021.06.28.16.29.11_veh-38_03263_03766,E2+BEVF
7ed9d0ca20ac5e2c,31fc257c8d665120,vehicle,12.973599791171216,0.0,False,in_gt,0,0.2313599665196564,T2,12.973494021520143,0.05238716502112872,True,True,True,True,True,0.5659129,0.7502622,5.9604645e-07,0.19236416,0.19236416,0.08370299,0.96147835,True,True,False,False,False,True,0.0,0.0,2021.08.30.13.45.25_veh-40_00878_01104,E2+BEVF
7f2934ac111854f5,14c813ffbb60511d,vehicle,18.353253824368174,11.283734315577998,True,roi_no_ann,-1,-3.0779098417510697,T0,18.326778264307432,-0.9854564387093161,,,,,,,,,,,,,True,False,False,False,False,True,0.0,0.0,2021.09.09.17.18.51_veh-48_01248_01450,not_in_GT(roi_no_ann)
7f47c3fca9075a31,8b100bfcf44b56d5,vehicle,24.344062105415542,0.0,False,in_gt,12,24.034230776346913,T0,22.233487765661415,9.914907037714126,True,True,True,True,True,2.1182878,0.21964857,5.9604645e-07,0.27056223,0.27056223,0.077481695,0.30915445,True,True,False,False,True,,-41.74950598624429,-94.07336298467976,2021.08.30.16.16.44_veh-40_00779_01088,E2+BEVF
7fc551e4e0375d00,3765e3f0aff95331,vehicle,18.82898470074315,0.0,False,in_gt,9,59.94867653865414,T1,9.429095228665652,16.297939379859475,True,True,True,True,True,0.027692916,0.11190863,5.9604645e-07,1.6795063,0.8093544,0.036162943,0.6788807,True,True,False,False,False,True,-0.002181027385761425,0.000826119916835788,2021.09.16.14.39.34_veh-42_01111_01448,E2+BEVF
7fcc4151553a50e8,f9cad65a62e75af0,vehicle,25.09010677258785,0.0,False,in_gt,1,1.0655515891812448,T2,25.0857680319052,0.4665834430215057,False,False,False,True,True,,,5.9604645e-07,,3.1685884,0.07276983,0.0,True,True,False,False,False,True,0.0,0.0,2021.09.09.17.18.51_veh-48_00657_00876,BEVF_only
7fdcd804a7a95b6c,df951133359c5374,vehicle,12.620414449334344,1.5997712239617081,True,in_gt,0,-6.095933355004576,T0,12.549052112187493,-1.3402059388652585,True,True,True,True,True,1.7370288,0.504588,0.087674,0.3534167,0.3534167,0.06702455,0.9480213,True,True,False,False,False,True,58.333333333333336,0.0,2021.09.09.17.18.51_veh-48_00098_00328,E2+BEVF
80793d56acc15d48,157f1212547b5384,vehicle,19.304737256466904,0.0,False,in_gt,2,-4.827624374318403,T1,19.23625175718651,-1.6246534631607847,True,True,True,True,True,0.0017628461,0.048163142,5.9604645e-07,0.9597191,0.9597192,0.014429979,0.7801905,True,True,False,False,False,True,0.0,0.0,2021.05.25.15.59.03_veh-30_04463_04606,E2+BEVF
80a22559c9565d0a,e0ead137ab3a56db,vehicle,36.394266795082665,0.0,False,far,-1,-0.8530844328657817,T2,36.390232815229986,-0.5418590268836816,,,,,,,,,,,,,True,False,False,False,False,True,0.0,0.0,2021.09.16.19.27.01_veh-45_01749_03230,not_in_GT(far)
81a0a6181d335250,9d0b14004c5956c2,vehicle,38.03973137844914,0.0,False,far,-1,-0.19578927992916387,T2,38.03950928304246,-0.12998788364413372,,,,,,,,,,,,,True,False,False,False,False,True,0.0,0.0,2021.09.29.14.44.26_veh-28_01509_01628,not_in_GT(far)
81ba62d61b225021,ce0f3ee4997852d5,vehicle,24.714269688031656,4.9559976764238256e-05,False,in_gt,3,-35.12212312187017,T1,20.214484148188205,-14.218641174015476,False,False,False,True,True,,,1.1661818,,7.674581,0.07518583,0.19613035,True,True,False,False,False,True,0.0,0.0,2021.08.30.16.16.44_veh-40_00256_00716,BEVF_only
81de41d688185082,def4c948101a5350,vehicle,25.154286004616225,0.681757112909008,True,in_gt,0,-0.46937317385318333,T2,25.153441949445728,-0.2060643052435438,True,True,True,True,True,0.6808436,0.7015972,0.25987434,0.53317785,0.53317785,0.06287049,0.5861286,True,True,False,False,False,True,-0.0001373152560657509,0.0023799592443585205,2021.09.29.18.19.40_veh-28_00438_00833,E2+BEVF
81f49ac925aa5781,5ad280fc42705262,vehicle,24.774514753640958,0.0,False,in_gt,2,6.908496902111935,T2,24.59463975716499,2.9799792773864624,True,True,True,True,True,0.062312644,0.03135954,5.9604645e-07,0.63749474,0.63749474,0.049204465,0.94238174,True,True,True,False,False,True,41.666666666666664,0.0,2021.06.28.16.57.59_veh-26_00016_00484,E2+BEVF
8209b6700b535e8e,2297d65ed709558a,vehicle,33.20549112742995,0.0,False,far,-1,5.326500618480697,T0,33.062105438734875,3.082503036787962,,,,,,,,,,,,,True,False,False,False,False,True,0.0,0.0,2021.09.29.14.44.26_veh-28_01331_01485,not_in_GT(far)
82226888c99e531c,56b7bb1b38875710,vehicle,20.945518513308343,2.636471799641772,True,in_gt,0,3.7657699496381634,T0,20.900294710109193,1.3756550519386206,True,True,True,True,True,2.2320073,0.97933644,0.9700197,0.7477036,0.74770355,0.2651982,0.64932686,True,True,False,False,False,True,0.0,0.0,2021.09.29.19.02.14_veh-28_00964_01689,E2+BEVF
82c913dd14e05a84,05e67f36e57753e2,vehicle,23.290737779569437,2.3947131943041033,True,in_gt,0,-2.410301216427265,T2,23.270132117313665,-0.9794986265585397,True,True,True,True,True,0.373221,1.551429,0.25924417,0.45439717,0.45439717,0.053440433,0.9629165,True,True,False,False,False,True,0.0,0.0,2021.09.09.18.04.06_veh-40_00555_00731,E2+BEVF
83aba0a1454c59e4,fa424b2b36115f9a,vehicle,9.037011680322674,0.7616285467244519,True,in_gt,3,-0.5627061328113147,T1,9.036575858081912,-0.08875174037496514,True,False,True,True,True,0.7591126,0.58262146,0.17063902,1.498828,1.498828,0.37141094,0.41111064,True,True,False,False,False,True,0.0,0.0,2021.09.09.14.18.22_veh-48_00322_00895,E2+BEVF
841f506a559f534f,1c9701ab4bec509b,vehicle,18.1896717175943,8.974994053032813,True,in_gt,1,-7.91238428418769,T0,18.016501166887593,-2.503965434543379,True,True,True,True,True,0.4393984,0.17259994,0.059224624,0.36715236,0.36715236,0.040331483,0.95366436,True,True,True,False,False,True,41.666666666666664,0.0,2021.06.28.16.29.11_veh-38_01415_01821,E2+BEVF
8486dcafaee75d76,fb7a3fe0db425a3a,vehicle,20.70414151614792,8.565831750504236,True,in_gt,0,-5.903459377789029,T0,20.594339357216903,-2.1294746677213148,True,True,True,True,True,1.0062444,2.7594995,0.67823863,0.3261845,0.3261845,0.13487045,0.33397937,True,True,False,False,False,True,0.0,0.0,2021.06.03.17.06.58_veh-35_02571_02742,E2+BEVF
84fc6d5788a95edd,b9dbe31482ce53e6,VRU,36.19569838807683,0.014681041727381987,False,far,-1,18.4166185900373,T2,34.3419146295529,11.435098660576898,,,,,,,,,,,,,True,False,False,False,False,True,0.001558183242306166,0.07494446290073342,2021.08.30.13.45.25_veh-40_00610_00771,not_in_GT(far)
850551ecc7a35ebf,a7eeeb057ff05ef2,vehicle,19.33186860239477,0.0,False,in_gt,4,-3.49852347633242,T1,19.295841177696563,-1.179685087371387,True,True,True,True,True,2.3382561,0.8530684,5.9604645e-07,0.41221416,0.41221416,0.13827173,0.8916177,True,True,False,False,False,True,0.0,0.0,2021.06.03.17.06.58_veh-35_02943_03220,E2+BEVF
851ef663a5775acd,981fb8fe8d605018,vehicle,25.647206054570287,5.4499277629935605,True,in_gt,1,-2.9751730712169415,T0,25.612636667250726,-1.3311729252769329,True,False,True,True,True,0.5894642,3.2242148,0.6714338,1.1639346,1.1639346,0.04514958,0.63325465,True,True,False,False,False,True,0.0,0.0,2021.08.30.16.16.44_veh-40_00779_01088,E2+BEVF
85b599a5e238576a,311f03d6164d563c,static,18.95743248110951,0.0,False,roi_no_ann,-1,-38.29732483215413,T1,14.877893627036048,-11.74872450517187,,,,,,,,,,,,,True,False,False,False,False,True,0.00011376919862859936,0.0007268721365583097,2021.09.16.19.49.00_veh-42_00990_01609,not_in_GT(roi_no_ann)
8612b2c9d3875ac2,b79467957bc3511e,vehicle,11.619686593542117,2.581483163124546,True,in_gt,0,-0.5885142728650415,T0,11.619073637492697,-0.1193496487829897,True,True,True,True,True,1.146356,0.8167974,0.33010375,0.20466185,0.20466185,0.012097536,0.9421112,True,True,True,True,False,True,41.666666666666664,41.666666666666664,2021.09.29.14.44.26_veh-28_00528_00992,E2+BEVF
8659bfccd4195fb6,09a158173d0a50eb,vehicle,18.74931396653045,0.0,False,in_gt,2,9.867435751868152,T1,18.471953181133614,3.2130546041954595,False,False,True,True,True,,0.011888413,5.9604645e-07,,2.077807,0.01939492,0.0,True,True,False,False,False,True,0.0,0.0,2021.09.09.14.18.22_veh-48_00322_00895,BEVF_only
8671b777d49e5dea,5dca9b204a465298,vehicle,6.279053271832958,4.739860773324979,True,in_gt,0,-31.373202345734338,T1,5.361020419805424,-3.268940202717917,True,True,True,True,True,0.65240514,0.069817826,0.11797478,0.2830306,0.2830306,0.045429643,0.931807,True,True,False,False,False,True,0.0,58.333333333333336,2021.09.29.18.19.40_veh-28_00438_00833,E2+BEVF
870886385ca15345,5d9d0e4a8e975610,vehicle,3.444323204748024,9.008894821433827,True,fov,-1,89.11860164140666,T1,0.05298297903483449,3.443915670090993,,,,,,,,,,,,,True,False,False,True,False,True,0.0,41.666666666666664,2021.06.28.20.24.43_veh-38_03385_04952,not_in_GT(fov)
874ce413a47e5c30,def4c948101a5350,vehicle,22.67603162702609,0.3788975104930071,False,in_gt,0,-0.7931878503749256,T2,22.673858740914135,-0.3139110494379391,True,True,True,True,True,0.38522786,0.35340402,0.1548136,0.7230478,0.72304773,0.046826158,0.9635109,True,True,False,False,False,True,0.0,0.0,2021.09.29.18.19.40_veh-28_00438_00833,E2+BEVF
87bf38cb3c39548d,f960c97c26d05f58,vehicle,18.471619136372823,0.0,False,in_gt,1,-1.6062551946222503,T1,18.46436091263648,-0.5177737026122546,True,True,True,True,True,2.265031,0.007245262,5.9604645e-07,0.011848629,0.011848629,0.017310483,0.9670551,True,True,False,False,False,True,58.333333333333336,0.0,2021.08.30.14.54.34_veh-40_00439_00835,E2+BEVF
882a63bc231e5987,66e37571f5885746,vehicle,31.162466337515696,0.0,False,in_gt,1,-0.33682401336597473,T2,31.161927867650224,-0.18319336277100184,False,False,False,True,True,,,5.9604645e-07,,11.260711,0.03332602,0.28653046,True,True,True,False,False,True,41.666666666666664,0.0,2021.06.28.20.24.43_veh-38_03385_04952,BEVF_only
885f450f0b875861,60e80f59649e5292,vehicle,22.951458198051302,1.7306923119155035,True,in_gt,0,-1.0700948060173117,T1,22.947455370219867,-0.42863206677014887,True,True,True,True,True,0.46415854,0.014573863,0.011909805,0.12436689,0.12436689,0.011212634,0.97065455,True,True,False,False,False,True,0.0,0.0,2021.09.16.19.49.00_veh-42_00990_01609,E2+BEVF
889aac2576295c91,091c0ee77bc55cd6,vehicle,18.646382437685016,5.601325786691064,True,in_gt,3,-0.8353312273770056,T0,18.6444007780267,-0.2718412049811647,True,True,True,True,True,0.77860403,0.9294584,0.31874007,0.22471446,0.22471446,0.065648414,0.95256937,True,True,False,False,False,True,0.0,0.0,2021.09.29.18.19.40_veh-28_00438_00833,E2+BEVF
88ac42d0eaca5c57,e5dcc2ae74655626,vehicle,12.395583532468931,1.3001389501390876,True,in_gt,29,-0.8247846384497993,T1,12.394299235837199,-0.1784308351726107,True,True,True,True,True,0.6607535,0.27363226,0.11322555,0.4079624,0.4079624,0.247002,0.9620836,True,True,False,False,False,True,0.0,0.0,2021.05.25.14.16.10_veh-35_04097_04328,E2+BEVF
89652dfe12165def,426ebfbbae085b7e,vehicle,19.67211177012962,0.0,False,in_gt,0,1.3745578032138661,T2,19.666450929762707,0.4718996966601914,True,True,True,True,True,0.024105694,0.0056857886,5.9604645e-07,0.04300657,0.04300657,0.017006287,0.9662538,True,True,False,False,False,True,-0.0005783687525240389,-0.007392743022271997,2021.09.16.19.12.04_veh-42_01221_01380,E2+BEVF
89751620b3555ef8,0aa57b321f795176,vehicle,40.50044487281326,0.0,False,far,-1,5.759807634443107,T2,40.29597246102764,4.064558809500541,,,,,,,,,,,,,True,False,False,False,False,True,0.0,0.0,2021.06.28.16.29.11_veh-38_00022_00368,not_in_GT(far)
8a1fa33cd5d45d48,91f5e61ef76450eb,vehicle,16.697467032800205,6.251394091317391,True,in_gt,1,0.06785171277090173,T0,16.697455324417398,0.019773733456950104,True,True,True,True,True,0.34318495,0.25828272,0.3325623,0.3080743,0.3080743,0.14118667,0.96787953,True,True,False,False,False,True,0.0,0.0,2021.06.03.13.55.17_veh-35_02866_03582,E2+BEVF
8a4a0c6823cd5e33,f2a0c7c78f255581,vehicle,56.69219851828605,0.0,False,far,-1,1.8038431568659086,T2,56.664104768323185,1.784545780093274,,,,,,,,,,,,,True,False,False,False,False,True,0.0039638791973661824,-8.77781153652002e-05,2021.09.16.14.39.34_veh-42_01609_01687,not_in_GT(far)
8a92561fdd0750ad,cd926e87fe2b5914,static,37.7575189692464,0.0,False,far,-1,1.8135168927037457,T2,37.7386070701789,1.19489544130224,,,,,,,,,,,,,True,False,False,False,False,True,-7.296441231763318e-05,0.00011565180637607142,2021.09.09.17.18.51_veh-48_01248_01450,not_in_GT(far)
8b06db3e6e4355d3,ae6b05b4f4315acd,vehicle,28.43702773246614,0.0,False,in_gt,4,-26.9784977892705,T1,25.34242042775375,-12.900630725666778,False,False,False,True,True,,,5.9604645e-07,,4.4623837,0.31421244,0.0,True,True,True,False,False,True,41.666666666666664,0.0,2021.09.09.14.18.22_veh-48_00322_00895,BEVF_only
8b5d8d7c95925564,a0e796ca904051e6,vehicle,14.873517531957287,9.604135095780086,True,in_gt,0,5.449362940798287,T0,14.806296914932913,1.4124784742745264,True,True,True,True,True,1.4216092,0.68088984,0.13456123,0.18592489,0.18592487,0.07312062,0.814987,True,True,False,False,False,True,0.0,0.0,2021.06.28.16.29.11_veh-38_00022_00368,E2+BEVF
8ba3e54303a352c8,97200d6aaacc5db8,vehicle,29.105044667481444,6.555587357175882,True,in_gt,0,39.54526608827104,T2,22.4435348388363,18.53082213594506,False,False,False,True,True,,,1.1901191,,5.110851,0.42666143,0.12269665,True,True,False,False,False,True,0.0,0.0,2021.09.16.19.49.00_veh-42_00990_01609,BEVF_only
8c36f77fe7215dd7,4ae00e1d27a65f93,vehicle,20.943713911571933,0.0,False,in_gt,1,1.864646990515274,T2,20.93262386540498,0.6814767195213518,True,True,True,True,True,0.018093562,0.04628305,5.9604645e-07,0.11202931,0.1120293,0.10135656,0.9518681,True,True,False,False,False,True,0.0,0.0,2021.09.16.14.39.34_veh-42_00297_00935,E2+BEVF
8c47d8fc41a55f31,4c4fc9c707885e40,vehicle,10.472608721991792,16.18179982412164,True,behind,-1,158.360887806031,T2,-9.734551349959455,3.8618704611808394,,,,,,,,,,,,,False,False,True,False,False,True,41.680684813598475,0.0009754556033136907,2021.06.28.18.03.27_veh-14_00620_01581,not_in_GT(behind)
8e785a7a6df95636,974f335bd67d50ce,static,30.2477749334977,0.0,False,new,-1,4.079224256897274,T1,30.171146511967045,2.1516985339378962,,,,,,,,,,,,,True,False,False,False,False,True,-1.2547147762442812e-05,-0.00010605012835673833,2021.09.09.14.18.22_veh-48_01503_01761,not_in_GT(new)
8eac67d757755066,4d9af2c0c50e550b,vehicle,47.01530394136389,0.0,False,far,-1,-0.404206118886055,T2,47.01413398960802,-0.3316774125727733,,,,,,,,,,,,,True,False,False,False,False,True,-0.00019597590048547886,6.881128579161455e-05,2021.09.16.19.12.04_veh-42_00289_00398,not_in_GT(far)
8eb6e6b220755d3b,9d0b14004c5956c2,vehicle,20.704710928805593,2.2338482843803655e-05,False,in_gt,0,-2.009097760479712,T1,20.691983181345165,-0.7258695945764,True,False,False,True,True,1.5087855,,2.1811189e-05,1.9298224,1.9298223,0.18431513,0.6506972,True,True,False,False,False,True,0.0,0.0,2021.09.29.14.44.26_veh-28_01509_01628,E2+BEVF
8f0f0f9061b35356,22e45cd5140a5238,vehicle,18.10693049622005,0.0,False,in_gt,2,-1.7110371407808267,T2,18.098857101776098,-0.5406510930651498,True,True,True,True,True,0.01927233,0.02850477,5.9604645e-07,0.8056403,0.8056403,0.009297015,0.9541184,True,True,True,True,True,,0.014168140390447004,0.006771249421333447,2021.06.28.16.57.59_veh-26_00016_00484,E2+BEVF
8f0f7125a2e856b8,b79467957bc3511e,vehicle,19.420504841469427,6.505509343589578,True,in_gt,0,2.899085634295603,T0,19.395649789055213,0.9822309086258354,True,False,True,True,True,0.9032075,0.5979433,0.59844166,1.1879452,1.1879452,0.072547376,0.96105635,True,True,False,False,False,True,0.0,0.0,2021.09.29.14.44.26_veh-28_00528_00992,E2+BEVF
8fb11d5808355072,fb7a3fe0db425a3a,vehicle,20.17001649845257,7.865682020754576,True,in_gt,0,-5.0100329050759616,T0,20.092955361395138,-1.7614512178403487,False,False,True,True,True,,3.0824432,0.39926872,,7.8069267,0.1191969,0.0,True,True,False,False,False,True,0.0,0.0,2021.06.03.17.06.58_veh-35_02571_02742,BEVF_only
8ff80000e9a05eca,fa424b2b36115f9a,vehicle,9.21349110604503,0.566838368863259,True,in_gt,3,-0.48425129308212095,T0,9.213162036300998,-0.07786946791211236,True,False,True,True,True,0.56106776,0.3712316,0.22991325,1.2987531,1.2987531,0.07293532,0.4013781,True,True,True,True,False,True,100.0,100.0,2021.09.09.14.18.22_veh-48_00322_00895,E2+BEVF
90831b78d185503a,9744396e7fb35fa4,vehicle,36.09214126705427,0.0,False,far,-1,2.248109656964646,T0,36.06436226422147,1.4157809562215533,,,,,,,,,,,,,True,False,False,False,False,True,0.0,0.0,2021.09.09.18.29.25_veh-39_00569_00903,not_in_GT(far)
91e06c22962d53bb,b74c70810f545d1a,static,29.72163840710489,0.0,False,in_gt,11,1.9408877946333698,T1,29.704587133874526,1.0066244626217014,True,False,False,True,True,0.0034020056,,0.004121624,1.6244438,1.6244439,0.006227806,0.355826,True,True,False,False,False,True,-3.855702407074002e-05,4.5575046708767886e-06,2021.09.09.17.18.51_veh-48_01248_01450,E2+BEVF
92778c3bfcda566d,c8e64316109f5821,vehicle,26.907332412960805,5.810028932057323,True,in_gt,0,22.572708160011555,T2,24.8460468307149,10.328528184959035,False,False,False,True,True,,,0.77278197,,4.230496,0.016338078,0.15745345,True,True,False,False,False,True,0.0,0.0,2021.09.16.19.27.01_veh-45_01749_03230,BEVF_only
927aa2c8ef7d5b5c,fe80dd284bcc590c,vehicle,31.569983972882095,3.5530306194608916,True,in_gt,0,-7.366167645608947,T2,31.309438204917996,-4.04758784221589,True,False,True,True,True,1.3972435,4.1136675,0.52778995,1.8549893,1.8549893,0.108331434,0.56212455,True,True,False,False,False,True,0.0,0.0,2021.09.16.19.49.00_veh-42_00990_01609,E2+BEVF
92beafb962d457db,bd20237b782855bf,vehicle,12.538371197766207,0.0,False,in_gt,0,-0.34695910643592576,T1,12.538141307217613,-0.0759266304837225,True,True,True,True,True,0.00095096184,0.016444767,5.9604645e-07,0.14398137,0.14398137,0.009386342,0.9652186,True,True,False,False,False,True,0.0,0.0,2021.08.30.14.54.34_veh-40_00439_00835,E2+BEVF
93092fbeb57f5e9a,278fe24ea503523e,static,31.738965220686126,0.0,False,in_gt,1,-0.7380230837267139,T2,31.736332217468917,-0.4088161718523044,True,True,True,True,True,0.004293845,0.0009563058,0.00027438236,0.8539693,0.8539693,0.01749624,0.32738054,True,True,False,False,False,True,0.0,0.0,2021.05.25.14.16.10_veh-35_03373_03550,E2+BEVF
936c2cf5b8345663,94ccb6f15efc5f27,static,17.27037715570449,0.0,False,in_gt,20,-1.758109758935816,T0,17.262247269732214,-0.5298549791238116,True,False,True,True,True,0.005280504,0.0011659497,0.00083542976,1.3774188,1.3774189,0.020780945,0.30309457,True,True,False,False,False,True,0.0,37.9625772722907,2021.09.29.15.23.04_veh-28_00814_01101,E2+BEVF
938b4978b8da5a08,d5600e8de1f5558c,vehicle,26.283136706220596,0.0,False,in_gt,0,0.49520101916865655,T2,26.282155043520287,0.22715938510568812,True,True,True,True,True,0.53069586,0.030613597,5.9604645e-07,0.9228531,0.9228532,0.061355494,0.94892126,True,True,False,False,False,True,0.0,0.0,2021.08.30.13.45.25_veh-40_01116_01336,E2+BEVF
94625815a7b351b5,aecec63cc4fa5f37,vehicle,22.915411195372997,0.9028620544923239,True,in_gt,0,-0.0038191156877649007,T2,22.915411144465935,-0.0015274529305084883,True,True,True,True,True,0.9293209,0.34082735,0.12277224,0.22335687,0.22335687,0.08884234,0.9639677,True,True,False,False,False,True,-0.00010532653982320284,0.00018048577202778304,2021.09.16.14.39.34_veh-42_01111_01448,E2+BEVF
94e4d365aeec5cec,6a34a1cb14f3505d,vehicle,46.67498844530585,7.9255414188766595,True,far,-1,-34.09313286088874,T2,38.65284259555244,-26.163186076104747,,,,,,,,,,,,,True,False,False,False,False,True,0.0,0.0,2021.09.29.18.19.40_veh-28_00438_00833,not_in_GT(far)
9502cdbb06dd516f,e6873f8659265a7d,vehicle,8.87773093825406,0.0,False,in_gt,0,0.9325481099876126,T1,8.876555067407295,0.14448787948888198,True,True,True,True,True,0.004445537,0.41520196,5.9604645e-07,0.14339025,0.14339025,0.03654805,0.86009586,True,True,False,False,False,True,0.0,0.0,2021.09.16.15.12.03_veh-42_01037_01434,E2+BEVF
962deb8ccdaf50e3,ad35e8a82fd05220,vehicle,11.193669066015365,1.5346695863277489,True,in_gt,0,1.0976610971213225,T0,11.191614971304057,0.2144329581762161,True,True,True,True,True,0.7334052,0.10863709,0.21971905,0.07650263,0.07650263,0.08061856,0.9615785,True,True,False,False,False,True,0.0,0.0,2021.06.03.18.47.39_veh-35_00257_00492,E2+BEVF
963a72ef9c615033,98c22fc407ee5ad3,VRU,19.84643371534158,0.5759420724149801,True,in_gt,10,-11.681112160627093,T2,19.435406278533936,-4.018197855478327,True,True,True,True,True,0.6393194,0.6788352,0.14010206,0.3141546,0.20213723,0.046403717,0.5782704,True,True,False,False,False,True,0.0011173108386497432,0.0009909780944283852,2021.05.25.14.16.10_veh-35_01690_02183,E2+BEVF
9696a32e868259e3,1656b3125ed35926,static,27.418182441714297,0.0,False,in_gt,7,-2.6777194227294707,T2,27.38824501345688,-1.2809229055585245,True,False,True,False,False,0.06778928,0.03472241,,1.0359381,1.0359381,2.6290464,0.5495782,True,True,False,False,False,True,0.0,0.0,2021.08.30.14.54.34_veh-40_00439_00835,E2_only
96b5b1c350745a73,a6d7427c1652596a,vehicle,28.382291257446965,0.0,False,in_gt,9,32.337694673517085,T1,23.980484600201105,15.181923967734393,False,False,False,True,True,,,5.9604645e-07,,5.8291917,0.42253312,0.0,True,True,False,False,False,True,0.0,0.0,2021.09.29.19.02.14_veh-28_00964_01689,BEVF_only
96cb1a2412095a90,055ad150c0cb52bb,vehicle,74.69695506460592,12.988576709916831,True,new,-1,1.9201968267191174,T2,74.65501023020312,2.502907000274547,,,,,,,,,,,,,True,False,False,False,False,True,0.0011500260587937738,0.007379299063170475,2021.09.16.19.12.04_veh-42_01438_01677,not_in_GT(new)
974041ac230056eb,39383616c4e85e3d,vehicle,18.641916576857177,0.0,False,in_gt,5,-6.363075277939262,T1,18.52707397869586,-2.066055044386067,True,True,True,True,True,0.015337531,0.025780158,5.9604645e-07,0.40380046,0.40380043,0.05818793,0.8597098,True,True,False,False,False,True,0.0,0.0,2021.06.28.20.24.43_veh-38_03385_04952,E2+BEVF
97bbc33ac7d4586d,4b314b720f995311,static,39.4438556878191,0.0,False,far,-1,-2.317075228142023,T2,39.41160602489698,-1.5946981092994192,,,,,,,,,,,,,True,False,False,False,False,True,0.0,0.0,2021.06.03.17.06.58_veh-35_03860_03992,not_in_GT(far)
98045d12586d50b6,b79467957bc3511e,vehicle,34.92956929721694,0.8998075426656346,True,far,-1,0.4480859581727531,T2,34.92850113201532,0.2731665423965506,,,,,,,,,,,,,True,False,False,False,False,True,0.0001189143126745229,-0.03684029162251967,2021.09.29.14.44.26_veh-28_00528_00992,not_in_GT(far)
9820fb92380b522b,bd20237b782855bf,vehicle,21.671489782018057,0.0,False,in_gt,2,39.16500054677246,T1,16.802565335312217,13.686755186116148,True,True,True,True,True,0.048931997,0.04182311,5.9604645e-07,0.49959293,0.49959293,0.034893733,0.34380352,True,True,False,False,False,True,0.0,0.0,2021.08.30.14.54.34_veh-40_00439_00835,E2+BEVF
98527843384f5f43,794c672278d557f7,static,20.876234808143135,0.0,False,in_gt,7,-3.359044872489343,T2,20.84036871030874,-1.2231973606541766,True,True,True,True,True,0.00952565,0.007466366,0.00070226187,0.76276,0.76276,0.0394343,0.5495863,True,True,True,True,False,True,0.0,96.39827491379982,2021.05.25.14.16.10_veh-35_01690_02183,E2+BEVF
985e562ded345da4,870670afd5a55f0b,vehicle,34.68520058648574,0.0,False,far,-1,-10.2082701655108,T2,34.1361351452063,-6.147147067783701,,,,,,,,,,,,,True,False,False,False,False,True,0.0,0.0,2021.10.06.07.26.10_veh-52_02208_02394,not_in_GT(far)
98b99d5d44c05a5b,b79467957bc3511e,vehicle,31.08780885382341,0.0,False,in_gt,0,0.3904022194684435,T2,31.0870871853584,0.21182460146772364,False,False,False,True,True,,,5.9604645e-07,,7.3327065,0.031132398,0.2383365,True,True,False,False,False,True,0.0,0.0,2021.09.29.14.44.26_veh-28_00528_00992,BEVF_only
98c050c637ca5909,3ce080846aa957ac,vehicle,26.670548152889783,2.3086254171727685,True,in_gt,0,5.26409211519053,T1,26.558062243197675,2.4469304571341404,True,False,False,True,True,0.091616675,,0.16981228,1.0305481,1.0305481,0.09529983,0.3569886,True,True,False,False,False,True,0.0006543329038655177,0.006475298179825506,2021.09.29.15.23.04_veh-28_00814_01101,E2+BEVF
99b52fa162c550d4,fab7342013c85c0f,vehicle,28.175706048149216,0.0,False,in_gt,0,22.73004764363204,T2,25.987456229900896,10.886805317020112,True,False,True,True,True,2.427234,0.012123789,5.9604645e-07,1.3076615,1.3076615,0.10803233,0.38392898,True,True,False,False,False,True,0.0022865156875440107,-6.876653930731891e-05,2021.08.16.14.23.37_veh-45_00015_00132,E2+BEVF
9a1d23e8ed1b5837,582ddbfc05ed595a,static,46.167410294373234,0.0,False,far,-1,-6.188762847387917,T2,45.89835245624698,-4.977048833508277,,,,,,,,,,,,,True,False,False,False,False,True,0.0,0.0,2021.09.09.18.29.25_veh-39_00969_01184,not_in_GT(far)
9a23e7bc52e657c3,faf2f84ff4115bd5,static,20.037970633375924,0.0,False,in_gt,7,-17.116158517828623,T2,19.150489950628092,-5.89737244499009,False,False,False,True,True,,,0.00071751646,,4.4018054,0.03216545,0.0,True,True,False,False,False,True,0.0,0.0,2021.05.25.14.16.10_veh-35_01100_01664,BEVF_only
9a357640ddd453d2,64c04f9377795776,vehicle,58.23441696828854,7.042209731306438,True,far,-1,-1.0299350167734793,T2,58.22500864082734,-1.0467513611523493,,,,,,,,,,,,,True,False,False,False,False,True,0.0,0.0,2021.09.09.18.04.06_veh-40_00555_00731,not_in_GT(far)
9aad3780bef85c98,df951133359c5374,vehicle,10.91190709133152,0.6392107401081046,True,in_gt,0,-8.972853285796049,T0,10.778370973068222,-1.7018917523660164,True,True,True,True,True,0.67819905,1.69717,0.114131525,0.39512968,0.39512968,0.03755357,0.84806323,True,True,False,False,False,True,0.0,0.0,2021.09.09.17.18.51_veh-48_00098_00328,E2+BEVF
9ab5654cfc9f5724,b79467957bc3511e,vehicle,10.377591742990422,1.8080066879245134,True,in_gt,0,-1.9662653601583397,T0,10.371481437070003,-0.35606626447242906,True,True,True,True,True,0.56308526,1.1351826,0.3561872,0.08932262,0.08932262,0.018741786,0.94588524,True,True,False,True,False,True,0.0,41.666666666666664,2021.09.29.14.44.26_veh-28_00528_00992,E2+BEVF
9b4cfcda4a755b05,60d91019e97c53a0,vehicle,16.459601216721655,0.0,False,in_gt,0,0.9440590688289868,T2,16.457366962640442,0.2711915752672202,True,True,True,True,True,0.017570846,0.09641658,5.9604645e-07,0.39199692,0.39199692,0.085481934,0.9574007,True,True,False,False,False,True,0.0,0.0,2021.05.25.15.59.03_veh-30_04027_04200,E2+BEVF
9b5c31b36c5b5aa9,88ba661cafad5d92,vehicle,28.361957037651322,0.0,False,in_gt,4,14.75502980902247,T0,27.42668135842913,7.223417243159605,True,False,True,True,True,0.08684554,1.246829,5.9604645e-07,1.3670255,1.3670255,0.05468552,0.42541394,True,True,False,False,False,True,0.0001249226680988258,-0.0007362974621782925,2021.09.16.19.49.00_veh-42_00990_01609,E2+BEVF
9b7108902e7158d6,33fd71e403525dd4,vehicle,12.98290376331011,8.555601437643395,True,behind,-1,-176.9095616793024,T2,-12.964022482867325,-0.6999365621842717,,,,,,,,,,,,,True,False,False,True,False,True,0.0,41.666666666666664,2021.09.16.19.27.01_veh-45_00472_00711,not_in_GT(behind)
9bd12765d98b514f,724c77e32bd95ab4,vehicle,12.4520101694255,0.0,False,in_gt,2,7.784318338080548,T2,12.337264251419509,1.6865550836312249,True,True,True,True,True,0.012588577,0.027825372,5.9604645e-07,0.5628237,0.5628237,0.036334157,0.87223595,True,True,False,False,False,True,0.0,0.0,2021.09.16.15.12.03_veh-42_01037_01434,E2+BEVF
9c1f46770f2655b1,070bfa83255353bb,static,8.524858281538483,0.0,False,new,-1,-6.986869235251058,T1,8.461553152743166,-1.0369797315364697,,,,,,,,,,,,,True,False,False,True,False,True,0.0,0.0,2021.10.06.07.26.10_veh-52_01245_02064,not_in_GT(new)
9c26c2cea984590f,95eadbb3f1115840,vehicle,57.524101418473975,0.0,False,far,-1,0.8579118094101986,T2,57.51765302157034,0.8612983763597759,,,,,,,,,,,,,True,False,False,False,False,True,-0.0001789827148379608,0.00011324899226172747,2021.09.16.14.39.34_veh-42_01609_01687,not_in_GT(far)
9c5d0ef404c65196,4be9fae091e35b13,vehicle,13.478604960242647,8.009824431930955,True,in_gt,0,-1.8045417728505961,T0,13.471920479690045,-0.42444111863204625,True,False,True,True,True,0.7228242,0.8073171,0.18316272,1.2349808,1.234981,0.06014544,0.9412587,True,True,False,False,False,True,0.0,0.0,2021.09.29.18.19.40_veh-28_01268_01685,E2+BEVF
9cd4b5f3bbf85357,6b8182dafd14517a,vehicle,33.733984160768806,3.605043258589042,True,in_gt,3,-29.766314575817205,T2,29.283037452567477,-16.74769849592866,False,False,False,True,True,,,0.4433542,,5.199207,0.81859684,0.26639184,True,True,False,False,False,True,-0.0005611336097333108,-0.039356628342912536,2021.08.30.14.54.34_veh-40_00885_00986,BEVF_only
9d02128f653455a3,b79467957bc3511e,vehicle,39.35468556053072,0.0,False,far,-1,0.3780315470935926,T2,39.35382896520916,0.2596562059908365,,,,,,,,,,,,,True,False,False,False,False,True,0.0,0.0,2021.09.29.14.44.26_veh-28_00528_00992,not_in_GT(far)
9d6f5aa2a3a25966,e5a911c67b5b5c16,vehicle,15.927874595207902,3.2783086141017583,True,in_gt,2,0.9507535324565787,T0,15.925681747368861,0.2642915098741856,True,True,True,True,True,1.118243,0.95175946,0.03970671,0.31291276,0.31291273,0.030376699,0.95509183,True,True,False,False,False,True,0.0,0.0,2021.09.29.19.02.14_veh-28_00964_01689,E2+BEVF
9d74f6f9b0a25c90,ac411c4ab1b854e3,vehicle,24.1764626926236,0.0,False,in_gt,0,1.4552536940751297,T2,24.168664901968942,0.6139911922456918,True,False,False,True,True,0.01622244,,5.9604645e-07,1.5350411,1.535041,0.050982583,0.44404277,True,True,False,False,False,True,0.0,0.0,2021.09.09.18.04.06_veh-40_00743_01071,E2+BEVF
9dfb79c738b155b4,04f4f17b0d865512,vehicle,17.799971489130908,0.0,False,in_gt,0,0.41905481440492814,T2,17.799495404919245,0.13018580618447473,True,False,True,True,True,0.028523142,1.0162176,5.9604645e-07,1.1100425,1.1100425,0.036754828,0.965147,True,True,False,False,False,True,0.0,0.0,2021.09.16.19.27.01_veh-45_01749_03230,E2+BEVF
9e522849163c53b8,729ab0caace75995,vehicle,67.65871859000495,6.762627085556707,True,new,-1,-4.783785216199957,T2,67.42302946332383,-5.64245507108809,,,,,,,,,,,,,False,False,False,False,False,True,0.0026401466659053963,-0.0018128851803855817,2021.10.06.08.16.17_veh-52_01590_01725,not_in_GT(new)
9e7ae0e0f04255fa,fba16dd8ce315213,vehicle,34.896135440817694,3.21626390115075,True,far,-1,-7.576124410236165,T2,34.59151194498217,-4.600822759469069,,,,,,,,,,,,,True,False,False,False,False,True,-0.00029063151835706513,-0.0018717473581231214,2021.09.29.14.44.26_veh-28_00238_00320,not_in_GT(far)
9ee5cb5e3908569a,4c4fc9c707885e40,vehicle,12.062713137399854,16.461648584041907,True,behind,-1,161.10044380328026,T2,-11.41238655214126,3.9072344976599918,,,,,,,,,,,,,True,False,False,True,False,True,-7.692638291922904e-05,41.668341357399505,2021.06.28.18.03.27_veh-14_00620_01581,not_in_GT(behind)
9ef1d618435d5e53,ab5c4e22b3e255e7,vehicle,15.448937002551366,1.5976110562473274,True,in_gt,3,-5.361782630053403,T0,15.381340412835995,-1.4436140804449797,True,True,True,True,True,1.7274024,0.6146061,0.5097544,0.4264852,0.3566704,0.02745012,0.90863234,True,True,False,False,False,True,0.0008283840931211373,-0.00028023033323831825,2021.05.25.17.54.41_veh-35_04111_04288,E2+BEVF
9f4c04b7214b52a8,6f7f4092946b523c,vehicle,10.387346066892768,2.3017346370577543,True,in_gt,0,-0.22048988432874267,T0,10.387269152760688,-0.03997325979859845,True,True,True,True,True,1.0772285,0.5147307,0.1775211,0.14983808,0.14983808,0.07814911,0.95807624,True,True,True,False,False,True,41.666666666666664,0.0,2021.09.29.19.02.14_veh-28_00540_00917,E2+BEVF
a04628cdd3f25947,81ff9c71c9ef5e41,VRU,35.7856541569399,8.031779631200523,True,far,-1,-22.127405836296234,T2,33.14998950170163,-13.479289279378996,,,,,,,,,,,,,True,False,False,False,False,True,-0.0012538234683057148,0.00011334807541452108,2021.06.28.21.16.05_veh-14_00957_01198,not_in_GT(far)
a06715f1cb8358c0,209f853f92d55ee0,vehicle,50.60306306614862,7.458345278549384,True,far,-1,-0.984560034234662,T2,50.59559212587901,-0.8695108442709678,,,,,,,,,,,,,True,False,False,False,False,True,4.658283201397495e-05,8.470403989324637e-06,2021.06.28.15.02.02_veh-38_02398_02848,not_in_GT(far)
a06eec37a0f058b2,aecec63cc4fa5f37,vehicle,27.838074041718748,1.9485719154186876,True,in_gt,0,-0.07708781646384937,T2,27.83804884550127,-0.037454341545428704,True,True,True,True,True,1.9431258,1.5724852,0.25570026,0.5144834,0.5144834,0.12996481,0.8411668,True,True,False,False,False,True,1.9509067772371935e-05,7.264426071795782e-06,2021.09.16.14.39.34_veh-42_01111_01448,E2+BEVF
a091a6a6033c559f,25d2a3e908035434,vehicle,28.41590441475238,0.0,False,in_gt,2,3.83060719468234,T0,28.352421086340534,1.8983788481692656,True,False,True,True,True,0.4108353,0.605443,5.9604645e-07,1.4433023,1.4433023,0.04440369,0.38892382,True,True,True,True,False,True,89.29859767611875,0.0,2021.08.30.13.45.25_veh-40_00878_01104,E2+BEVF
a0ce26a6f335530d,42dc37bbfa085a84,vehicle,3.93983468455845,4.050839782735364,True,in_gt,1,-63.579916804565926,T1,1.7530259555708536,-3.5283420101720124,True,True,True,True,True,0.27734178,0.39516982,0.12166947,0.6941419,0.6941419,0.075441435,0.6914775,True,True,False,False,False,True,-0.008912551246431644,-0.0053650097720070455,2021.09.29.19.02.14_veh-28_00964_01689,E2+BEVF
a0da100b0dcb543c,f0e6b9547eb059b4,vehicle,25.96942101941066,2.088796912037913,True,in_gt,0,1.288748345556203,T1,25.962851933554823,0.5840783849080751,True,False,True,True,True,1.1369612,1.8035829,0.31642705,1.1910181,1.1910181,0.2649361,0.8963417,True,True,False,False,False,True,0.0,0.0,2021.09.29.14.44.26_veh-28_00528_00992,E2+BEVF
a1ce49c5eeb75711,8843c8f4468a5b9f,vehicle,24.413646573880026,4.186890305122896,True,in_gt,0,0.6604179922901162,T0,24.412024799716065,0.2813968947444163,True,True,True,True,True,0.6526336,3.0163088,0.06964654,0.9237096,0.9237096,0.023332892,0.9502126,True,True,False,False,False,True,0.0,0.0,2021.09.29.19.02.14_veh-28_00964_01689,E2+BEVF
a1e689b17ca65053,a4c6f8a68ee553f5,vehicle,42.14492847371867,9.818930571089469,True,side,-1,-62.304061408761946,T2,19.58808965788267,-37.316239623113326,,,,,,,,,,,,,True,False,False,False,False,True,0.0,0.0,2021.09.09.17.18.51_veh-48_01462_01552,not_in_GT(side)
a2701552b0f95f7b,60e80f59649e5292,vehicle,25.66110935175478,2.2169008917250466,True,in_gt,0,-1.283660671551422,T0,25.654669402102087,-0.5748660988122154,True,True,True,True,True,0.23537488,0.311994,0.065389,0.49014932,0.49014932,0.011332721,0.8126202,True,True,False,False,False,True,0.0,0.0,2021.09.16.19.49.00_veh-42_00990_01609,E2+BEVF
a28e9a19b6a05733,36bd67e9ad065bcd,static,16.376025017790905,0.0,False,in_gt,19,-1.162746423430152,T0,16.37265301168499,-0.33230820374480796,True,False,True,True,True,0.010017779,0.002598299,0.0002851645,1.5105842,1.5105842,0.058760267,0.41174605,True,True,False,False,False,True,0.0,29.166666666666668,2021.09.29.15.23.04_veh-28_00814_01101,E2+BEVF
a2c3aa64478d533b,b79467957bc3511e,vehicle,12.13292290785095,1.6478132880537872,True,in_gt,0,-1.1023543693066098,T0,12.13067737591258,-0.23341955654366497,True,True,True,True,True,1.4969447,1.4407127,0.07654979,0.07507886,0.07507886,0.065353945,0.91058266,True,True,True,True,False,True,88.9757703592895,90.66639546261258,2021.09.29.14.44.26_veh-28_00528_00992,E2+BEVF
a305b24487775cfc,26cd71419c4f568e,vehicle,35.23265003019578,5.341640507443447,True,in_gt,16,55.626795127255406,T2,19.891687127670135,29.080240909681898,False,False,True,True,True,,5.344939,0.23127036,,18.298351,0.18006219,0.24303627,True,True,False,False,False,True,0.0,0.0,2021.09.29.18.19.40_veh-28_01268_01685,BEVF_only
a417154cf84a5426,57c7a90f33435064,vehicle,18.623462632106328,3.9117281372832395,True,in_gt,0,0.39778706743471554,T0,18.623013799141944,0.12929596447504915,True,True,True,True,True,1.676925,1.401525,0.34751192,0.389939,0.389939,0.017733272,0.95351344,True,True,False,False,False,True,0.0,0.0,2021.06.28.20.24.43_veh-38_03385_04952,E2+BEVF
a42cc34c8a985b67,d657a9403e415d14,vehicle,31.393163961071153,0.0,False,in_gt,0,2.384941389172388,T2,31.365971247921905,1.3063656307607783,True,False,True,True,True,0.009207357,0.08336185,5.9604645e-07,1.4440972,1.4440973,0.09589756,0.39379075,True,True,False,False,False,True,0.05132937468558252,-0.004528755137556129,2021.08.30.13.45.25_veh-40_00878_01104,E2+BEVF
a44bb178ec7d5c6a,d5600e8de1f5558c,vehicle,18.81760735732304,0.0,False,in_gt,0,0.030070174091605093,T2,18.81760476576454,0.009875922939782456,True,True,True,True,True,1.9405228,0.037100263,5.9604645e-07,0.5279448,0.5279448,0.10486783,0.9612508,True,True,False,False,False,True,0.0,0.0,2021.08.30.13.45.25_veh-40_01116_01336,E2+BEVF
a479822714c6558b,85fc59768c035e1d,vehicle,42.43348066589267,2.4370908906754945e-06,False,far,-1,4.006013552407711,T2,42.32980393487623,2.9644527754079064,,,,,,,,,,,,,True,False,False,False,False,True,0.00022204199549014092,-3.107293986559512e-05,2021.09.16.15.12.03_veh-42_01037_01434,not_in_GT(far)
a523d2a173855e96,a0e796ca904051e6,vehicle,13.456417554655918,4.639387403461475,True,in_gt,0,1.62694293221538,T0,13.450992930516476,0.38205050510076716,True,True,True,True,True,0.2706829,0.37792253,0.39871716,0.3336495,0.3336495,0.19498235,0.96017003,True,True,False,False,False,True,0.0,0.0,2021.06.28.16.29.11_veh-38_00022_00368,E2+BEVF
a55fdc98ef8057e5,3c2d4d9c52c558d8,vehicle,34.231463507118114,8.06991855169116,True,far,-1,3.0195171980173896,T2,34.18393822497249,1.8031808756815266,,,,,,,,,,,,,True,False,False,False,False,True,-0.00035376702924860837,0.00014593328512280124,2021.09.29.14.44.26_veh-28_00337_00504,not_in_GT(far)
a6fd750fe57d5bb9,8e1181ff23855985,static,16.70586824402616,0.0,False,in_gt,5,12.762283391384159,T1,16.293149497383858,3.6904353730504282,True,True,True,True,True,0.01155465,0.0097122835,0.00019044387,0.3825657,0.3825657,0.045748606,0.44773638,True,True,False,False,False,True,0.0037336993083947334,-0.0012875986044602605,2021.05.25.14.16.10_veh-35_01690_02183,E2+BEVF
a708f8c8db805496,fb7a3fe0db425a3a,vehicle,18.226997238654253,5.418908445548595,True,in_gt,0,-3.328706176852613,T0,18.196245573764195,-1.0583361267464562,True,True,True,True,True,1.5710795,2.9274147,0.54110354,0.58880556,0.58880556,0.12782985,0.9367897,True,True,False,False,False,True,0.0,0.0,2021.06.03.17.06.58_veh-35_02571_02742,E2+BEVF
a780d35138495c38,05e67f36e57753e2,vehicle,17.30555529011901,0.5572025396005953,True,in_gt,0,-2.8096760506945495,T2,17.284751821793428,-0.8482914348116806,True,True,True,True,True,0.3487388,0.5583436,0.10466289,0.32023305,0.32023305,0.022394685,0.9291373,True,True,False,False,False,True,0.0,0.0,2021.09.09.18.04.06_veh-40_00555_00731,E2+BEVF
a7a0fe1f804c5fa5,e0ead137ab3a56db,vehicle,40.765114674883755,0.0,False,far,-1,-0.9556234968059222,T2,40.759444754255604,-0.6798807110136096,,,,,,,,,,,,,True,False,False,False,False,True,0.0,0.0,2021.09.16.19.27.01_veh-45_01749_03230,not_in_GT(far)
a7d3e71b8ca456a9,57c7a90f33435064,vehicle,17.587365036560676,3.388666638014939,True,in_gt,0,0.3360129031054806,T0,17.587062598682635,0.1031410648349637,True,True,True,True,True,0.87383646,0.3653873,0.23011842,0.043175776,0.04317577,0.0944716,0.95712966,True,True,False,False,False,True,0.0,0.0,2021.06.28.20.24.43_veh-38_03385_04952,E2+BEVF
a93fa981f60d50af,e2c6e1e268895691,vehicle,17.305602836931097,0.0,False,in_gt,0,6.085753900483398,T2,17.208074257376936,1.8346852324578284,True,True,True,True,True,0.015054336,0.09251765,5.9604645e-07,0.39686346,0.39686346,0.26693934,0.9154353,True,True,False,False,False,True,0.0,0.0,2021.09.16.13.53.10_veh-42_00630_00818,E2+BEVF
a9956fd52aa15f39,c8878a49fbba5c70,VRU,11.465601541687823,1.3594970722852364,True,in_gt,8,-27.507104891652833,T2,10.16945619434955,-5.295486703218104,True,False,True,True,True,1.3617226,1.3597007,0.12527898,1.0732224,1.0732224,0.028028872,0.34251943,True,True,False,False,False,True,0.0,0.0,2021.10.06.07.26.10_veh-52_01245_02064,E2+BEVF
a9c368a110585b1a,13b7ac2541e75b0d,vehicle,13.478559893230248,0.0,False,in_gt,0,-25.13071769059572,T0,12.20269619495997,-5.7241403170174365,True,True,True,True,True,0.026119545,0.025473956,5.9604645e-07,0.19432066,0.19432066,0.108593285,0.93397486,True,True,True,False,True,,0.0,-100.0,2021.10.06.08.16.17_veh-52_01430_01579,E2+BEVF
aa4272ed1b785b94,3ff3cc8f10195010,vehicle,16.436701028690674,7.060612257895275,True,in_gt,2,1.8387289873484192,T0,16.4282377709428,0.5273940158262889,True,True,True,True,True,0.73789763,0.9546661,0.1785023,0.04094465,0.04094465,0.024259266,0.9651303,True,True,False,False,False,True,0.0,0.0,2021.06.28.16.29.11_veh-38_03263_03766,E2+BEVF
ab19982dd5cd57ac,f0e6b9547eb059b4,vehicle,27.835358383408582,2.849531311885398,True,in_gt,0,2.162495081865318,T0,27.815534886913383,1.0503310371967807,True,True,True,True,True,0.119364835,2.549254,0.8650185,1.3792013,0.2331908,0.46485084,0.39305976,True,True,False,False,False,True,0.0,0.0,2021.09.29.14.44.26_veh-28_00528_00992,E2+BEVF
ab40048b88b257c3,91f5e61ef76450eb,vehicle,19.998845084820346,6.40760521209442,True,in_gt,1,0.8377850651708749,T0,19.996707186007534,0.2924148486611635,True,True,True,True,True,1.4802235,1.0344516,0.027019931,0.36029083,0.36029083,0.03320759,0.943779,True,True,False,False,False,True,0.0,0.0,2021.06.03.13.55.17_veh-35_02866_03582,E2+BEVF
ab9a263dea175465,225a5fad148c5db7,VRU,41.031573469026426,0.01515725692650946,False,far,-1,5.162006609080725,T2,40.86516085517919,3.6917000994722873,,,,,,,,,,,,,True,False,False,False,False,True,-4.9340430541278124e-05,-4.483902105167914e-05,2021.09.29.18.19.40_veh-28_01268_01685,not_in_GT(far)
ab9d0f7542805d20,f9cad65a62e75af0,vehicle,19.27903138959169,0.0,False,in_gt,0,0.4600935181539857,T2,19.278409805564245,0.15481178762007808,True,False,True,True,True,0.15102346,0.033989355,5.9604645e-07,1.1136616,1.1136616,0.0563964,0.971177,True,True,False,False,False,True,0.0,0.0,2021.09.09.17.18.51_veh-48_00657_00876,E2+BEVF
ac0fb7997f4e5106,9c67db51639155b7,vehicle,19.813573876298378,1.5171066940146258,True,in_gt,0,0.9435983633188427,T1,19.810886972607285,0.32629298201544454,True,True,True,True,True,1.1336459,1.510051,0.15798579,0.20324709,0.20324709,0.04416993,0.96865416,True,True,False,False,False,True,0.0,0.0,2021.05.25.14.16.10_veh-35_00083_00485,E2+BEVF
adb5cfe871c55445,f5cb0052e75f5207,vehicle,26.37261559724015,0.0,False,in_gt,6,4.889336754878716,T1,26.27665028463604,2.24777740417753,True,True,True,True,True,0.031055983,0.02410827,5.9604645e-07,0.9670198,0.9670198,0.031938575,0.8068039,True,True,True,False,False,True,100.0,0.0,2021.08.30.16.16.44_veh-40_00779_01088,E2+BEVF
adccb045b1495f50,fcbd5f8add3f5723,static,20.885564869339056,0.0,False,in_gt,4,-1.861066772324892,T0,20.87454803823797,-0.6782802596752937,False,False,False,True,True,,,0.0006790516,,3.0738442,0.045411542,0.0,True,True,True,True,True,,-1.621259080781956,-1.196142172992365,2021.09.09.14.18.22_veh-48_01298_01492,BEVF_only
ae6787095e5e545a,0deda54459fe5c31,vehicle,19.76276411906291,5.610551927938925e-05,False,in_gt,1,1.8355854418961548,T1,19.752623032495833,0.6330315646439919,True,True,True,True,True,2.1706586,1.1606778,5.5515116e-05,0.5958302,0.5958302,0.035249416,0.96230644,True,True,False,False,False,True,0.0,0.0,2021.09.16.17.40.09_veh-45_02539_02745,E2+BEVF
ae821f2ac8d55180,31fc257c8d665120,vehicle,17.103248790226992,8.586143069954991e-07,False,in_gt,0,0.37189327755717444,T1,17.102888511612463,0.11101234055514819,True,True,True,True,True,3.7081096,3.039504,0.6006958,0.39923632,0.39923635,0.036603525,0.96799725,True,True,False,False,False,True,0.0,0.0,2021.08.30.13.45.25_veh-40_00878_01104,E2+BEVF
aecf8e9ea11c5a06,5beeecbd13825084,static,43.14430624744143,0.0,False,far,-1,2.757542548583173,T2,43.09434781051556,2.0756561274272665,,,,,,,,,,,,,True,False,True,True,False,True,41.666666666666664,41.666666666666664,2021.06.28.15.02.02_veh-38_02398_02848,not_in_GT(far)
af064082155f5dc0,3a74449fd0b35ac3,vehicle,29.498099046415035,0.0,False,in_gt,0,-0.9908783212150665,T2,29.493687929197915,-0.5101173268932957,True,True,True,True,True,0.14373843,0.00035725292,5.9604645e-07,0.37132534,0.37132534,0.090532124,0.4036419,True,True,True,False,False,True,41.666666666666664,0.0,2021.09.16.19.27.01_veh-45_01749_03230,E2+BEVF
af2b5213e6895680,fa424b2b36115f9a,vehicle,13.561458867721834,2.7641409124303005,True,in_gt,1,1.1030184081292747,T0,13.558945921130825,0.2610596268306189,True,True,True,True,True,0.6696482,1.0512761,0.13134901,0.61191225,0.61191225,0.016699461,0.9540365,True,True,False,True,False,True,0.0,39.11025441901374,2021.09.09.14.18.22_veh-48_00322_00895,E2+BEVF
af4a7d40819b5870,2f968f2886675e1f,static,20.66267793477453,0.0,False,new,-1,-8.22006838913227,T1,20.45039398408251,-2.9542588464824853,,,,,,,,,,,,,True,False,False,False,False,True,0.0,0.0,2021.06.03.13.55.17_veh-35_02866_03582,not_in_GT(new)
af682242313853cb,1560abc6e33652d9,vehicle,39.287996021689665,0.0,False,far,-1,-24.486004132805775,T2,35.75453354880688,-16.283733051961576,,,,,,,,,,,,,True,False,False,True,False,True,-0.0005953611645459489,41.65963364288672,2021.09.29.18.19.40_veh-28_00438_00833,not_in_GT(far)
b0a6370d836a59ed,0988f3d5cb8d53cc,vehicle,17.55467917559607,0.0,True,in_gt,5,29.227909791137613,T2,15.319693410409986,8.571683310129181,True,True,True,True,True,0.0074052745,0.033754334,5.9604645e-07,0.9766767,0.52686375,0.007872582,0.83603776,True,True,False,False,False,True,0.0,0.0,2021.09.16.19.49.00_veh-42_00990_01609,E2+BEVF
b0d77b56b10d5861,0deda54459fe5c31,vehicle,22.44722584816209,0.0,False,in_gt,1,1.4623387401008696,T2,22.439915133877125,0.5728499478822586,True,False,True,True,True,0.0013484773,0.5605656,5.9604645e-07,1.5963678,1.5963678,0.09618658,0.95444095,True,True,False,False,False,True,0.0,0.0,2021.09.16.17.40.09_veh-45_02539_02745,E2+BEVF
b111bb8716b756d2,7af2dc7e7d415cf8,static,25.743553917323265,0.0,False,in_gt,46,5.303785763270781,T0,25.633335278006772,2.379640901359597,True,False,True,True,True,0.007726815,0.01636297,0.0011159461,1.4542302,1.4542302,0.022739772,0.3771604,True,True,True,False,False,True,80.74901209473214,-0.0044332740652713865,2021.06.03.12.02.06_veh-35_01100_01227,E2+BEVF
b11d39291cd55ed7,8843c8f4468a5b9f,vehicle,20.809865731247744,2.55663404028449,True,in_gt,0,1.898450875193424,T1,20.798443445747317,0.6893924764672139,True,False,True,True,True,0.083300404,1.9913805,0.65056866,1.2271435,1.2271436,0.027322363,0.96396273,True,True,False,False,False,True,0.0,0.0,2021.09.29.19.02.14_veh-28_00964_01689,E2+BEVF
b1520b6af9705191,6f2e302c3dac5175,vehicle,19.47968270459255,0.0,False,in_gt,0,-50.09791819217945,T1,12.495778271842662,-14.94367972263013,True,True,True,True,True,0.038640775,0.015588077,5.9604645e-07,0.2607615,0.26076153,0.08198629,0.81802434,True,True,False,False,False,True,0.0,0.0,2021.09.16.19.27.01_veh-45_01749_03230,E2+BEVF
b1dd380dd5425b49,e5a911c67b5b5c16,vehicle,14.094682971777688,1.6292446241002572,True,in_gt,1,0.7090807345546941,T1,14.093603612869652,0.17442843296727428,True,True,True,True,True,0.6703021,1.3342955,0.49433717,0.8420548,0.84205484,0.09601626,0.94123584,True,True,False,False,False,True,0.0,0.0,2021.09.29.19.02.14_veh-28_00964_01689,E2+BEVF
b2abc819ebf45c11,ab5c4e22b3e255e7,vehicle,15.056293451914957,1.4552626163759599,True,in_gt,3,-4.383062378696262,T1,15.012259637358422,-1.1506663681173648,True,True,True,True,True,0.899529,0.5594005,0.11704907,0.34525368,0.34525368,0.031474173,0.61822337,True,True,False,False,False,True,0.0009103600204229956,-0.00036727846567385924,2021.05.25.17.54.41_veh-35_04111_04288,E2+BEVF
b2dd5bf723d55469,85fc59768c035e1d,vehicle,30.688878220430617,0.0,False,in_gt,0,4.097726670752569,T2,30.61042575387603,2.192961831602121,False,False,True,True,True,,4.3601027,5.9604645e-07,,8.745408,0.25802743,0.29020843,True,True,False,False,False,True,0.0,0.0,2021.09.16.15.12.03_veh-42_01037_01434,BEVF_only
b393ab92c8ac5e77,75c55c9509c05a77,static,17.419505796715068,0.0,False,new,-1,-22.41314600604003,T1,16.103611524769285,-6.6417526347424065,,,,,,,,,,,,,True,False,False,False,False,True,-0.03197124148410779,-0.0038911103706906758,2021.09.16.17.40.09_veh-45_02539_02745,not_in_GT(new)
b42b3012c31c5b03,05e67f36e57753e2,vehicle,21.20851272588084,1.7261693197897021,True,in_gt,0,-2.5258220044406565,T1,21.187907845213473,-0.9346513716840867,True,True,True,True,True,1.6686509,1.6276461,0.06541136,0.27726686,0.27726686,0.0153031815,0.95766836,True,True,False,False,False,True,0.0,0.0,2021.09.09.18.04.06_veh-40_00555_00731,E2+BEVF
b4c5bd35a81f517e,69ec60d856dd56b0,vehicle,24.19154098712595,0.5777803865255543,True,in_gt,2,-0.2124191955711057,T2,24.191374731903906,-0.08968786091824615,True,False,True,True,True,0.4480886,0.30705833,0.15492336,1.1108575,1.1108575,0.088443525,0.97208315,True,True,False,False,False,True,0.0004018993042365082,-3.2971825647543085e-05,2021.06.03.12.02.06_veh-35_00233_00609,E2+BEVF
b5668089b793502b,65e216a9fd335080,static,11.962823182168892,0.0,False,in_gt,5,-7.113845022715902,T0,11.870733868178611,-1.4814911132756503,True,True,True,False,False,0.011890778,0.026614651,,0.43945342,0.42782688,1.8955212,0.6170805,True,True,False,False,True,,-99.40094923648296,-80.80007405406464,2021.10.06.08.16.17_veh-52_00612_00782,E2_only
b5a8b9b436b05bad,bf2be96a10ab544d,vehicle,14.606989881229573,5.797001924706338e-05,False,in_gt,0,-6.156943645516193,T2,14.52273445701582,-1.5666324653052959,True,True,False,True,True,0.0007114958,,0.19112755,0.44154224,0.44154224,0.028313017,0.91478384,True,True,False,False,False,True,0.0,0.0,2021.06.28.20.24.43_veh-38_03385_04952,E2+BEVF
b5b57305df6f5b99,46407046fa835e14,vehicle,26.03948827149619,0.0,False,in_gt,2,3.3107830822898894,T0,25.99602746375189,1.503830291371008,False,False,False,True,True,,,5.9604645e-07,,3.8544407,0.31948406,0.16942531,True,True,True,False,False,True,41.666666666666664,-58.333333333333336,2021.08.30.14.54.34_veh-40_00439_00835,BEVF_only
b5b8d20688385790,e6873f8659265a7d,vehicle,7.972931094286208,0.0,False,in_gt,0,1.1532853346854464,T1,7.971315986071756,0.16047331377128327,True,False,True,True,True,0.020569488,0.00785699,5.9604645e-07,1.5232021,1.5232021,0.03253041,0.42690027,True,True,True,False,False,True,0.0,0.0,2021.09.16.15.12.03_veh-42_01037_01434,E2+BEVF
b605703d3fb05725,729ab0caace75995,vehicle,43.664563267848514,7.377350809205854,True,far,-1,-3.6215878597225157,T2,43.577365109850305,-2.7581398540950213,,,,,,,,,,,,,False,False,False,False,False,True,0.0,0.0,2021.10.06.08.16.17_veh-52_01590_01725,not_in_GT(far)
b62d1a9194025d38,bd20237b782855bf,vehicle,14.642812469342395,0.0,False,in_gt,0,9.700685840834097,T1,14.433441514882551,2.467331159125996,True,True,True,True,True,0.03631088,0.029850058,5.9604645e-07,0.68479276,0.68479276,0.041184075,0.885875,True,True,False,False,False,True,0.0,0.0,2021.08.30.14.54.34_veh-40_00439_00835,E2+BEVF
b64b160540265465,a00af0f16afc5fef,vehicle,31.39468275268086,11.16366719178753,True,in_gt,0,5.273221316232425,T1,31.26181295960135,2.885334576852097,True,False,True,True,True,1.8664813,1.9061753,0.31858173,1.282378,1.282378,0.09295093,0.53083307,True,True,False,False,False,True,0.0,0.0,2021.06.28.16.29.11_veh-38_01415_01821,E2+BEVF
b770bd5be66d5339,b1cb9a2761d15bf0,vehicle,16.401478043071286,1.9848849115776004,True,in_gt,0,7.067257353534527,T0,16.276866337669126,2.0179455451035335,True,True,True,True,True,1.3447044,1.2935711,0.09642719,0.13359936,0.13359936,0.033072818,0.9687778,True,True,True,False,False,True,95.48220528757292,0.0,2021.06.03.13.55.17_veh-35_02866_03582,E2+BEVF
b77b4b6eb149553f,4a1d54f1857159e9,vehicle,23.293438563862292,0.0,False,in_gt,4,25.397849903675574,T1,21.042160070970144,9.990584551271102,True,False,True,True,True,0.019927202,0.014474909,5.9604645e-07,1.5064908,1.5064908,0.03661233,0.42151156,True,True,False,False,False,True,0.0,0.0,2021.09.16.14.39.34_veh-42_00297_00935,E2+BEVF
b84056c4268153fb,03050c215c3350a0,vehicle,25.1101112513466,8.544179712652227,True,behind,-1,175.41835179031386,T2,-25.02987226683485,2.005786967984033,,,,,,,,,,,,,True,False,False,False,False,True,0.0,0.0,2021.09.09.17.18.51_veh-48_00098_00328,not_in_GT(behind)
b85f00b0919a5180,e2c6e1e268895691,vehicle,19.16898116892979,0.0,False,in_gt,0,5.622355953826043,T2,19.0767639705358,1.8780083778439458,True,True,True,True,True,0.03733502,0.07692449,5.9604645e-07,0.29279882,0.29279885,0.16766699,0.843712,True,True,False,False,False,True,0.0,0.0,2021.09.16.13.53.10_veh-42_00630_00818,E2+BEVF
b87c15c9f6cf54eb,3ff3cc8f10195010,vehicle,13.878613605733905,4.379599442160733,True,in_gt,5,-8.518062961664537,T0,13.725521618115144,-2.0557168890477455,True,True,True,True,True,0.5534967,1.5359771,0.09022428,0.19859485,0.19859485,0.025573885,0.8252049,True,True,False,False,False,True,0.0,0.0,2021.06.28.16.29.11_veh-38_03263_03766,E2+BEVF
b9013028b5d45eee,4423aa0406f356bd,vehicle,11.807103469354452,2.2824458101247362,True,in_gt,1,-0.07169720307126995,T0,11.807094225087464,-0.01477484173163468,True,True,True,True,True,0.18925954,0.45229706,0.42005807,0.3510145,0.35101452,0.061007936,0.94496924,True,True,False,False,False,True,0.0,0.0,2021.08.30.14.54.34_veh-40_00334_00419,E2+BEVF
b937ec3b9c845118,9d0b14004c5956c2,vehicle,26.667149657924636,0.0,False,in_gt,0,-1.1290765709249748,T1,26.661971991410347,-0.525471604751667,False,False,True,True,True,,3.989215,5.9604645e-07,,9.988653,0.11304711,0.15933177,True,True,False,False,False,True,0.0,0.0,2021.09.29.14.44.26_veh-28_01509_01628,BEVF_only
b9e84e372b3958ac,0944cd268261519a,vehicle,20.1288955371327,0.0,False,in_gt,0,-0.09134604901961131,T2,20.12886995574329,-0.03209126946437735,True,True,True,True,True,0.15398638,0.012472216,5.9604645e-07,0.4559779,0.4559779,0.04751937,0.96996653,True,True,False,False,False,True,58.333333333333336,0.0,2021.06.28.21.47.53_veh-35_00280_00424,E2+BEVF
ba8f7c5757365a36,0944cd268261519a,vehicle,26.048211654893205,0.38665499740826875,False,in_gt,0,0.1723823946017503,T2,26.048093761859718,0.07836958261312432,True,False,True,True,True,0.37772426,0.41604683,0.17391448,1.1819272,1.1819272,0.027139332,0.9046391,True,True,False,False,False,True,0.0,0.0,2021.06.28.21.47.53_veh-35_00280_00424,E2+BEVF
bae8f15e2e5b5328,9d0b14004c5956c2,vehicle,34.03154548691785,0.0,False,far,-1,-0.509405614454052,T2,34.0302004599081,-0.30256385545676956,,,,,,,,,,,,,True,False,False,False,False,True,0.0,0.0,2021.09.29.14.44.26_veh-28_01509_01628,not_in_GT(far)
bb5b44d240945ed0,3ce06177c07c51ef,vehicle,21.082423053510293,4.716844834038241,True,in_gt,0,1.0157751925812615,T0,21.079109995099305,0.3737427212493909,True,True,True,True,True,1.197529,2.5053189,0.10909625,0.8858159,0.8858159,0.17122518,0.96193993,True,True,False,False,False,True,0.0,0.0,2021.09.16.14.39.34_veh-42_01111_01448,E2+BEVF
bb6cb09beb1e5e3f,145038333dc551ef,vehicle,38.49455037206921,1.0305055064208657,True,far,-1,1.2924355608023523,T2,38.48475720026656,0.8682577867806813,,,,,,,,,,,,,True,False,True,False,False,True,41.666666666666664,0.0,2021.09.29.18.19.40_veh-28_01268_01685,not_in_GT(far)
bb9c441a4c2b5791,8e1181ff23855985,static,20.69763312327822,0.0,False,in_gt,5,15.608817184748336,T2,19.934328663379958,5.569071524605501,True,True,True,True,True,0.016540715,0.0033255874,0.00075123133,0.97434115,0.5574109,0.01853231,0.38113868,True,True,False,False,False,True,0.0,0.0,2021.05.25.14.16.10_veh-35_01690_02183,E2+BEVF
bbb5018d017754d0,f7ab15e4bccc587b,vehicle,13.482534636364024,4.82691684240066,True,in_gt,0,0.14968085054611732,T0,13.48248862887599,0.035222052541359794,True,True,True,True,True,0.33378887,0.6858428,0.1758255,0.16467693,0.16467693,0.01745982,0.9577328,True,True,True,False,True,,0.0,-41.666666666666664,2021.09.29.19.02.14_veh-28_00540_00917,E2+BEVF
bc12361c48f15f75,3ce06177c07c51ef,vehicle,22.389699761509757,5.59260009655275,True,in_gt,0,0.9391916702770827,T0,22.386691803639536,0.366995230770657,True,False,True,True,True,0.8146781,2.3394485,0.102433465,1.4779774,1.4779774,0.23681636,0.95826095,True,True,False,False,False,True,0.0,0.0,2021.09.16.14.39.34_veh-42_01111_01448,E2+BEVF
bc667a4fc0f454d7,56b7bb1b38875710,vehicle,18.127918342972624,1.8562093284276517,True,in_gt,0,7.488916528394524,T0,17.973288871104494,2.3626913901977744,True,False,True,True,True,0.59908515,0.87677056,0.3079309,1.1405187,1.1405187,0.3915296,0.8578233,True,True,False,False,False,True,48.19430084728184,0.0,2021.09.29.19.02.14_veh-28_00964_01689,E2+BEVF
bc73190196b358f6,fe80dd284bcc590c,vehicle,23.920985698768728,3.069374864586215,True,in_gt,0,-7.8363453201882765,T1,23.697600783703397,-3.2614833890299346,False,False,True,True,True,,3.4992824,0.21884432,,2.4576757,0.022013664,0.0,True,True,False,False,False,True,0.0,0.0,2021.09.16.19.49.00_veh-42_00990_01609,BEVF_only
bcb48691833d5afe,24f8174cb21a555a,static,23.257413655799777,0.0,False,in_gt,4,9.916148460782182,T2,22.90996719655717,4.005083396092561,True,True,True,True,True,0.0025617732,0.014605583,0.0005034976,0.96666783,0.67482156,0.030653218,0.41726428,True,True,False,False,False,True,58.333333333333336,0.0,2021.06.03.18.47.39_veh-35_00503_00777,E2+BEVF
bcf787cdb66453f0,b79467957bc3511e,vehicle,17.58438557541812,10.571942810327961,True,in_gt,0,1.5817748475677105,T0,17.577684975545473,0.4853936190926653,True,True,True,True,True,1.9031053,2.5638661,0.80982155,0.60571235,0.60571235,0.03979567,0.9452545,True,True,False,False,False,True,0.0,0.0,2021.09.29.14.44.26_veh-28_00528_00992,E2+BEVF
bd0f9349cc1053a3,bd20237b782855bf,vehicle,9.077322531172737,0.0,False,in_gt,0,-12.50583974203635,T1,8.861953449709826,-1.9655954288999389,True,True,True,True,True,0.007363138,0.05408776,5.9604645e-07,0.18655162,0.18655162,0.025587192,0.814826,True,True,True,False,False,True,100.0,0.0,2021.08.30.14.54.34_veh-40_00439_00835,E2+BEVF
bd1e37aab1c7530f,3ff3cc8f10195010,vehicle,14.278939596250646,4.923469231039799,True,in_gt,4,-5.427306732383814,T0,14.214927113365873,-1.350541800563899,True,True,True,True,True,0.74632007,0.45333034,0.23444766,0.31174994,0.31174994,0.12586236,0.8279586,True,True,False,False,False,True,0.0,0.0,2021.06.28.16.29.11_veh-38_03263_03766,E2+BEVF
bd4be260be50516f,dc26117ce2c75c03,static,14.137872233276639,0.0,False,in_gt,1,-2.603137060166411,T1,14.123283144881135,-0.6421094096577111,True,True,True,False,False,0.002197256,0.0015673133,,0.2493299,0.17259768,16.536642,0.57350767,True,True,False,False,False,True,0.0,0.0,2021.06.28.15.02.02_veh-38_02398_02848,E2_only
bd5e1c226cca5d3e,609a5bc319015d3b,vehicle,21.441556940735634,0.0,False,in_gt,4,-26.248723385426494,T0,19.23055925130592,-9.482929659383787,True,True,True,True,True,0.67725873,0.34289014,5.9604645e-07,0.6138502,0.26970217,0.10075449,0.43513367,True,True,False,False,False,True,49.84279251491432,0.0,2021.09.29.15.23.04_veh-28_00814_01101,E2+BEVF
bd6d465e3fe95e7c,ce0f3ee4997852d5,vehicle,29.825859089129057,0.0,False,in_gt,3,-47.453516277237405,T2,20.16789199949174,-21.973575100593425,True,True,True,True,True,0.026089365,0.0141287185,5.9604645e-07,0.4286174,0.4286174,0.13404687,0.31493235,True,True,False,False,False,True,0.0,0.0,2021.08.30.16.16.44_veh-40_00256_00716,E2+BEVF
be382c6340e75946,24f8174cb21a555a,static,20.94067839200131,0.0,False,in_gt,4,10.209396518870463,T1,20.6091152663991,3.7116545439340176,True,True,True,True,True,0.0024612988,0.009079318,0.0007564036,0.2590809,0.2590809,0.02904508,0.65343666,True,True,False,False,False,True,0.0,0.0,2021.06.03.18.47.39_veh-35_00503_00777,E2+BEVF
be63bfa5c6445e0e,a0e796ca904051e6,vehicle,12.33468603298446,12.764905821088467,True,in_gt,0,13.00503550212295,T1,12.018304925056102,2.7757568806857233,True,True,True,True,True,1.4245378,0.91083467,0.17706999,0.0850275,0.0850275,0.028932352,0.90865326,True,True,False,False,False,True,0.0,0.0,2021.06.28.16.29.11_veh-38_00022_00368,E2+BEVF
bf0a29ccead65750,a044eb79ac4550c6,static,25.136469353773855,0.0,False,roi_no_ann,-1,-25.213276742741414,T1,22.74167682968516,-10.707858168063924,,,,,,,,,,,,,True,False,True,True,True,,0.0,90.69189612081342,2021.10.06.08.16.17_veh-52_00922_01296,not_in_GT(roi_no_ann)
bf1370df23cf5118,aa115a4c04445496,vehicle,27.595499202543092,2.1304889726101384,True,in_gt,0,0.630844262480887,T1,27.593826560834497,0.303828846788778,True,True,True,True,True,1.928612,2.559927,0.2249657,0.22253639,0.22253639,0.08410702,0.93391514,True,True,False,False,False,True,-0.00022984510840151628,0.00023705329913470408,2021.06.28.16.29.11_veh-38_03263_03766,E2+BEVF
bf1f3fe1ca935bba,26dcbaf0e6b05e89,vehicle,23.40130037907295,0.0,False,in_gt,10,40.9716277359526,T2,17.668785882259513,15.343886889522702,True,True,True,True,True,0.026595635,0.014033946,5.9604645e-07,0.8821234,0.870522,0.06227858,0.63709664,True,True,False,False,False,True,0.0009939752486920472,-0.0005202181364127867,2021.09.29.18.19.40_veh-28_00844_01218,E2+BEVF
bf929b24f13b5c37,af5e8ed6d7f2528b,vehicle,22.963842930055094,0.0,False,in_gt,0,-21.700718491786002,T1,21.33634795711392,-8.491074017413933,True,True,True,True,True,0.0032125195,2.0101514,5.9604645e-07,0.2927585,0.2927585,0.03325415,0.88910353,True,True,False,False,False,True,-0.05311327000034893,0.0010510576824884765,2021.09.16.14.39.34_veh-42_00297_00935,E2+BEVF
c091585789c859db,0deda54459fe5c31,vehicle,31.64145184663957,0.0,False,in_gt,2,0.8810296884341713,T2,31.637711139821086,0.48652728232985076,True,True,True,True,True,0.011786849,0.03945043,5.9604645e-07,0.8214795,0.8214795,0.10892505,0.36411828,True,True,False,False,False,True,0.0,0.0,2021.09.16.17.40.09_veh-45_02539_02745,E2+BEVF
c0d4412fa9f15f5b,bf7abb9ce58952b4,static,39.284506877189685,0.0,False,far,-1,2.5304908837334428,T0,39.246199271843025,1.7344518727111975,,,,,,,,,,,,,True,False,True,True,True,,0.0,0.0,2021.06.28.20.24.43_veh-38_03385_04952,not_in_GT(far)
c13f0e8db9b15c69,9836e98c2e3f5322,vehicle,17.650168907724797,1.7292788991193102,True,in_gt,0,-4.664998869219267,T1,17.591698414032507,-1.4354822816535782,True,True,True,True,True,0.6510968,1.3997978,0.1111781,0.13785607,0.13785607,0.110522814,0.9725002,True,True,False,False,False,True,0.0,0.0,2021.05.25.17.54.41_veh-35_04111_04288,E2+BEVF
c16f84d1251552af,a9d2b8329a4e52fa,vehicle,29.86848368532135,0.0,False,in_gt,4,41.32141479276535,T2,22.43175095056329,19.721634489874578,True,True,True,True,True,0.6979372,2.3921309,5.9604645e-07,0.82746035,0.82746035,0.05778383,0.5688578,True,True,False,False,False,True,-0.0006040952240271569,0.0003165714522745944,2021.09.16.13.53.10_veh-42_00630_00818,E2+BEVF
c1c3bb73344c593a,5b29fbcf57f4515e,vehicle,23.751753573278872,4.821709277129471,True,in_gt,0,-0.39115264061019234,T0,23.75120008138552,-0.16214962151744494,True,True,True,True,True,0.8579392,1.7567405,1.1001596,0.44354278,0.44354278,0.87384444,0.9451401,True,True,False,False,False,True,5.861911601678926e-05,-5.7700529920712285e-05,2021.09.16.15.12.03_veh-42_01037_01434,E2+BEVF
c262c31769935486,9dbc45bd0af053b4,static,22.450354248815515,0.0,False,in_gt,5,-0.7140304788371306,T1,22.44861093401362,-0.27977317704356536,True,False,True,True,True,0.003533417,0.008771747,0.00181128,1.3304873,1.3304873,0.02461879,0.6706936,True,True,False,True,False,True,0.0,0.0,2021.06.28.20.24.43_veh-38_03385_04952,E2+BEVF
c32ae6a1954651ec,ef287e5a60865789,vehicle,16.881076893271665,1.503161111563944,True,in_gt,0,0.9809962420405215,T0,16.87860261258301,0.2890171674080042,True,True,True,True,True,0.3802577,1.1278205,0.07617933,0.22288355,0.22288355,0.03564543,0.9606613,True,True,False,False,False,True,0.0,0.0,2021.05.25.15.59.03_veh-30_00625_00855,E2+BEVF
c35e290a671a5084,e860d8fe02c7540e,vehicle,22.356664839467026,0.0,False,in_gt,9,7.090858936046693,T0,22.185673126612706,2.759777285100375,False,False,False,True,True,,,0.34131286,,2.3837132,0.47724956,0.0,True,True,True,False,False,True,100.0,0.0,2021.09.29.15.23.04_veh-28_00814_01101,BEVF_only
c35f0df7bfdb5140,04f4f17b0d865512,vehicle,9.180082393424424,0.0,False,in_gt,0,1.4671070875361232,T1,9.177073053688295,0.23503811888565274,True,True,True,True,True,0.013089875,0.018258333,5.9604645e-07,0.038066126,0.038066126,0.007856934,0.9576313,True,True,False,False,False,True,0.0,0.0,2021.09.16.19.27.01_veh-45_01749_03230,E2+BEVF
c39af88ae1be534a,ef287e5a60865789,vehicle,18.658886769676105,1.3999917852709167,True,in_gt,0,1.2451711168232331,T1,18.6544806990723,0.4054692732291406,True,True,True,True,True,1.3756377,0.7742333,0.29426232,0.07370625,0.07370625,0.044352416,0.96154237,True,True,False,False,False,True,0.0,0.0,2021.05.25.15.59.03_veh-30_00625_00855,E2+BEVF
c3ace87d2f985eaa,88f13d7a43ee5925,vehicle,22.165296627859778,2.969374002702703,True,in_gt,10,-5.991286467131361,T0,22.044224913264394,-2.3135519389945483,False,False,False,False,False,,,,,4.1317487,0.31949008,0.0,True,True,True,False,False,True,96.21658030253259,0.0,2021.08.30.16.16.44_veh-40_00779_01088,neither
c3d6016d73645955,aa115a4c04445496,vehicle,23.328529653129852,0.9975286371827178,True,in_gt,0,0.705886593169557,T1,23.326759232423964,0.28740126910316527,True,True,True,True,True,1.9173832,2.0169492,0.47182533,0.14604096,0.14604096,0.03349573,0.9682748,True,True,False,False,False,True,0.0,0.0,2021.06.28.16.29.11_veh-38_03263_03766,E2+BEVF
c404e4b4b7a455d3,91f5e61ef76450eb,vehicle,15.732808729107733,5.8813733178073155,True,in_gt,0,-0.2654347998148686,T0,15.732639900536007,-0.07288529859189286,True,True,True,True,True,0.5161166,0.34041023,0.2298999,0.144408,0.144408,0.053157955,0.9606537,True,True,False,False,False,True,0.0,0.0,2021.06.03.13.55.17_veh-35_02866_03582,E2+BEVF
c41d82a41da35d8d,ffabf9a418ba5d07,vehicle,64.75410283497345,8.229779777717093,True,far,-1,6.1353246922533,T2,64.38320687085229,6.920730235123646,,,,,,,,,,,,,True,False,False,False,False,True,0.0036544542938665714,0.0026561100200162002,2021.09.16.19.27.01_veh-45_01749_03230,not_in_GT(far)
c42677f7e56f5c3f,66ff547cb4ae5b1c,vehicle,25.97527226136302,2.4175456825715247,True,in_gt,2,0.6546533046457677,T1,25.97357674161637,0.29678325306573505,True,False,True,True,True,1.0105422,2.0120232,0.16767903,1.3722156,1.3722156,0.02657636,0.9663649,True,True,False,False,False,True,0.0,0.0,2021.05.25.14.16.10_veh-35_01690_02183,E2+BEVF
c493172b908c5df9,007f7549dd315b3f,vehicle,11.186766030789114,0.9477717748540606,True,in_gt,0,-0.3132002044445351,T1,11.186598893910642,-0.06115075121715474,True,True,True,True,True,0.46644205,0.7371706,0.23150817,0.3707427,0.37074268,0.030416144,0.9497865,True,True,False,False,False,True,0.0,0.0,2021.09.16.19.12.04_veh-42_01088_01192,E2+BEVF
c49e7550cee75722,763973e004db578a,vehicle,24.216683250258647,2.7003903640714486,True,in_gt,41,0.3296169524618685,T2,24.216282515251894,0.1393154150233631,False,False,False,False,False,,,,,8.00598,4.682218,0.23289745,True,True,False,False,False,True,0.0,0.0,2021.06.03.12.02.06_veh-35_01100_01227,neither
c53328cc0fb15f17,f2a0c7c78f255581,vehicle,51.43378115122253,0.0,False,far,-1,1.9121581969809227,T2,51.40514065610117,1.7162044278899895,,,,,,,,,,,,,True,False,False,False,False,True,-0.00032506957774458556,0.0001757325637785634,2021.09.16.14.39.34_veh-42_01609_01687,not_in_GT(far)
c5510354351d5d5e,f7ab15e4bccc587b,vehicle,10.559677635633141,3.158462214931686,True,in_gt,0,2.3960313318214714,T0,10.550445608048632,0.4414626146097351,True,True,True,True,True,0.74778795,1.2155135,0.26025894,0.5625952,0.5625952,0.026715439,0.96030873,True,True,True,True,False,True,100.0,100.0,2021.09.29.19.02.14_veh-28_00540_00917,E2+BEVF
c5727dc4f8665554,b79467957bc3511e,vehicle,27.363976362516233,0.0,False,in_gt,0,0.44113516999773217,T2,27.363165317110912,0.21068031898026796,True,True,True,True,True,0.47318748,2.1733723,5.9604645e-07,0.3574037,0.35740367,0.019861592,0.69705653,True,True,False,False,False,True,0.0,0.0,2021.09.29.14.44.26_veh-28_00528_00992,E2+BEVF
c5ff90667143574a,b79467957bc3511e,vehicle,28.074990234481454,0.0,False,in_gt,0,4.575555731541038,T1,27.98551533172486,2.239644678073267,True,False,False,True,True,0.0132696815,,5.9604645e-07,1.9866014,1.9866014,0.020348152,0.49915802,True,True,False,False,False,True,58.333333333333336,0.0,2021.09.29.14.44.26_veh-28_00528_00992,E2+BEVF
c63599ac19bc5e9a,5ad280fc42705262,vehicle,22.173014579840356,0.0,False,in_gt,2,7.497743719725898,T1,21.98343531990157,2.893293468267121,True,False,True,True,True,0.0025715856,0.032418117,5.9604645e-07,1.121967,1.121967,0.038381938,0.91799176,True,True,True,False,False,True,41.666666666666664,0.0,2021.06.28.16.57.59_veh-26_00016_00484,E2+BEVF
c65ad538a2275dd8,3765e3f0aff95331,vehicle,16.847291823363086,0.0,False,in_gt,7,49.80205356261373,T1,10.873752814003781,12.868284327038378,True,True,True,True,True,0.059128392,0.08508994,5.9604645e-07,0.8687591,0.8687591,0.058888353,0.7714314,True,True,False,False,False,True,0.0,0.0,2021.09.16.14.39.34_veh-42_01111_01448,E2+BEVF
c6c94bd6691c5008,0e6749662103594c,vehicle,3.1529984159594475,6.726695971294047,True,behind,-1,-96.45741498198339,T1,-0.3546010572174654,-3.13299490923031,,,,,,,,,,,,,True,False,False,False,False,True,0.0,58.333333333333336,2021.05.25.14.16.10_veh-35_03373_03550,not_in_GT(behind)
c72c3c003bc95aab,2aaeaeb6a15c53fd,static,22.778092093545677,0.0,False,in_gt,10,-13.760580565209386,T2,22.12431895744588,-5.418116839940692,True,True,True,True,True,0.0031208445,0.00013509099,0.0002781182,0.9376136,0.9376136,0.038493898,0.5080528,True,True,False,False,False,True,0.0,0.0,2021.06.03.13.55.17_veh-35_02866_03582,E2+BEVF
c75331b9d30957a1,0944cd268261519a,vehicle,29.172637840931426,0.9159143857548797,True,in_gt,0,0.22034083423399042,T2,29.172422121193694,0.11218815014543537,True,True,True,True,True,0.90193546,0.9106139,0.23619474,1.0048149,0.50540304,0.07453907,0.39491004,True,True,False,False,False,True,-3.580659569957234e-05,-7.272866808794021e-06,2021.06.28.21.47.53_veh-35_00280_00424,E2+BEVF
c7c04f1581855ac4,0deda54459fe5c31,vehicle,17.34642786477097,4.675466769663792e-05,False,in_gt,1,2.1121436170453305,T2,17.334642785671996,0.639311474050472,True,True,True,True,True,0.005566657,0.16316731,4.6159326e-05,0.53320277,0.53320277,0.07693332,0.963938,True,True,False,False,False,True,0.0,0.0,2021.09.16.17.40.09_veh-45_02539_02745,E2+BEVF
c8507cfbe8575463,f960c97c26d05f58,vehicle,14.087302215131874,1.1460344648912966,True,in_gt,0,1.893777692514808,T2,14.079607881286396,0.465537978770187,True,True,True,True,True,0.20487937,0.70629513,0.6540202,0.3396118,0.3396118,0.032453064,0.95031357,True,True,False,False,False,True,0.00038425268619191044,0.000853994783944767,2021.08.30.14.54.34_veh-40_00439_00835,E2+BEVF
c9614cfb18a953ae,5ad280fc42705262,vehicle,19.561676975162417,0.0,False,in_gt,2,8.08321806674238,T1,19.367329469088823,2.750591812022124,True,True,True,True,True,0.013913307,0.0028003498,5.9604645e-07,0.6348039,0.6348039,0.040546786,0.9196892,True,True,False,False,False,True,0.0,0.0,2021.06.28.16.57.59_veh-26_00016_00484,E2+BEVF
c988ef2f076359de,57ca57c61cfe5c36,vehicle,9.784719238372428,2.3513785908110102e-05,False,in_gt,0,-3.0508734903673,T2,9.770851076880403,-0.520768477541211,True,True,True,True,True,0.0519661,0.5778276,0.6101563,0.30106354,0.30106354,0.041712992,0.9666112,True,True,True,False,False,True,41.666666666666664,0.0,2021.06.28.18.03.27_veh-14_00620_01581,E2+BEVF
c9c7f9354f935514,04f4f17b0d865512,vehicle,22.226253316998083,0.0,False,in_gt,0,0.3037669766792251,T2,22.225940945716367,0.11783712868554197,True,False,True,True,True,1.2825953,0.52996415,5.9604645e-07,1.2679753,1.2679753,0.06078775,0.86130476,True,True,True,False,False,True,41.666666666666664,0.0,2021.09.16.19.27.01_veh-45_01749_03230,E2+BEVF
c9f514edbbb55dd9,a0e796ca904051e6,vehicle,14.448844727041458,11.047536953771619,True,in_gt,0,8.665380097256703,T0,14.283912650925954,2.1769137159913408,True,True,True,True,True,1.3805057,1.445412,0.29717767,0.24343185,0.24343185,0.05615298,0.90446365,True,True,False,False,False,True,0.0,0.0,2021.06.28.16.29.11_veh-38_00022_00368,E2+BEVF
ca8a417f32d859ba,13b7ac2541e75b0d,vehicle,18.906916527403645,0.0,False,in_gt,0,-33.19031161231743,T1,15.822383389119604,-10.350056833753188,True,False,True,True,True,0.051400304,0.23905632,5.9604645e-07,1.2190629,1.2190629,0.02308672,0.8795179,True,True,False,False,False,True,0.0,0.0,2021.10.06.08.16.17_veh-52_01430_01579,E2+BEVF
cb5ec9cf4fb556c7,4c4fc9c707885e40,vehicle,8.706560330536744,15.889444645942591,True,behind,-1,153.87900503121529,T2,-7.817327179170454,3.833221695007872,,,,,,,,,,,,,False,False,False,False,False,True,0.0,0.0,2021.06.28.18.03.27_veh-14_00620_01581,not_in_GT(behind)
cba63a3ef5bc51b3,a0e796ca904051e6,vehicle,14.179882352356291,5.721916931422099,True,in_gt,0,1.7886812923239976,T0,14.172973148211518,0.44260102433306703,True,True,True,True,True,1.1584015,1.0627347,0.7025298,0.43794602,0.43794602,0.025254326,0.94078445,True,True,False,False,False,True,0.0,0.0,2021.06.28.16.29.11_veh-38_00022_00368,E2+BEVF
cbc47540cc665da4,4e19f91f84045351,static,20.652217362287885,0.0,False,in_gt,7,-33.33862319301826,T2,17.253628048444774,-11.350171855311487,True,True,True,True,True,0.00435242,0.0020009512,0.0012517633,0.86970705,0.86970705,0.004903354,0.33897576,True,True,False,False,False,True,-0.003255612135721897,0.0008313290103867388,2021.08.30.13.45.25_veh-40_00878_01104,E2+BEVF
cbe3a6c80bfb5327,60e80f59649e5292,vehicle,20.271213862873676,1.268435874213136,True,in_gt,0,-0.9112675108565985,T2,20.268650045337353,-0.3223923293257034,True,True,True,True,True,0.44401768,0.5117062,0.046892703,0.0425673,0.042567298,0.015599503,0.93436766,True,True,False,False,False,True,0.0,0.0,2021.09.16.19.49.00_veh-42_00990_01609,E2+BEVF
cc3ebf79ba985643,c2c7f1b38f3d5604,vehicle,23.353579730873058,0.0,False,in_gt,4,-40.41239461536586,T0,17.78137086124877,-15.139766726768878,False,False,False,True,True,,,5.9604645e-07,,2.039731,0.07667741,0.0,True,True,True,False,False,True,41.666666666666664,0.0,2021.09.16.19.27.01_veh-45_01749_03230,BEVF_only
cd72b9f6b03f5f41,2de767edf87e5217,vehicle,20.97851295873571,0.00013655552560801182,False,in_gt,0,1.7708557930636089,T2,20.968493799920616,0.6482852169629929,True,False,True,True,True,1.0308254,2.1401904,0.00013606258,1.2771873,1.2771873,0.070230566,0.83578354,True,True,False,False,False,True,0.0,0.0,2021.09.09.14.18.22_veh-48_01298_01492,E2+BEVF
cdc8b2ccd20f5c80,057ee2e8df4a57e4,vehicle,30.64792042794893,0.6276946856961944,True,in_gt,4,-29.078673561725598,T1,26.784847659001336,-14.895199308568515,True,True,False,True,True,1.7757982,,0.37081847,0.77575594,0.7757559,0.15410124,0.31761226,True,True,False,False,False,True,-0.00041742780269027335,0.005147089208223932,2021.08.30.16.16.44_veh-40_00256_00716,E2+BEVF
ce3ff067f10b526b,9c4c7ed894fc5071,vehicle,61.953267083319275,8.03868313419112,True,far,-1,-27.960811418787127,T2,54.72136870835264,-29.04787615268311,,,,,,,,,,,,,True,False,False,False,False,True,0.0,0.0,2021.09.09.17.18.51_veh-48_01462_01552,not_in_GT(far)
cf05c9f4f6e55af3,b1cb9a2761d15bf0,vehicle,17.566255896379367,2.6875324789728126,True,in_gt,0,6.130819459672621,T1,17.465788167902144,1.8760570063439728,True,True,True,True,True,1.6867834,0.7383485,0.06114879,0.108932465,0.10893246,0.092927895,0.9341253,True,True,False,False,False,True,0.0,0.0,2021.06.03.13.55.17_veh-35_02866_03582,E2+BEVF
cf0aec572cdd543e,85fc59768c035e1d,vehicle,27.04872961186771,0.0,False,in_gt,0,3.5343265425586816,T2,26.997284129883646,1.667460112345056,True,False,True,True,True,2.4191256,3.5761235,5.9604645e-07,1.2548628,1.2548628,0.07854553,0.40767428,True,True,False,False,False,True,58.333333333333336,0.0,2021.09.16.15.12.03_veh-42_01037_01434,E2+BEVF
cf1b346426bd5fce,4b314b720f995311,static,34.75203962339284,0.0,False,far,-1,-1.8640965677326853,T2,34.733648699672116,-1.1304450422869967,,,,,,,,,,,,,True,False,False,False,False,True,0.0,0.0,2021.06.03.17.06.58_veh-35_03860_03992,not_in_GT(far)
cfb755b8d37458ac,fba16dd8ce315213,vehicle,37.385754950065085,2.760243016443871,True,far,-1,-6.8978178489230695,T2,37.11515374178614,-4.489992863011518,,,,,,,,,,,,,True,False,False,False,False,True,0.0010961076007731663,-0.002302985666935431,2021.09.29.14.44.26_veh-28_00238_00320,not_in_GT(far)
cfdeb32366475b04,2722f8ced0cd564b,vehicle,57.92822885538697,9.497728589984458,True,new,-1,3.1876599652356292,T2,57.83860018758285,3.2211840467487747,,,,,,,,,,,,,True,False,False,False,False,True,0.0,0.0,2021.09.29.15.23.04_veh-28_00814_01101,not_in_GT(new)
d02d0643d42c5d91,070bfa83255353bb,static,11.540444131393157,0.0,False,new,-1,-3.6112545695847,T0,11.517529140207916,-0.7268928767488863,,,,,,,,,,,,,True,False,True,True,False,True,0.0,0.0,2021.10.06.07.26.10_veh-52_01245_02064,not_in_GT(new)
d0785c050c1350e7,a0e796ca904051e6,vehicle,14.755363453888542,10.297997711401528,True,in_gt,0,6.949041478805295,T0,14.646972751388352,1.7852002342697395,True,True,True,True,True,0.73245436,0.7477374,0.31665495,0.16833444,0.16833442,0.09076442,0.8966644,True,True,False,False,False,True,0.0,0.0,2021.06.28.16.29.11_veh-38_00022_00368,E2+BEVF
d07c624bab3d5a61,3ff3cc8f10195010,vehicle,15.880183313955184,6.776757619980392,True,in_gt,2,2.5975169661332753,T0,15.863866977495624,0.7196850735873984,True,True,True,True,True,0.3897887,1.331284,0.24653016,0.073312886,0.07331289,0.074261725,0.9582766,True,True,False,False,False,True,-0.8304023168653973,0.01259373387922924,2021.06.28.16.29.11_veh-38_03263_03766,E2+BEVF
d0de8d6a350d55d9,ba1bf00024785184,VRU,17.214465841855972,0.07063332288355469,True,in_gt,23,8.304788669066488,T1,17.033950143390392,2.4864385640744233,False,False,False,False,False,,,,,0.83473814,0.7974863,0.9692069,True,True,False,False,False,True,0.0,0.0,2021.09.29.19.02.14_veh-28_00964_01689,neither
d1bae9e7d9785598,2297d65ed709558a,vehicle,25.788840840898352,0.0,False,in_gt,1,3.76934712223334,T0,25.73305394616687,1.6953602923427518,False,False,True,True,True,,0.28134203,5.9604645e-07,,4.444669,0.052389026,0.24812981,True,True,False,False,False,True,0.0,0.0,2021.09.29.14.44.26_veh-28_01331_01485,BEVF_only
d20a475e7b1956bf,3a74449fd0b35ac3,vehicle,22.696195886741847,0.0,True,in_gt,0,-0.5841412463919313,T1,22.695016354559066,-0.23138797646833353,True,True,True,True,True,0.0022254407,0.01782866,5.9604645e-07,0.43791497,0.43791497,0.22020224,0.94631326,True,True,True,False,False,True,41.666666666666664,0.0,2021.09.16.19.27.01_veh-45_01749_03230,E2+BEVF
d20dc707981f56e7,870670afd5a55f0b,vehicle,32.21532531318356,0.0,False,in_gt,0,-9.072135350589294,T2,31.812331147294966,-5.079642901729617,False,False,False,False,False,,,,,2.5858264,37.53442,0.13901196,True,True,False,False,False,True,0.0,0.0,2021.10.06.07.26.10_veh-52_02208_02394,neither
d24a3d77682d55b6,5d9d0e4a8e975610,vehicle,3.582330894574062,8.022186954952929,True,fov,-1,83.09788251377476,T1,0.4305013427500415,3.5563693891538057,,,,,,,,,,,,,True,False,False,False,False,True,-0.00031536524532915777,-0.001167577852767554,2021.06.28.20.24.43_veh-38_03385_04952,not_in_GT(fov)
d25b6512a43f5e54,b1cb9a2761d15bf0,vehicle,18.6091860851559,3.2711789887039475,True,in_gt,0,5.133505030273912,T1,18.534543004352283,1.665089298438936,True,True,True,True,True,1.6282498,0.96979886,0.09388824,0.33479223,0.33479226,0.05808681,0.53340566,True,True,False,False,False,True,-0.00032773148443965283,-0.0002049641019352677,2021.06.03.13.55.17_veh-35_02866_03582,E2+BEVF
d37cdaefc82d5cb2,b79467957bc3511e,vehicle,18.672699861091687,9.480088202604875,True,in_gt,0,3.1335082242579553,T0,18.64478179807137,1.0207016237471107,True,True,True,True,True,1.154944,2.102801,0.5567478,0.70261294,0.70261294,0.07135773,0.9530227,True,True,False,False,False,True,0.0,0.0,2021.09.29.14.44.26_veh-28_00528_00992,E2+BEVF
d3afcd1be60851a9,c2c7f1b38f3d5604,vehicle,24.83450206781144,0.0,False,in_gt,3,-47.58701967813866,T1,16.750118336282128,-18.335376425824364,False,False,False,True,True,,,5.9604645e-07,,2.5940676,0.13286592,0.19032028,True,True,False,True,True,,-41.649803960930555,-0.00856808469589243,2021.09.16.19.27.01_veh-45_01749_03230,BEVF_only
d46f1077421c5c75,f960c97c26d05f58,vehicle,23.29732917658912,0.0,False,in_gt,1,2.4165191270047637,T2,23.276611217534462,0.982301883383899,True,True,True,True,True,1.0413946,0.78798246,5.9604645e-07,0.0038065773,0.0038065773,0.029930728,0.9513238,True,True,False,False,False,True,0.0,0.0,2021.08.30.14.54.34_veh-40_00439_00835,E2+BEVF
d4ac0a1865ac5c25,df951133359c5374,vehicle,10.286166310359931,0.5372930937979021,True,in_gt,0,-10.053441386954065,T0,10.12822591022489,-1.7956216961912745,True,True,True,True,True,0.36302313,1.5947255,0.3904902,0.52126426,0.52126426,0.023907319,0.6370653,True,True,False,False,False,True,0.0,0.0,2021.09.09.17.18.51_veh-48_00098_00328,E2+BEVF
d559cac76f5a5a7d,21dd8baa57a45d4e,vehicle,44.692339921325456,8.123288467008326,True,far,-1,-3.0871219360466133,T2,44.62748240242304,-2.4068780743366602,,,,,,,,,,,,,True,False,False,False,False,True,0.0,0.0,2021.09.29.18.19.40_veh-28_01268_01685,not_in_GT(far)
d55aac327e4451ba,4be9fae091e35b13,vehicle,13.722643978772556,6.42625183359043,True,in_gt,1,17.300814479427224,T1,13.101784525583689,4.080955772036556,True,True,True,True,True,1.0100282,1.2693901,0.051042438,0.27663976,0.2766398,0.03149472,0.9623145,True,True,False,False,True,,-41.67568188537736,-41.672807657355094,2021.09.29.18.19.40_veh-28_01268_01685,E2+BEVF
d577027e9c295bde,ec9c4a81073a5dc0,vehicle,24.086764983633753,0.0,False,in_gt,7,48.64994208676286,T2,15.913108608710035,18.08162663546075,True,True,True,True,True,0.043862633,0.10402551,5.9604645e-07,0.7693403,0.7693403,0.09872746,0.36203408,True,True,False,False,False,True,0.11560061321388426,-0.0003348057595498055,2021.09.09.14.18.22_veh-48_01503_01761,E2+BEVF
d5a0b92fbf8b51df,dbf1a96cc552587a,vehicle,29.11977689724472,11.76221753189245,True,behind,-1,91.40108059629051,T2,-0.7120086107705834,29.11107092299244,,,,,,,,,,,,,False,False,False,False,False,True,0.0,0.0,2021.10.06.08.16.17_veh-52_01949_02501,not_in_GT(behind)
d5b18d6105c25004,870670afd5a55f0b,vehicle,29.65636398648889,0.0,False,in_gt,0,-8.256233642724846,T1,29.348998588737274,-4.258662552658141,True,True,False,True,True,2.311129,,5.9604645e-07,0.42028105,0.42028105,0.2993661,0.38306406,True,True,False,False,False,True,0.0,0.0,2021.10.06.07.26.10_veh-52_02208_02394,E2+BEVF
d6396ef1c0c55d33,2c560411d895518b,vehicle,38.37090723746544,0.0,False,far,-1,3.2395503687072393,T1,38.30959028251212,2.1683668075837055,,,,,,,,,,,,,True,False,False,False,False,True,0.0,0.0,2021.09.29.18.19.40_veh-28_01268_01685,not_in_GT(far)
d64a3964875f5b41,4c30329f7f4b53cd,VRU,14.673856570956358,0.24592903506742309,False,in_gt,5,-0.23267948219500104,T1,14.673735571173843,-0.05959070620946605,True,True,True,True,True,0.19639526,0.11825245,0.15248828,0.14827642,0.1482764,0.086567804,0.44382346,True,True,False,False,False,True,0.0,0.0,2021.06.28.20.24.43_veh-38_03385_04952,E2+BEVF
d68c7a7e02265029,2ea57d78f05a562d,vehicle,29.15225237412864,0.0,False,in_gt,0,-46.75344461004733,T2,19.973350857585803,-21.234855167970075,False,False,False,True,True,,,5.9604645e-07,,2.1020525,0.049250737,0.05746943,True,True,False,False,False,True,0.0,0.0,2021.09.16.21.13.37_veh-42_00172_00347,BEVF_only
d6eda165241a53b9,b79467957bc3511e,vehicle,16.120772223805503,1.5723990792015698,True,in_gt,0,0.16823254933807416,T2,16.12070273252387,0.047333935145962514,True,True,True,True,True,0.81956404,1.990215,0.8468243,0.86296636,0.86296636,0.054073427,0.5303614,True,True,False,False,False,True,0.0,0.0,2021.09.29.14.44.26_veh-28_00528_00992,E2+BEVF
d6fb4629926d57db,08018c45ddc057a0,vehicle,25.094662650607166,0.0,False,in_gt,0,0.4363437028617377,T2,25.09393493543796,0.19110992591842546,True,False,True,True,True,0.0062632556,2.4415596,5.9604645e-07,1.7634636,1.7634637,0.051191825,0.86433595,True,True,False,False,False,True,0.0,0.0,2021.09.09.18.29.25_veh-39_00569_00903,E2+BEVF
d719f6e5de715f5a,981fb8fe8d605018,vehicle,25.10883500648529,4.245129305714289,True,in_gt,1,-2.565250786222934,T1,25.0836733972546,-1.1237990402038154,True,True,True,True,True,1.499797,2.1095462,0.37706563,0.4669278,0.4669278,0.043726593,0.9544797,True,True,False,False,False,True,0.0,0.0,2021.08.30.16.16.44_veh-40_00779_01088,E2+BEVF
d72d183a16e05cf3,4661649cbeae59af,vehicle,25.258107604456207,4.908092160881931,True,in_gt,0,0.22129873317794535,T0,25.257919203603386,0.0975564581756298,True,True,True,True,True,1.5642095,2.0152504,0.1659611,0.37269536,0.37269536,0.1444037,0.96254027,True,True,False,False,False,True,0.0,0.0,2021.06.28.20.24.43_veh-38_03385_04952,E2+BEVF
d7350c01eab55ed0,f9cad65a62e75af0,vehicle,28.16587783909583,0.0,False,in_gt,2,0.8565977406515041,T2,28.16273013578637,0.42107688815688427,False,False,True,True,True,,4.179088,5.9604645e-07,,3.3512948,0.051574286,0.10686227,True,True,False,False,False,True,0.0,0.0,2021.09.09.17.18.51_veh-48_00657_00876,BEVF_only
d74329969d1155bf,a4efa9a4b7ac5c1e,static,23.458895757459555,0.0,False,new,-1,-6.386210104175019,T1,23.313326708380774,-2.609327106296477,,,,,,,,,,,,,True,False,False,False,False,True,0.0,55.254695466943716,2021.09.16.19.27.01_veh-45_00472_00711,not_in_GT(new)
d796c1764d575153,57c7a90f33435064,vehicle,16.402523437088362,2.635996790162805,True,in_gt,0,0.3509930238533292,T1,16.40221566373402,0.10048096631414903,True,True,True,True,True,0.054134116,0.6807845,0.2545509,0.015688349,0.015688349,0.12557611,0.9580526,True,True,False,False,False,True,0.0,0.0,2021.06.28.20.24.43_veh-38_03385_04952,E2+BEVF
d7f6204c325d53fe,179a32fdd629530b,static,23.99941899451185,0.0,False,in_gt,8,-15.270731619713205,T2,23.152049591037557,-6.320973960417328,True,True,True,True,True,0.00743339,0.0011833041,0.0002886305,0.5011503,0.50115037,0.012866849,0.33433807,True,True,False,False,False,True,0.0,0.0,2021.06.28.20.24.43_veh-38_03385_04952,E2+BEVF
d7ff11915cdf538e,e8ccbff0e2dc5c36,static,25.234180907027103,0.0,False,in_gt,42,5.648348511835951,T0,25.111661419579427,2.4836156701424947,True,False,True,True,True,0.002147862,0.009730114,0.00022028996,1.4238575,1.4238575,0.015310358,0.5096828,True,True,True,False,True,,0.017965215736948092,-80.53097734186059,2021.06.03.12.02.06_veh-35_01100_01227,E2+BEVF
d8320bd0be9a50b3,bd20237b782855bf,vehicle,14.31935864617997,0.00019720850094154108,False,in_gt,0,8.109481949182104,T1,14.176169731280563,2.0199613332571,True,True,True,True,True,0.033648994,0.013116993,0.015968736,0.5002102,0.5002102,0.06314801,0.7454473,True,True,False,False,False,True,0.0,0.0,2021.08.30.14.54.34_veh-40_00439_00835,E2+BEVF
d849d3813e3052d0,50e8112438575273,static,30.127151123557304,0.0,False,new,-1,-9.016872893245562,T2,29.754846712203182,-4.721687405467636,,,,,,,,,,,,,True,False,False,False,True,,0.0,0.0,2021.09.16.13.53.10_veh-42_00180_00342,not_in_GT(new)
d925879cb467504c,44c3659c317556b5,vehicle,23.77837789903687,3.833279914512302e-05,False,in_gt,0,-4.476248128607859,T0,23.70584845258875,-1.855802966993151,True,False,True,True,True,1.5074008,2.1015825,3.77494e-05,1.0689335,1.0689335,0.04908147,0.8737036,True,True,False,False,False,True,0.0,-58.333333333333336,2021.09.09.18.04.06_veh-40_00743_01071,E2+BEVF
d94860755c1f5594,f7ab15e4bccc587b,vehicle,11.252958460208102,3.4229616568227548,True,in_gt,0,1.7143134831807028,T0,11.24792183613064,0.3366429495246219,True,True,True,True,True,1.0412211,1.6156867,0.2072382,0.45176658,0.45176655,0.017085675,0.9565438,True,True,True,True,False,True,41.414895973066926,41.666666666666664,2021.09.29.19.02.14_veh-28_00540_00917,E2+BEVF
d94aa4b0e05e5be9,a37233d8187d5f42,vehicle,23.991807052870193,0.0,False,in_gt,6,-41.81280378676857,T1,17.881742348671416,-15.99531482146829,True,False,False,True,True,0.011133311,,5.9604645e-07,1.4939175,1.4939176,0.04812378,0.5818569,True,True,True,True,True,,0.0,0.0,2021.09.16.14.39.34_veh-42_01111_01448,E2+BEVF
d961e40cb8185341,03050c215c3350a0,vehicle,14.018078721258206,7.855503024199918,True,behind,-1,170.49862901314177,T2,-13.825773838466258,2.313981158733598,,,,,,,,,,,,,True,False,False,False,False,True,0.0,0.0,2021.09.09.17.18.51_veh-48_00098_00328,not_in_GT(behind)
d9953ee7b30f5ac3,fa4bcb5242845cff,vehicle,31.822110032755095,3.371169341454688,True,in_gt,0,-0.00233847898769811,T1,31.822110006250533,-0.0012987926208101186,False,False,False,True,True,,,0.22497858,,4.202599,0.16009928,0.29757848,True,True,False,False,False,True,0.00016632394835847109,2.3548860361710666e-05,2021.09.09.18.29.25_veh-39_00427_00556,BEVF_only
da848499bd6759c9,fa7478d478d75976,vehicle,39.56012798763205,0.0,False,far,-1,1.4407042857223529,T2,39.547622252078426,0.9946359156695088,,,,,,,,,,,,,True,False,True,False,True,,-0.00033430498993514135,-41.686963645413066,2021.09.16.15.47.30_veh-45_01199_01391,not_in_GT(far)
dac744da64d35664,fcbd5f8add3f5723,static,18.750065584478946,0.0,False,in_gt,4,-2.642139113271651,T0,18.730133077304785,-0.8643346161730623,False,False,False,True,True,,,0.0003247313,,2.4700365,0.022730527,0.0,True,True,False,True,True,,-41.65771486752771,-2.257402313884993,2021.09.09.14.18.22_veh-48_01298_01492,BEVF_only
daf38cecd5045cf6,05e67f36e57753e2,vehicle,29.929893322752797,7.694351054717398,True,in_gt,5,-6.369771723081756,T2,29.745123818891315,-3.3205606921402673,True,True,True,True,True,5.4323254,6.0978346,3.0467944,0.8574442,0.85744417,0.06502387,0.5499528,True,True,True,False,False,True,41.666666666666664,0.0,2021.09.09.18.04.06_veh-40_00555_00731,E2+BEVF
db29291cd4ee5499,225a5fad148c5db7,VRU,36.70617908817193,0.05825111349736422,True,far,-1,5.960786793013365,T2,36.50771618073819,3.811855521870811,,,,,,,,,,,,,True,False,False,False,False,True,0.0,0.0,2021.09.29.18.19.40_veh-28_01268_01685,not_in_GT(far)
db747c98e01c5b42,fcbd5f8add3f5723,static,24.922136631004697,0.0,False,in_gt,5,-0.5775309101042126,T2,24.920870563677642,-0.2512062954851437,False,False,False,True,True,,,0.0009124352,,6.07589,0.007893463,0.07721228,True,True,True,True,True,,-0.34974424929350434,-11.272669021738269,2021.09.09.14.18.22_veh-48_01298_01492,BEVF_only
dc145331696d5400,729ab0caace75995,vehicle,50.70262132137171,7.040896171968162,True,far,-1,-4.497327875310666,T2,50.54650753330106,-3.975724467861939,,,,,,,,,,,,,False,False,False,False,False,True,0.0,0.0,2021.10.06.08.16.17_veh-52_01590_01725,not_in_GT(far)
dc39ce9c251551bb,cc38062622ff54f5,static,13.211871263489483,0.0,False,in_gt,4,8.488981511287948,T1,13.067125570978131,1.9503260228250605,True,True,False,True,True,0.0060352664,,0.0005581434,0.17163093,0.17163093,0.06103563,0.5783848,True,True,True,True,False,True,41.68983725489534,41.69825261177274,2021.05.25.14.16.10_veh-35_04097_04328,E2+BEVF
dc87013816e059f5,39383616c4e85e3d,vehicle,20.611325782507325,0.0,False,in_gt,7,-8.042553668323038,T1,20.40860167681781,-2.8837004195374565,True,True,True,True,True,0.005810341,0.0055751414,5.9604645e-07,0.20707038,0.20707038,0.029403258,0.897784,True,True,False,False,False,True,0.0,0.0,2021.06.28.20.24.43_veh-38_03385_04952,E2+BEVF
dd162898ecf351d4,dd7d39284a405aca,vehicle,9.695341167837771,0.0,False,in_gt,0,-7.546488153349739,T1,9.611366229042934,-1.2732947702644881,True,True,True,True,True,0.015327239,0.022307009,5.9604645e-07,0.10377291,0.10377291,0.027435113,0.7734013,True,True,True,False,False,True,100.0,0.0,2021.09.16.15.47.30_veh-45_01199_01391,E2+BEVF
dd671af93db454aa,93fcad227e875121,vehicle,39.19936455557938,0.0,False,far,-1,5.280918970863191,T1,39.03297912279651,3.60786950436745,,,,,,,,,,,,,True,False,False,False,False,True,58.333333333333336,0.0,2021.09.09.14.18.22_veh-48_00322_00895,not_in_GT(far)
dd9750d89740502d,4ae00e1d27a65f93,vehicle,23.66483161566857,0.0,False,in_gt,1,1.7769963692383526,T2,23.653450982456345,0.7338337812351119,True,True,True,True,True,0.053482704,0.038283873,5.9604645e-07,0.5935553,0.5935553,0.056058183,0.9467915,True,True,False,False,False,True,0.0,0.0,2021.09.16.14.39.34_veh-42_00297_00935,E2+BEVF
ddfadfe2f0385b3b,0b47af6d58445ab9,vehicle,51.56177765605825,0.0,False,far,-1,1.0345100633951654,T2,51.553373187396176,0.9309285976103547,,,,,,,,,,,,,True,False,False,False,False,True,-0.0005951779457502582,-0.0003866620311043789,2021.09.16.14.39.34_veh-42_01609_01687,not_in_GT(far)
de1662269d685ce0,727de4eb0b0d5d0d,vehicle,37.87816102739414,0.0,False,far,-1,7.282979303580497,T2,37.57256553736647,4.801812340929416,,,,,,,,,,,,,True,False,False,True,False,True,0.0,0.0,2021.09.29.18.19.40_veh-28_01268_01685,not_in_GT(far)
de3ea1d3c1e0588a,d80c25e07e7d5293,VRU,18.31771043622593,0.015521268353318327,False,in_gt,14,-8.20227921121029,T2,18.130330450121832,-2.6133567293435993,True,False,True,True,True,0.0274927,0.1775057,0.0155217955,1.3387394,0.460947,0.016421542,0.6543168,True,True,False,False,False,True,0.0,0.0,2021.06.28.20.24.43_veh-38_03385_04952,E2+BEVF
deb63152bd9453e0,2b69ee1773d456e2,vehicle,27.450823252344986,0.0,False,in_gt,5,19.937835423709917,T0,25.805507416552622,9.36074164827402,False,False,False,True,True,,,5.9604645e-07,,9.9981165,0.09111458,0.20719667,True,True,False,False,False,True,0.0,47.87950916134265,2021.09.29.19.02.14_veh-28_02911_03005,BEVF_only
decd6b1dd7f65e1e,56b7bb1b38875710,vehicle,22.54624182199003,2.7916033552607216,True,in_gt,0,2.6631790240993043,T0,22.52189056238592,1.0476000150650933,True,False,True,True,True,0.23097874,0.27651814,0.7031707,1.7160482,1.7160482,0.4341351,0.55475104,True,True,False,False,False,True,0.0,0.0,2021.09.29.19.02.14_veh-28_00964_01689,E2+BEVF
df240e44ad0d5c3c,ed112648bde85030,vehicle,28.846376876740976,6.687686691749225,True,in_gt,2,1.088659755395638,T2,28.841169880262512,0.5480682921087201,True,False,True,True,False,6.6660542,6.637699,2.9363778,1.0340987,1.0340987,1.4471463,0.40107659,True,True,False,False,False,True,0.0,0.0,2021.09.09.18.29.25_veh-39_01622_01766,E2+BEVF
dfa220d6e64f5d84,1ac678a7c874502b,vehicle,27.152505702360507,0.0,False,in_gt,27,54.25887042444923,T2,15.86043057442441,22.038722919229762,True,True,True,True,True,0.023768855,0.118119396,5.9604645e-07,0.965804,0.965804,0.04441579,0.43305555,True,True,False,False,False,True,0.0,0.0,2021.09.29.14.44.26_veh-28_01202_01296,E2+BEVF
dfe53c7f74e5554c,1a219b86fef35a5d,vehicle,26.50380237976937,0.00025799943147532793,False,new,-1,0.3121172286771232,T2,26.503409131034218,0.1443780415451954,,,,,,,,,,,,,True,False,False,False,False,True,-2.416607070010457e-06,0.0020671279367889817,2021.05.25.14.16.10_veh-35_04097_04328,not_in_GT(new)
e0b92501aa5051b1,ad35e8a82fd05220,vehicle,11.748532521320875,1.6762532943922206,True,in_gt,0,1.0425804880344096,T0,11.746587539416108,0.2137699309268557,True,True,True,True,True,0.78628933,0.08196623,0.0355358,0.053037994,0.053037994,0.036499236,0.9590927,True,True,False,False,False,True,0.0,0.0,2021.06.03.18.47.39_veh-35_00257_00492,E2+BEVF
e13b89a8813159df,4849e234121c5bf3,static,36.55428745048654,0.0,False,far,-1,-0.11285510294213633,T2,36.5542165408394,-0.0720006820878254,,,,,,,,,,,,,False,False,False,False,False,True,-0.001820022979687197,-0.0005120626326293731,2021.10.06.07.26.10_veh-52_00006_00398,not_in_GT(far)
e15cc5e1d2f85a26,426f5a6893f55c1d,vehicle,29.40245601715643,0.0,False,in_gt,1,8.190881299690972,T2,29.102519151120738,4.189009298088166,False,False,True,True,True,,4.197762,5.9604645e-07,,2.8631728,0.09770471,0.12014981,True,True,True,False,False,True,41.666666666666664,0.0,2021.06.28.16.57.59_veh-26_00016_00484,BEVF_only
e1d5cb7ac38f5038,fb7a3fe0db425a3a,vehicle,21.22620034291021,9.009082781950974,True,in_gt,0,-6.8170696319353,T0,21.076135117791406,-2.519545493528819,True,True,True,True,True,1.2260538,2.2369914,0.032037847,0.63835144,0.63835144,0.05200381,0.3780996,True,True,False,False,False,True,0.0,0.0,2021.06.03.17.06.58_veh-35_02571_02742,E2+BEVF
e22c42694be05703,624944fd3aee58f9,VRU,21.283926941532787,0.009972921455310904,False,in_gt,1,-27.813568570168396,T2,18.825005556904323,-9.930997524671252,False,False,False,False,False,,,,,23.97348,23.79775,0.21986279,True,True,False,True,False,True,0.0,87.95583293225292,2021.10.06.08.16.17_veh-52_01949_02501,neither
e22fe7366ecd5c70,6755eb265d0a5698,vehicle,19.54015224832799,0.8990947914309586,True,in_gt,0,-0.2602617518390169,T2,19.53995065663439,-0.08875936080612412,True,True,True,True,True,0.21856758,0.21982203,0.26394868,0.72571594,0.72571594,0.051889796,0.96726614,True,True,False,False,False,True,0.0,0.0,2021.09.09.14.18.22_veh-48_01503_01761,E2+BEVF
e3ce6f2ef9765b9a,165bc563be665916,static,20.38917746406931,0.0,False,in_gt,2,-3.8250438015860233,T0,20.34375863157915,-1.3601626378344225,True,True,True,False,False,0.0018317339,0.0019046991,,0.48992547,0.48992547,2.4012935,0.50387555,True,True,False,False,False,True,0.0,0.0,2021.06.28.15.02.02_veh-38_02398_02848,E2_only
e3ee34ba4c0c59fd,b2c865da7c295414,static,18.02601379979197,0.0,False,in_gt,13,-5.504590282315883,T1,17.9428871334747,-1.729154367220759,True,True,True,True,True,0.006773523,0.0011633172,0.0007500225,0.72147906,0.43124616,0.072877884,0.71635824,True,True,False,False,True,,-70.83333333333333,-41.666666666666664,2021.08.30.16.16.44_veh-40_01099_01351,E2+BEVF
e41740b9529753af,ba1bf00024785184,VRU,23.856709998456633,0.07063332288355469,True,new,-1,4.550349613144279,T1,23.781513686472813,1.8926750197978919,,,,,,,,,,,,,True,False,False,False,False,True,0.0,0.0,2021.09.29.19.02.14_veh-28_00964_01689,not_in_GT(new)
e4c83b8feafe5cb4,f0e6b9547eb059b4,vehicle,23.84479573272347,1.085061168079942,True,in_gt,0,0.6058921101050104,T1,23.843462503289476,0.2521495380444563,True,True,True,True,True,2.5574586,1.5135276,0.2395385,0.8750578,0.8750578,0.3630144,0.8575903,True,True,False,False,False,True,0.0,0.0,2021.09.29.14.44.26_veh-28_00528_00992,E2+BEVF
e4f34d35c8fd5fd2,03050c215c3350a0,vehicle,21.082761277196383,8.347722132134553,True,behind,-1,174.1409642743649,T2,-20.972626104114372,2.1521564460493297,,,,,,,,,,,,,True,False,False,False,False,True,0.0,0.0,2021.09.09.17.18.51_veh-48_00098_00328,not_in_GT(behind)
e55ee684113c5e7d,a0e796ca904051e6,vehicle,12.925417692099897,3.80343819348854,True,in_gt,0,1.4458221112588572,T0,12.921302633683641,0.32612998023672274,True,True,True,True,True,1.0396143,0.8820166,0.17639291,0.41320515,0.41320515,0.10396098,0.9606753,True,True,False,False,False,True,0.0,0.0,2021.06.28.16.29.11_veh-38_00022_00368,E2+BEVF
e5b0b2c83a395163,c77d207ae3c8581d,vehicle,9.834009205678392,0.0,False,in_gt,0,-10.387579236164733,T1,9.672835510559722,-1.773130069403314,False,False,True,True,True,,0.021344231,5.9604645e-07,,9.111475,0.02121399,0.21408843,True,True,True,False,False,True,100.0,0.0,2021.05.25.14.16.10_veh-35_01690_02183,BEVF_only
e5c10d26102f51e3,2892efd6e3cd568f,vehicle,19.475055642439973,0.0,False,in_gt,4,6.402382317144269,T1,19.353595241651263,2.171668367515295,True,True,True,True,True,0.021357318,0.013715126,5.9604645e-07,0.25295326,0.2529533,0.03945355,0.8352023,True,True,True,True,True,,0.0,0.0,2021.08.30.16.16.44_veh-40_00779_01088,E2+BEVF
e5dd6a4462dd5e29,a0e796ca904051e6,vehicle,12.51967851397659,12.417454813793078,True,in_gt,0,12.824564179437848,T1,12.2073661334302,2.77894983360774,True,True,True,True,True,0.57329446,1.0045406,0.2638219,0.09623223,0.09623223,0.051821955,0.8996263,True,True,False,False,False,True,0.0,0.0,2021.06.28.16.29.11_veh-38_00022_00368,E2+BEVF
e5ec53f2b9875433,a37233d8187d5f42,vehicle,25.274682812030306,0.0,False,in_gt,4,-46.960377721170694,T2,17.25007102399547,-18.47280814916487,True,True,False,True,True,0.021132333,,5.9604645e-07,1.7058787,0.34261078,0.13562606,0.6108504,True,True,False,True,False,True,-0.005719199661680108,41.74017278754928,2021.09.16.14.39.34_veh-42_01111_01448,E2+BEVF
e6077696f29b54ca,bb019a036b0c50b9,vehicle,15.211115298274354,0.0,False,in_gt,15,39.089781061969354,T0,11.806242188333005,9.591176883355972,True,True,True,True,True,0.06827214,2.6861706,5.9604645e-07,0.37255684,0.3401343,0.03800572,0.73825043,True,True,False,False,False,True,0.0,0.0,2021.09.16.19.27.01_veh-45_01749_03230,E2+BEVF
e658c60a7b705bea,f7ab15e4bccc587b,vehicle,10.91929312663934,3.233976891484912,True,in_gt,0,1.8755300869717035,T0,10.913443494512556,0.3573702247735433,True,True,True,True,True,0.3525207,0.5679097,0.25574717,0.40826324,0.40826324,0.0048473487,0.96077794,True,True,False,True,False,True,-0.15532780196159113,39.54263988635947,2021.09.29.19.02.14_veh-28_00540_00917,E2+BEVF
e6c36a6be3c75127,1ee494a565f75b92,vehicle,30.908790953885067,8.05857364149523,True,in_gt,9,-60.2201867969184,T2,15.351413375452616,-26.826991363306878,True,False,True,True,True,8.065103,8.273445,4.4363146,1.3498245,1.3498247,0.020687385,0.34085912,True,True,False,False,False,True,0.0,0.0,2021.09.16.17.40.09_veh-45_02539_02745,E2+BEVF
e6fd7389cbfb5943,e6873f8659265a7d,vehicle,8.34489867164214,0.0,False,in_gt,0,1.01565918128348,T1,8.343587587899496,0.14791890691941179,True,True,True,True,True,0.0052699703,0.004450753,5.9604645e-07,0.6292859,0.6292859,0.023890499,0.54094416,True,True,False,False,False,True,0.0,0.0,2021.09.16.15.12.03_veh-42_01037_01434,E2+BEVF
e76485315c2c5028,7c55e6ee58cb5594,static,19.93665654475738,0.0,False,in_gt,9,32.96534328704794,T0,16.72685189754604,10.848165733485898,True,False,False,True,True,1.7604591,,0.0015317788,1.9126399,1.9126399,0.03545432,0.5133366,True,True,False,False,False,True,0.0,0.0,2021.05.25.14.16.10_veh-35_03373_03550,E2+BEVF
e776468d9bf65a8a,e841a4b5d50450bd,vehicle,27.878686584163837,0.0,False,in_gt,7,8.045909014266252,T0,27.604255388028403,3.902082793911692,True,False,True,True,True,2.0014098,1.632969,5.9604645e-07,1.0385945,1.0385945,0.41440812,0.4303021,True,True,True,False,False,True,41.667306157505266,3.567798136927536e-05,2021.06.28.20.24.43_veh-38_03385_04952,E2+BEVF
e7a7c61c543e5b88,724c77e32bd95ab4,vehicle,26.886648498670187,0.0,False,in_gt,4,1.6091457225642745,T2,26.876045624367286,0.7550093297250839,True,False,True,True,True,1.866894,0.02910148,5.9604645e-07,1.0099078,1.0099078,0.045630082,0.8820235,True,True,False,False,False,True,0.00026425330816870485,-8.587631792345007e-05,2021.09.16.15.12.03_veh-42_01037_01434,E2+BEVF
e7cfffa4e8dd53a8,278fe24ea503523e,static,27.283251119883534,0.0,False,in_gt,0,0.012946773191076556,T1,27.283250423346942,0.006165027584234151,True,True,True,True,True,0.000828553,0.0052564666,0.00088341755,1.4260678,0.23461032,0.049658686,0.48081896,True,True,False,False,False,True,0.0,0.0,2021.05.25.14.16.10_veh-35_03373_03550,E2+BEVF
e7da21c4ef4a5e3f,b79467957bc3511e,vehicle,18.558756554691932,4.474996874059947,True,in_gt,0,1.9523152307683505,T0,18.54798368321424,0.6322548090279856,True,True,True,True,True,1.1827722,1.6358817,1.1273944,0.7071344,0.7071344,0.24086665,0.95919114,True,True,False,False,False,True,0.0,0.0,2021.09.29.14.44.26_veh-28_00528_00992,E2+BEVF
e88e44d720f65e0e,b79467957bc3511e,vehicle,11.214106895745049,1.9863326441791849,True,in_gt,0,-1.796072588109139,T0,11.20859752959259,-0.35147530326830534,True,True,True,True,True,0.558112,0.97433037,0.20313,0.0932346,0.0932346,0.038155694,0.94563967,True,True,False,False,False,True,0.0,58.333333333333336,2021.09.29.14.44.26_veh-28_00528_00992,E2+BEVF
e90d6c211deb5f05,94ccb6f15efc5f27,static,20.86829919048659,0.0,False,in_gt,20,-0.5599068581308903,T1,20.86730277627728,-0.20392632697558177,False,False,True,True,True,,0.011947958,0.0012186043,,2.9583461,0.01539264,0.0,True,True,True,False,False,True,78.72234796205746,0.0,2021.09.29.15.23.04_veh-28_00814_01101,BEVF_only
e96c8f66dae15d60,5d2bf65b031451b5,vehicle,44.73552660065236,0.0,False,far,-1,1.177969703390223,T2,44.726072281966694,0.9196730212233604,,,,,,,,,,,,,True,False,False,False,False,True,0.0,0.0,2021.09.29.19.02.14_veh-28_00964_01689,not_in_GT(far)
ea9f070b56115301,a0e796ca904051e6,vehicle,12.078445095925861,13.066928844625249,True,in_gt,0,13.391627039842074,T1,11.7500289665727,2.797437259349704,True,True,True,True,True,1.4148058,1.0658413,0.20838293,0.110691875,0.11069188,0.030216932,0.93597996,True,True,False,False,False,True,0.0004957959690354841,-0.00042931858705852477,2021.06.28.16.29.11_veh-38_00022_00368,E2+BEVF
eabbb4546a145980,e5a911c67b5b5c16,vehicle,14.956578849771047,2.2565147869422506,True,in_gt,2,0.7619474415837236,T1,14.95525633468651,0.19889407542111304,True,True,True,True,True,0.87273836,0.5745125,0.03482731,0.67953986,0.6795398,0.026622351,0.95605236,True,True,False,False,False,True,0.0,0.0,2021.09.29.19.02.14_veh-28_00964_01689,E2+BEVF
ead04653ed0c5545,56b7bb1b38875710,vehicle,19.679676738749595,1.965071283695587,True,in_gt,0,5.371586431922768,T0,19.593253664012035,1.8423049148718125,True,False,True,True,True,1.8175095,1.8177662,0.36247617,1.5302031,1.5302032,0.36217692,0.6120179,True,True,False,False,False,True,-58.333333333333336,-58.333333333333336,2021.09.29.19.02.14_veh-28_00964_01689,E2+BEVF
eae658a09ef152a9,65e6eaf6b8e15306,static,15.055912038023004,0.0,False,in_gt,7,-6.0542274472547275,T0,14.971937978494756,-1.5879422107848882,True,True,True,True,True,0.022202253,0.011065714,0.0047115167,0.3743555,0.3743555,0.065856524,0.6123735,True,True,False,False,True,,-41.64504640761698,-80.55149017440506,2021.10.06.08.16.17_veh-52_00612_00782,E2+BEVF
eb86e67498595966,06d7e26711785a87,static,8.915753989244564,0.0,False,new,-1,6.791117281940409,T1,8.853199745587165,1.054288130192928,,,,,,,,,,,,,True,False,False,False,False,True,0.0,0.0,2021.10.06.07.26.10_veh-52_01245_02064,not_in_GT(new)
ec04801554fb518f,d72648534b7658fe,static,13.8565748552848,0.0,False,in_gt,19,-1.5449816849853755,T2,13.851537518504177,-0.37359750210903275,False,False,False,True,True,,,0.00032532596,,2.6276045,0.023532495,0.0,True,True,True,False,False,True,41.666666666666664,0.0,2021.06.28.20.24.43_veh-38_03385_04952,BEVF_only
ec097e80d5565caa,45910e05652d5fce,vehicle,12.680284724206976,1.0853816686308142,True,in_gt,0,0.24208400860799642,T1,12.680171540137948,0.05357611064998924,True,True,True,True,True,0.22937551,0.44313046,0.042647123,0.6230532,0.6230532,0.070660174,0.9457047,True,True,False,False,False,True,0.0,0.0,2021.09.29.18.19.40_veh-28_00844_01218,E2+BEVF
ec64154dcf525edb,26cd71419c4f568e,vehicle,38.01658092447691,4.745645715969287,True,side,-1,58.716615975273264,T2,19.740919170300167,32.4893295637041,,,,,,,,,,,,,True,False,False,False,False,True,0.0,0.0,2021.09.29.18.19.40_veh-28_01268_01685,not_in_GT(side)
ecb0765ba5c05fa3,89e1e2eb67bd53c2,vehicle,24.729823615296198,5.5407453823900524e-05,False,in_gt,3,1.2452173798777484,T2,24.72398353240489,0.5374144890429413,True,False,True,True,True,0.62135774,0.02968452,5.4839806e-05,1.1108581,1.1108581,0.0895157,0.96664274,True,True,False,False,False,True,-0.0005009150643831006,-1.5388489271739303e-05,2021.09.09.14.18.22_veh-48_00322_00895,E2+BEVF
ece9650c827e569f,2048ca1ece495b56,static,42.653806863128096,0.0,False,far,-1,-4.136786474485402,T2,42.542679738509555,-3.0769531331565236,,,,,,,,,,,,,True,False,False,False,False,True,0.0,0.0,2021.06.28.13.53.26_veh-26_00492_00696,not_in_GT(far)
ed105c47e38b55e4,d5600e8de1f5558c,vehicle,21.174446515442806,0.0,False,in_gt,0,0.07128619610626018,T2,21.174430126624802,0.026344791363987596,True,True,True,True,True,0.00084844296,0.036724318,5.9604645e-07,0.47622055,0.47622055,0.07245467,0.9718409,True,True,False,False,False,True,58.333333333333336,0.0,2021.08.30.13.45.25_veh-40_01116_01336,E2+BEVF
ed534c3b8d86515e,3aa5a42d481d5236,vehicle,47.31634911119242,0.0,False,far,-1,1.5459968482722333,T1,47.29912539639224,1.2765696019419899,,,,,,,,,,,,,True,False,False,False,False,True,0.0,0.0,2021.09.29.19.02.14_veh-28_02451_02708,not_in_GT(far)
ee492610c55b5440,fa424b2b36115f9a,vehicle,9.372745353555324,0.7954489347425115,True,in_gt,3,-0.3974511018207079,T0,9.372519848009706,-0.06501662292853183,True,True,True,True,True,0.80605733,0.5711682,0.1287494,0.8262402,0.8262402,0.20998146,0.53610927,True,True,False,False,False,True,0.0,0.0,2021.09.09.14.18.22_veh-48_00322_00895,E2+BEVF
ee6d63d4e8b35518,2de767edf87e5217,vehicle,18.674130589751286,7.439944949623345e-05,False,in_gt,0,1.8970398663380645,T2,18.663895813054012,0.618179878797152,True,False,True,True,True,0.32079855,0.4869794,7.393735e-05,1.4651848,1.4651848,0.18535249,0.92050713,True,True,False,False,False,True,0.0,0.0,2021.09.09.14.18.22_veh-48_01298_01492,E2+BEVF
eeba0804c2645281,bd1ace3f6b8d5904,vehicle,3.9263382229998562,0.0,True,behind,-1,-124.68094425972906,T1,-2.2341102379371267,-3.2287587841358145,,,,,,,,,,,,,True,False,False,False,False,True,0.0,0.0,2021.10.06.07.26.10_veh-52_00422_00728,not_in_GT(behind)
ef34a4f536c5598c,fcbd5f8add3f5723,static,22.90871948464194,0.0,False,in_gt,5,-1.2519694858997947,T1,22.903250637789252,-0.500538358789175,False,False,False,True,True,,,0.0019547406,,5.821148,0.050435927,0.0,True,True,True,True,True,,0.0,-11.695155326011674,2021.09.09.14.18.22_veh-48_01298_01492,BEVF_only
efb87bb3ff675f08,a973663f61d359b9,vehicle,54.64235325282237,2.1360297388405,True,new,-1,-4.12671356254329,T2,54.50068418624719,-3.9321994147261066,,,,,,,,,,,,,True,False,False,False,False,True,8.008809282422646e-07,-5.854242863811976e-05,2021.08.30.14.54.34_veh-40_00439_00835,not_in_GT(new)
efc8eef1e7b551d9,a70cf9c1d1fa59aa,vehicle,15.656957689991046,0.0,False,in_gt,1,1.2274067543992897,T0,15.653365225149546,0.3353822211278814,True,True,True,True,True,0.0042068553,0.004882984,5.9604645e-07,0.8481452,0.8481452,0.04527705,0.96268845,True,True,False,False,True,,-41.43906211446221,-95.91676286208872,2021.09.16.13.53.10_veh-42_00860_01069,E2+BEVF
f001f00535065622,4be9fae091e35b13,vehicle,13.564755049522194,6.463585499729314,True,in_gt,1,18.892490524716436,T0,12.833991919826843,4.392178383826999,True,True,True,True,True,1.6199125,2.2924886,0.34663716,0.5558685,0.5558685,0.017491842,0.9559521,True,True,False,False,False,True,-0.004513634810043854,-0.001145893689447064,2021.09.29.18.19.40_veh-28_01268_01685,E2+BEVF
f1106b0f8f745eae,f960c97c26d05f58,vehicle,14.349522833020549,0.8035588387201208,True,in_gt,0,1.970816933822105,T1,14.341034704459137,0.49348671803474975,True,True,True,True,True,0.33279678,0.5134187,0.38127872,0.40966436,0.40966436,0.028167421,0.94956917,True,True,False,False,False,True,0.0,0.0,2021.08.30.14.54.34_veh-40_00439_00835,E2+BEVF
f1494fd9840c5014,f6306bc3616958f7,vehicle,84.24527925801387,12.598318428013593,True,new,-1,3.437784478366539,T2,84.09367991770137,5.051739815145979,,,,,,,,,,,,,True,False,False,True,False,True,-0.00022444595370041398,41.6785382827149,2021.09.16.19.12.04_veh-42_01438_01677,not_in_GT(new)
f1bd1724d07957cc,ffabf9a418ba5d07,vehicle,72.91611109257629,8.17287019414036,True,far,-1,6.03908764967921,T2,72.51145247165519,7.671278727553663,,,,,,,,,,,,,True,False,False,False,False,True,0.0,0.0,2021.09.16.19.27.01_veh-45_01749_03230,not_in_GT(far)
f1dabe118a6955d6,66ff547cb4ae5b1c,vehicle,23.313548514012403,1.968069263681955,True,in_gt,2,0.7827274452589962,T2,23.311373072102192,0.3184804679706108,True,True,True,True,True,0.94503313,1.7619653,0.07478894,0.9097865,0.9097865,0.019541934,0.9691348,True,True,False,False,False,True,0.0,0.0,2021.05.25.14.16.10_veh-35_01690_02183,E2+BEVF
f1f69cb418a05b54,5ba6bb77857f5a01,vehicle,25.770882727619266,5.47367258330351,True,in_gt,1,-4.95349026593518,T0,25.674631531121342,-2.225239830187947,True,True,True,True,True,0.4519486,0.22356842,0.052499525,0.17011254,0.17011254,0.09976866,0.84010375,True,True,True,True,True,,0.002524624958133437,-0.0004940585570878397,2021.06.28.16.57.59_veh-26_00016_00484,E2+BEVF
f2033bf66332541b,44c3659c317556b5,vehicle,27.638637781312152,0.33943419619334825,False,in_gt,0,-2.013723818848378,T0,27.621569237067163,-0.971190655062335,True,True,True,True,True,2.758119,4.4821124,0.036400672,0.38592795,0.38592795,0.05905818,0.7531352,True,True,False,False,False,True,0.0,0.0,2021.09.09.18.04.06_veh-40_00743_01071,E2+BEVF
f23073987e7956e3,42dc37bbfa085a84,vehicle,3.893597704759659,3.5015095366074203,True,in_gt,1,-64.8337631026001,T1,1.6557369415349577,-3.5240088346861658,True,True,True,True,True,0.2707897,0.73334754,0.11981206,0.5539285,0.5539285,0.04706932,0.7534629,True,True,False,False,False,True,0.0,0.0,2021.09.29.19.02.14_veh-28_00964_01689,E2+BEVF
f233f263a7e75621,f5cb0052e75f5207,vehicle,29.359206412982093,0.0,False,in_gt,6,2.823986199678958,T2,29.323552576272398,1.4464665591285737,True,False,True,True,True,0.00289437,0.007128189,5.9604645e-07,1.4316043,1.4316043,0.074928954,0.41596398,True,True,False,False,False,True,0.0,0.0,2021.08.30.16.16.44_veh-40_00779_01088,E2+BEVF
f28c522b8a0155cc,091c0ee77bc55cd6,vehicle,18.881999708288102,6.28493359657503,True,in_gt,3,-1.0465028884607477,T0,18.878850208995278,-0.34485905832803,True,True,True,True,True,0.51676387,0.19474053,0.19128104,0.41108865,0.41108865,0.041733626,0.9490518,True,True,False,False,False,True,0.0,0.0,2021.09.29.18.19.40_veh-28_00438_00833,E2+BEVF
f2acd82c43fd5490,bcb628ced1725f06,vehicle,18.404240779428143,4.086164933440028,True,in_gt,0,0.03513105659472176,T0,18.404237319834774,0.011284607511872491,True,True,True,True,True,1.0514636,0.5881362,0.28062603,0.44014746,0.44014746,0.042134687,0.95855993,True,True,False,False,False,True,0.0,0.0,2021.06.28.20.24.43_veh-38_03385_04952,E2+BEVF
f2e1685f07675799,91f5e61ef76450eb,vehicle,14.50484499754871,5.439035893155846,True,in_gt,1,-0.24628035741277654,T0,14.504711000043276,-0.062347478998395545,True,True,True,True,True,0.049856957,0.1287581,0.095218755,0.12595297,0.12595297,0.14559975,0.8401318,True,True,False,False,False,True,-0.00011799485122310216,-9.933013073171182e-05,2021.06.03.13.55.17_veh-35_02866_03582,E2+BEVF
f3c165d6e31f524d,9836e98c2e3f5322,vehicle,16.267401937782747,1.075419974313132,True,in_gt,0,-2.994249374517537,T2,16.245193396723387,-0.8497395532942438,True,True,True,True,True,0.0752888,0.26625136,0.14714344,0.16976973,0.16976973,0.072659716,0.973139,True,True,False,False,False,True,0.0,0.0,2021.05.25.17.54.41_veh-35_04111_04288,E2+BEVF
f470121c6add5665,f68cb8b591915508,static,17.20097282911168,0.0,False,roi_no_ann,-1,3.0996358077726307,T1,17.17580804753792,0.9300990172933057,,,,,,,,,,,,,True,False,False,False,False,True,0.0,0.0,2021.09.16.19.27.01_veh-45_01749_03230,not_in_GT(roi_no_ann)
f4f1692fee475afa,4d9af2c0c50e550b,vehicle,51.891010150867956,0.0,False,far,-1,-1.4926794918294857,T2,51.87340152634198,-1.3517205940513648,,,,,,,,,,,,,False,False,False,False,False,True,-0.00014862610016042055,-8.626064760264285e-05,2021.09.16.19.12.04_veh-42_00289_00398,not_in_GT(far)
f512480c969a5eab,fb7a3fe0db425a3a,vehicle,16.96366619602407,4.117393108764116,True,in_gt,0,-2.7134071263859108,T0,16.94464695377809,-0.8030631494152308,True,True,True,True,True,0.56838584,1.2858886,0.5856312,0.37426308,0.3742631,0.04119145,0.9366325,True,True,False,False,False,True,0.0,0.0,2021.06.03.17.06.58_veh-35_02571_02742,E2+BEVF
f53ece8c1cb9562c,e0f8db01b7645d7b,vehicle,46.663874253130665,10.289363802823255,True,far,-1,0.8661448530967387,T2,46.65854239825634,0.7053946286345396,,,,,,,,,,,,,True,False,False,False,False,True,0.0,0.0,2021.06.28.16.29.11_veh-38_03263_03766,not_in_GT(far)
f561d19a11375418,b3624ffd3be65170,vehicle,25.127116332328317,0.0,False,in_gt,3,1.061594332178229,T2,25.122803404926252,0.46553652465331297,True,False,True,True,True,4.957369,3.0875742,5.9604645e-07,1.4341824,1.4341824,0.099417634,0.9538301,True,True,False,False,False,True,0.0,0.0,2021.08.30.16.16.44_veh-40_01099_01351,E2+BEVF
f5e6e24328fd5e7c,140457f3dc9e55e8,vehicle,30.75468380544699,0.0,False,in_gt,3,-11.419983011638495,T2,30.14580805537799,-6.0894033091371895,True,False,True,True,True,0.0021809852,0.039807133,5.9604645e-07,1.984266,1.501077,0.054720733,0.5042202,True,True,False,False,False,True,-0.0005048716499977957,0.001371102942704372,2021.09.09.17.18.51_veh-48_01248_01450,E2+BEVF
f5ebfa68c2315d0c,dd7d39284a405aca,vehicle,9.287288439753135,0.0,False,in_gt,0,-6.367083216053628,T1,9.230002538497157,-1.0299416015038259,True,True,True,True,True,0.023430603,0.013409337,5.9604645e-07,0.084759146,0.084759146,0.023550674,0.65494204,True,True,True,False,False,True,100.0,0.0,2021.09.16.15.47.30_veh-45_01199_01391,E2+BEVF
f5f55c1132d75fa7,9836e98c2e3f5322,vehicle,22.32181246534006,2.8806106502848476,True,in_gt,0,-6.280525847357569,T1,22.187841309184094,-2.4419274715426607,True,False,True,True,True,1.5264512,1.4082614,0.1545851,1.0939068,1.0939068,0.08868779,0.7779101,True,True,False,False,False,True,0.0,0.0,2021.05.25.17.54.41_veh-35_04111_04288,E2+BEVF
f6195258cc20552f,9c67db51639155b7,vehicle,21.802622931661293,2.2122348038325956,True,in_gt,0,1.0457804680621998,T0,21.798991294269708,0.39792618983465644,True,True,True,True,True,2.2791374,3.3416107,0.19182602,0.8082118,0.8082118,0.023461442,0.9673708,True,True,False,False,False,True,0.0,0.0,2021.05.25.14.16.10_veh-35_00083_00485,E2+BEVF
f63a2f8e05115d52,93fcad227e875121,vehicle,43.173907124236045,0.0,False,far,-1,4.037612248419076,T2,43.066751349888825,3.0399316668321603,,,,,,,,,,,,,True,False,True,False,False,True,41.666666666666664,0.0,2021.09.09.14.18.22_veh-48_00322_00895,not_in_GT(far)
f6b2a416f38d5609,e860d8fe02c7540e,vehicle,27.481597208200224,0.0,False,in_gt,12,5.272906654357004,T1,27.365302397870114,2.5255513827444815,True,True,True,True,False,0.25945443,0.8018512,5.9604645e-07,0.092225105,0.092225105,1.8382201,0.6243923,True,True,True,False,False,True,41.666666666666664,0.0,2021.09.29.15.23.04_veh-28_00814_01101,E2+BEVF
f70c1fa8bbfc5d77,7c893820782b5fa2,vehicle,18.438162842733608,5.110075206560102,True,in_gt,0,1.074215654103953,T0,18.434922338315232,0.3456694887437539,True,True,True,True,True,2.8328276,0.95939684,0.06891811,0.75990474,0.7599048,0.06566921,0.924015,True,True,False,False,False,True,58.333333333333336,0.0,2021.09.09.18.29.25_veh-39_00569_00903,E2+BEVF
f713c584fcfe5824,091c0ee77bc55cd6,vehicle,12.806500774443744,1.9704521980188678,True,in_gt,3,-1.809710254312253,T0,12.800113181858816,-0.40443122707380486,True,True,True,True,True,0.48039678,0.20906414,0.29967344,0.33847585,0.33847585,0.13133565,0.9552575,True,True,False,False,False,True,0.0,0.0,2021.09.29.18.19.40_veh-28_00438_00833,E2+BEVF
f727c5fa1e735d2d,d9290f26a08e58af,static,38.786489825443944,0.0,False,far,-1,-4.522673993975518,T2,38.665716709222245,-3.058454567496213,,,,,,,,,,,,,True,False,False,False,False,True,0.0,0.0,2021.09.29.14.44.26_veh-28_01059_01191,not_in_GT(far)
f769ef75631451c8,b5e64c584d785cfb,vehicle,3.029960209398375,9.211273305006785,True,behind,-1,102.0549437924818,T1,-0.6328059468431926,2.9631428423512314,,,,,,,,,,,,,True,False,False,False,False,True,0.0,0.0,2021.09.09.17.18.51_veh-48_00098_00328,not_in_GT(behind)
f77c053616475084,4849e234121c5bf3,static,32.918691138851855,0.0,False,far,-1,0.04590313617161406,T2,32.9186805742778,0.026373164186447084,,,,,,,,,,,,,False,False,False,False,False,True,0.0,0.0,2021.10.06.07.26.10_veh-52_00006_00398,not_in_GT(far)
f7a5f237abcd5b04,22408c1c3bb45e86,vehicle,22.996251657020625,0.6138588453992024,True,in_gt,1,4.0892590883169895,T2,22.937707077949792,1.6398732509544534,False,False,False,True,True,,,0.027314218,,2.206408,0.10048023,0.0,True,True,False,False,False,True,0.0001167392159939773,0.05150503733916123,2021.10.06.07.26.10_veh-52_00422_00728,BEVF_only
f7c57baf089e561b,3ff3cc8f10195010,vehicle,15.039410654808647,5.9779769350683605,True,in_gt,3,0.7533290391875583,T0,15.038110728543531,0.19773355819337812,True,True,True,True,True,0.11588354,1.3877552,0.10562933,0.15180556,0.15180558,0.13875522,0.86159813,True,True,False,False,False,True,58.333333333333336,0.0,2021.06.28.16.29.11_veh-38_03263_03766,E2+BEVF
f7d40806c7045d54,c170999c38ee5895,vehicle,14.907651232613192,0.0,False,in_gt,0,0.701476153571947,T1,14.906533972325361,0.18251083568792748,True,True,True,True,True,0.0126941465,0.002456212,5.9604645e-07,0.1440589,0.1440589,0.018203722,0.9600385,True,True,False,False,False,True,-55.014242917954846,-55.014242917954846,2021.09.16.17.40.09_veh-45_02539_02745,E2+BEVF
f8191af1aab95906,bf2be96a10ab544d,vehicle,16.220241489418978,0.9184607857017191,True,in_gt,0,-6.499410292299776,T1,16.115994333937135,-1.8360175934818854,True,True,True,True,True,0.31049028,0.4525359,0.06495548,0.17222342,0.17222342,0.035768162,0.86773384,True,True,False,False,False,True,0.0,0.0,2021.06.28.20.24.43_veh-38_03385_04952,E2+BEVF
f874757c4b46591b,df749ab056bd5d4e,VRU,31.84252683991949,1.299178980705637,True,in_gt,6,8.097142220326909,T2,31.525078637467857,4.48507886803128,False,False,False,True,True,,,0.211554,,3.5702538,0.08145119,0.2669674,True,True,False,False,False,True,0.0,0.0,2021.08.30.13.45.25_veh-40_01116_01336,BEVF_only
f8d3738f77c05163,fa7478d478d75976,vehicle,29.633461722453784,0.0,False,in_gt,2,3.332290469349258,T0,29.583357952067008,1.7224941033301953,True,True,True,True,True,0.009728189,0.022563083,5.9604645e-07,0.2043148,0.2043148,0.02358408,0.44909602,True,True,True,False,True,,0.009006045572890198,-95.2927427719791,2021.09.16.15.47.30_veh-45_01199_01391,E2+BEVF
f93bfd9479fd52ee,f3980005bb9b5c35,vehicle,33.50846200675483,0.0,False,far,-1,3.3418246609865454,T2,33.451481877387934,1.9533013758554176,,,,,,,,,,,,,True,False,True,False,True,,-0.7240899786777888,-41.67670967508261,2021.09.29.15.23.04_veh-28_00814_01101,not_in_GT(far)
f94d84bd174d59ce,adbd6812798350a2,vehicle,4.442710740035611,6.542021798878867,True,behind,-1,-130.96483460502208,T1,-2.9126220619357106,-3.354744616800679,,,,,,,,,,,,,True,False,False,False,False,True,0.0,0.0,2021.10.06.07.26.10_veh-52_00422_00728,not_in_GT(behind)
f962927ff5dc518c,382492be1d1c5d9b,vehicle,14.545080138601968,7.395898120825206,True,in_gt,1,-14.872899889685453,T1,14.057784921704233,-3.7333683629476715,True,True,True,True,True,1.3458631,0.903777,0.24683549,0.41682765,0.41682762,0.10630136,0.9487272,True,True,False,False,False,True,0.0,0.0,2021.05.25.14.16.10_veh-35_01100_01664,E2+BEVF
f976da772a435bd5,fa38b5d8901f50be,static,22.13462081335577,0.0,False,in_gt,1,-42.75757387056016,T2,16.251964020048007,-15.02714557200094,True,False,True,True,True,0.007523244,0.037886977,0.0020519579,1.2208623,1.2208623,0.031706702,0.4922675,True,True,True,True,True,,0.0,0.0,2021.06.03.13.55.17_veh-35_02419_02561,E2+BEVF
f9c0cc538bb457c8,25d2a3e908035434,vehicle,34.548692347749814,0.0,False,far,-1,1.7000807244795921,T2,34.53348464635822,1.0249785945120227,,,,,,,,,,,,,True,False,False,False,False,True,0.004283787629921765,4.8584820966368625e-05,2021.08.30.13.45.25_veh-40_00878_01104,not_in_GT(far)
fa6480e0a896514c,a6431418d1e65858,vehicle,31.78840554720546,0.0,False,in_gt,3,4.866278689848687,T0,31.673820919956395,2.696626700923849,True,False,True,False,False,0.0059103523,0.0010957281,,1.8393492,1.8393492,9.674786,0.3782531,True,True,False,False,False,True,0.0,0.0,2021.09.29.15.23.04_veh-28_00601_00802,E2_only
faa12c2adc7c521f,226eda03513055e0,vehicle,27.56306730268932,1.6824771295321919,True,in_gt,0,-5.164210557708637,T2,27.45118377913481,-2.480965186524605,True,False,True,True,True,1.0127028,1.2597537,0.90683264,1.2679687,1.2679687,0.06515809,0.58087337,True,True,False,False,False,True,0.03484757453302567,-0.007695922100153796,2021.09.16.19.49.00_veh-42_00990_01609,E2+BEVF
fab7537b12d254bd,df951133359c5374,vehicle,11.628928927984175,0.7835538129489087,True,in_gt,0,-8.094594295259808,T0,11.51306929236379,-1.6374441918236844,True,True,True,True,True,1.7764568,1.5218105,0.35418096,0.29858258,0.29858258,0.03835077,0.6543762,True,True,False,False,False,True,0.0,0.0,2021.09.09.17.18.51_veh-48_00098_00328,E2+BEVF
fae990c38c515aa9,0aa6ebe3d5695057,static,23.935292806776758,0.0,False,in_gt,10,-0.3362325123741677,T2,23.934880669735175,-0.1404602138566305,True,True,True,True,True,0.0055836434,0.0033271366,0.0003338852,0.9795243,0.9795243,0.016179923,0.44552517,True,True,False,False,False,True,0.0339295168298448,-0.003130215554081328,2021.05.25.14.16.10_veh-35_01100_01664,E2+BEVF
fb2a6578f15d5ff5,e860d8fe02c7540e,vehicle,29.784805762542508,0.0,False,in_gt,13,4.420113079804052,T2,29.696218583626056,2.295486036962055,True,True,True,True,True,1.5365527,2.8568928,0.3713539,0.6478086,0.6478086,0.39983317,0.37150696,True,True,True,False,False,True,100.0,0.0,2021.09.29.15.23.04_veh-28_00814_01101,E2+BEVF
fb2ff1ed5e1b529f,05e67f36e57753e2,vehicle,33.842524481763895,8.449265539982191,True,far,-1,-5.014477851462021,T2,33.71299706680848,-2.958089260342179,,,,,,,,,,,,,True,False,True,False,False,True,41.666666666666664,0.0,2021.09.09.18.04.06_veh-40_00555_00731,not_in_GT(far)
fb54b190735e579f,609a5bc319015d3b,vehicle,23.566940136858545,0.0,False,in_gt,5,-31.91916863593845,T0,20.00349737142019,-12.460367583898154,True,True,True,True,True,0.16991487,0.07679247,5.9604645e-07,0.5597132,0.5597132,0.09534703,0.8121717,True,True,False,False,False,True,58.333333333333336,0.0,2021.09.29.15.23.04_veh-28_00814_01101,E2+BEVF
fb643a2514195bfa,98c22fc407ee5ad3,VRU,17.850245846795254,0.5991873338090211,True,in_gt,9,-7.62670885330888,T2,17.692338649584094,-2.369056753111682,True,True,True,True,True,0.65529495,0.6203523,0.35187218,0.29741114,0.2627673,0.1104469,0.45386112,True,True,False,False,False,True,0.0,0.0,2021.05.25.14.16.10_veh-35_01690_02183,E2+BEVF
fb6e02b5752e5754,57c7a90f33435064,vehicle,15.137554187481156,1.6441557617209113,True,in_gt,0,0.3229634482566137,T2,15.137313703558608,0.08532654326213113,True,True,True,True,True,0.6042418,0.58962005,0.2689622,0.11321595,0.11321596,0.05849151,0.9505205,True,True,False,False,False,True,0.0,0.0,2021.06.28.20.24.43_veh-38_03385_04952,E2+BEVF
fbc9981c30745684,8e1181ff23855985,static,22.702684516944732,0.0,False,in_gt,5,13.089837150613686,T2,22.11278146489993,5.141670950333192,True,True,True,True,True,0.0024780375,0.006143929,0.0016931456,0.5864201,0.5864201,0.018599195,0.36850965,True,True,False,False,False,True,0.0,0.0,2021.05.25.14.16.10_veh-35_01690_02183,E2+BEVF
fc1b6762387f5209,9a9bdd1529225786,static,13.943182231310141,0.0,False,in_gt,4,-6.453874030208085,T0,13.854819655665594,-1.5672597246484496,True,True,True,True,True,0.014002482,0.013352504,0.012203601,1.8300147,0.49147484,0.21105295,0.6662237,True,True,False,False,True,,-95.07456698475009,-77.55964084620162,2021.10.06.08.16.17_veh-52_00612_00782,E2+BEVF
fda0145d54065b7c,60e80f59649e5292,vehicle,28.20274470384482,2.8345347357763546,True,in_gt,0,-1.2212956424930161,T1,28.19633790207311,-0.6011137515999234,True,True,True,True,True,2.2578642,2.2552454,0.0777829,0.5080702,0.5080702,0.028605869,0.90569866,True,True,False,False,False,True,0.0,0.0,2021.09.16.19.49.00_veh-42_00990_01609,E2+BEVF
fe37acae391d507c,fa424b2b36115f9a,vehicle,15.778985888565266,0.7238414102170667,True,in_gt,8,7.47768235271569,T1,15.644795526824863,2.0534771962168312,False,False,True,True,True,,0.7188877,0.68464136,,4.7741284,0.11248293,0.26660538,True,True,False,False,True,,-39.58757301513754,-39.58757301513754,2021.09.09.14.18.22_veh-48_00322_00895,BEVF_only
fe9e76e6cac35fba,275b0df243be5f44,vehicle,22.032236820527373,0.7266841497679255,True,in_gt,2,26.726292997648297,T2,19.6784250483861,9.908534045501014,True,False,False,True,True,0.7443135,,0.7266846,1.5390434,1.5390434,0.04684024,0.86317575,True,True,False,False,False,True,0.0,0.0,2021.09.16.19.27.01_veh-45_01749_03230,E2+BEVF
fee60d4bd08f550a,37d48cadfd9b5434,vehicle,17.945431187724896,0.0,False,in_gt,9,-48.422389027450734,T0,11.909197396297648,-13.424213864855801,True,True,True,True,True,0.033015225,0.0043570176,5.9604645e-07,0.77803946,0.77803946,0.06803173,0.63358533,True,True,True,False,True,,0.0,-41.666666666666664,2021.09.16.16.20.27_veh-08_02435_02525,E2+BEVF
fefc295622155532,007f7549dd315b3f,vehicle,11.601238593952164,0.9290764636903766,True,in_gt,0,-0.34476550063004874,T1,11.601028566825912,-0.06980763206350549,True,True,True,True,True,0.40382254,0.3566419,0.050572056,0.5408517,0.5408517,0.15776388,0.9514624,True,True,False,False,False,True,0.0,0.0,2021.09.16.19.12.04_veh-42_01088_01192,E2+BEVF
ff5e13b14d735e52,9c67db51639155b7,vehicle,25.050663313608897,3.4748931691993237,True,in_gt,0,1.0296039023640675,T1,25.0466187409428,0.450135643604769,True,True,True,True,True,1.9137467,0.96200114,0.66586536,0.084972575,0.084972575,0.04742717,0.95737904,True,True,False,False,False,True,0.0,0.0,2021.05.25.14.16.10_veh-35_00083_00485,E2+BEVF
ff66468144595101,d047d545241f5f15,static,56.76569712007539,0.0,False,far,-1,1.3109334995201383,T2,56.750839368516665,1.2986918406433858,,,,,,,,,,,,,True,False,False,False,True,,-100.0,-41.666666666666664,2021.09.16.15.47.30_veh-45_01199_01391,not_in_GT(far)
