token,dac_bnd_xr,dac_bnd_yf,dac_depth_max,dac_stage,dac_side_expert,dac_first_time_s,dac_bnd_in_roi,dac_bnd_to_gt_road_m,d_e2,d_e0,T_fix,M_fix,S_fix,dM_S,dT_S,log
00016f8b45c25a1d,-6.445440866686272,18.47958676950892,0.44101404590101306,pred_stage,left,2.6,True,0.5596890523478533,2.261692307021662,7.529780478180415,False,False,False,0.0,0.0,2021.09.29.14.44.26_veh-28_00337_00504
003a1fdca9505c09,8.949596974469017,46.3597001533402,0.051030694720697094,lqr_only,right,4.0,False,14.787757730585787,14.677769578894065,14.710219800870544,False,False,False,0.0,0.0,2021.09.16.19.12.04_veh-42_00289_00398
003ead1914c051d7,-3.420062090004155,45.060520096366304,0.19149840195446768,pred_stage,right,3.7,False,13.870628254464012,13.64071533663754,13.635325551414331,False,False,False,0.0,0.0,2021.09.29.18.19.40_veh-28_00844_01218
0146e76ccdba5d9d,0.6016795671947879,30.182253194028895,0.07078159015996371,lqr_only,right,2.9000000000000004,True,0.005853218066163693,0.7878630531592352,0.7173182090985332,False,False,False,0.0,0.0,2021.09.16.13.53.10_veh-42_00180_00342
015593741e7050f7,-1.1826996735660331,10.968670751904554,0.21819344088778633,pred_stage,left,0.9,True,6.945608075522662e-07,0.2372336968332341,0.02067156298813447,True,True,False,87.75610863767653,87.75795004222667,2021.10.06.07.26.10_veh-52_00953_01126
017e89f6f6a85d79,3.0864842108384245,39.396891222830604,0.28579537196870664,lqr_only,right,3.1,False,7.397426303771464,7.634309526543577,7.494503680404987,False,False,False,0.0,0.0,2021.09.16.15.47.30_veh-45_01199_01391
01fea9c4f9f45634,-2.1770304039824016,34.685563495114145,0.8239412775929585,pred_stage,right,2.9000000000000004,False,2.7956836961639646,2.694287945502127,2.957115895292379,False,False,False,0.0,0.0,2021.09.16.13.53.10_veh-42_00180_00342
024d89a3e1e752dc,1.04692191821208,31.216027011979158,0.32207170249096345,pred_stage,right,3.2,True,0.20594740600818337,0.45911497849937616,1.3936803229302994,False,False,False,0.0,0.0,2021.09.29.18.19.40_veh-28_01268_01685
024fd1e792395805,1.2131426350527663,16.498753861473745,0.19562001782562946,pred_stage,right,1.4000000000000001,True,1.0949799179921288e-06,2.557055780424305,2.3400976662159283,False,False,False,0.0,0.0,2021.09.29.18.19.40_veh-28_01268_01685
026e84581e0f5044,10.983782063683734,16.49933039132251,0.7195052789405569,pred_stage,right,2.9000000000000004,True,4.301076229034149e-07,4.134710721971491,3.1334935170126847,False,False,False,0.0,0.0,2021.09.16.14.39.34_veh-42_00032_00186
0278f1a2ae3b5ae5,1.017036501179751,14.695031644539544,0.14669100522898518,pred_stage,right,1.1,True,2.0125186157356186e-08,0.6118421740109659,1.3006291136842383,False,False,False,0.0,0.0,2021.09.29.14.44.26_veh-28_00238_00320
02b68b9cc51f506a,3.317783545538669,19.751411066295947,2.406211432882483,pred_stage,right,3.4000000000000004,True,0.017326067596940883,0.48477152865378537,8.268703745141114,False,False,False,0.0,0.0,2021.10.06.08.16.17_veh-52_01949_02501
02d9591fc6de53c8,15.634039586705809,17.720721362276187,0.21477309895189464,pred_stage,right,3.8000000000000003,True,5.972782140001404e-07,2.9050982492969193,2.660514549976823,False,False,False,0.0,0.0,2021.09.16.13.53.10_veh-42_00077_00153
02f1ad081f41550e,-7.595639075039079,13.202136565548244,0.34768062659607185,pred_stage,right,4.0,True,0.2731121375552433,1.837239858512491,1.9332528764572485,False,False,False,0.0,0.0,2021.09.16.14.39.34_veh-42_01111_01448
030706565b1f552d,0.8260554737049048,27.417673267132102,0.008508287364962418,pred_stage,left,3.7,True,7.919642503335651e-07,0.13781975507435723,0.3772407851834109,True,True,True,0.0010929666091841206,8.668378767007212e-05,2021.10.06.08.16.17_veh-52_00922_01296
03986e48fa5e5f90,-1.1741642576899447,7.170754885208026,0.027562802814647867,pred_stage,left,1.8,True,2.0560783523740497e-07,0.06821484355104705,0.039201577923652094,False,False,False,0.0,0.0,2021.09.09.14.18.22_veh-48_01298_01492
03aa8a0576a25b63,13.676737550768632,12.105831882332442,0.6133884874846985,lqr_only,right,3.6,True,1.5499765490188398e-07,1.6977620406814733,1.864367324559718,False,False,False,0.0,0.0,2021.09.09.18.04.06_veh-40_00743_01071
03ad57c205da56f2,3.8053166358570847,25.838051205133677,0.5717219836085939,pred_stage,left,3.5,True,2.7994145878434007e-07,0.6221546766444167,0.7840640723095446,False,True,False,88.68729335213281,0.0,2021.10.06.07.26.10_veh-52_01245_02064
043524c9126f5893,-6.567515526293563,20.494713075031655,0.30068413472553507,lqr_only,left,3.3000000000000003,True,3.145330645647744e-05,0.34980288665441756,0.35725436442543784,False,False,True,-87.26899827530362,-87.26899827530362,2021.10.06.08.16.17_veh-52_00612_00782
0451b850addd591c,-5.063024742452967,22.57617929929695,0.1448073232775555,pred_stage,left,3.9000000000000004,True,0.0016382475175809234,0.22413891930076899,0.6208735092381021,False,False,False,0.0,0.0,2021.10.06.07.26.10_veh-52_02208_02394
045a93a43af35fd1,1.2132942869739685,11.314858508519588,0.2222480991743278,pred_stage,right,1.8,True,5.208409004910049e-07,0.01250887967462356,1.004056526219928,False,True,True,0.0,-100.0,2021.09.16.15.47.30_veh-45_01199_01391
0558c7a64ef157b1,-5.147492383950744,38.07362082347283,0.9419376784725659,pred_stage,right,3.2,False,6.400180679903653,6.20259253824575,6.6443741998971015,False,False,False,0.0,0.0,2021.09.16.13.53.10_veh-42_00180_00342
059912706b0758dc,-1.8450544708661774,37.898949162645934,0.3818592923912478,pred_stage,right,3.0,False,6.97244277091104,6.093173733427075,6.0596684404230965,False,False,False,0.0,0.0,2021.09.09.18.04.06_veh-40_00743_01071
05afd4630a525f78,1.1121274611093543,19.194933817192137,0.14667850503463994,pred_stage,right,2.4000000000000004,True,1.8606419247414648e-06,7.342871454100414,0.29199640950528755,True,True,False,87.68699208169693,87.68433558284066,2021.09.16.15.47.30_veh-45_01199_01391
0614c017a1f65b80,-5.31531571077612,19.73492430626233,0.7839976352409731,pred_stage,right,3.2,True,0.13706733023281378,3.319521872249748,1.543603592068234,False,False,False,0.0,0.0,2021.10.06.08.16.17_veh-52_00612_00782
063f7dfe767d55aa,-0.019843998115057104,31.137760989688672,1.126673050135664,pred_stage,right,3.0,True,5.638264741820113e-07,0.3212035622266338,0.3404701720441491,False,True,False,94.60851301436483,0.0,2021.08.16.14.23.37_veh-45_00015_00132
076f6be5815b547f,-5.981061882949948,20.44205530408023,0.28677705051555996,lqr_only,left,3.4000000000000004,True,5.365020141962436e-07,0.6287282167986804,0.6347646197819667,False,False,False,0.0,0.0,2021.10.06.07.26.10_veh-52_01245_02064
082ea12d7b2355cb,0.0710345012917113,11.438681264669498,0.10817385200378438,lqr_only,right,1.7000000000000002,True,0.0017847486603265604,0.06523662943368477,0.14103130565804187,False,False,False,0.0,0.0,2021.06.03.12.02.06_veh-35_00233_00609
086e4501de295946,-7.7617377500203055,49.764569650732604,0.13608031356302985,lqr_only,left,3.9000000000000004,False,17.830628528554037,17.79073684329576,17.79950016395382,False,False,False,0.0,0.0,2021.09.16.13.53.10_veh-42_01510_01591
087e15b24dd55c90,-1.1172214773434348,11.452008745714565,0.03912470738897255,lqr_only,left,1.0,True,4.4658953076672096e-07,0.027238108717811106,0.5464291304871238,True,True,True,0.03080614612899213,0.03707919746510635,2021.09.09.14.18.22_veh-48_01298_01492
08dad3e5005658df,-4.848107523391041,11.206977798436874,0.43058058368139324,pred_stage,left,2.8000000000000003,True,0.07002149784467955,7.012325723760544,0.0881148170034964,True,True,True,-0.01779502609577932,0.03469877001323063,2021.10.06.08.16.17_veh-52_00181_00574
094551eaba7351f5,-0.9282137073670622,34.18695724598717,0.19556260731335606,pred_stage,right,3.1,False,2.2042497348153764,2.2575552006735493,2.2468913551842893,True,False,False,0.0,96.07124365177762,2021.09.16.13.53.10_veh-42_00180_00342
095042ae1f985c39,12.825249047337984,12.659927144854674,0.2391222634017977,lqr_only,right,3.4000000000000004,True,0.23038802328678545,1.8919208499622406,2.2111326231000934,False,False,False,0.0,0.0,2021.08.30.14.54.34_veh-40_00439_00835
0994517bde3c5188,0.565958869766491,20.16291946319429,0.12162034915900266,lqr_only,right,3.4000000000000004,True,0.0029943457147589567,0.3334016768595893,5.2825063052936425,False,False,False,0.0,0.0,2021.10.06.08.16.17_veh-52_00922_01296
099ff4835ee45eb6,1.167094222990464,33.73817669813294,0.5076003492336547,pred_stage,left,3.3000000000000003,False,1.7564622955618783,1.854921905851874,1.768181478526753,True,True,True,-0.005362141970655099,-0.0025823271549429982,2021.06.28.15.02.02_veh-38_02398_02848
09d9a0cd32c25dee,-8.057849381416975,15.122592870063471,0.21924105270396194,pred_stage,left,3.8000000000000003,True,3.7653773129308196e-07,0.2540748778280554,1.4273996032842677,False,True,False,86.07752144112237,0.0,2021.10.06.07.26.10_veh-52_01245_02064
09fda519bc395630,1.2056438932821099,14.386568949129842,0.005938235165593544,pred_stage,right,3.4000000000000004,True,0.09135396596141786,3.3952118687207213,3.2077274130941476,False,True,False,100.0,0.0,2021.08.30.16.16.44_veh-40_00779_01088
0a2a71c0b34c5f10,-0.13216649356896326,28.948800192815007,0.1225522364990707,pred_stage,left,3.5,True,2.952103403758777e-07,1.2251332754277873,2.4999602673222183,True,True,False,92.71472120116142,92.7276638881345,2021.10.06.08.16.17_veh-52_01430_01579
0a3da14f3cba564a,0.38911315999050267,33.77719904774362,0.11419507761294412,pred_stage,left,3.8000000000000003,False,1.796445477120005,2.171053712169481,2.198187773413124,False,True,False,88.02828613703309,0.0,2021.10.06.08.16.17_veh-52_01430_01579
0a672fa6dbb95d68,-4.654594877120871,23.817493520236525,0.35282381880237285,pred_stage,left,3.4000000000000004,True,0.00536915867367335,0.039505722949615,0.31518461777509416,False,False,False,0.0,0.0,2021.10.06.07.26.10_veh-52_02208_02394
0ae1539816f55b5f,0.11242506029600019,28.36234787902637,0.10249957610964548,pred_stage,left,2.8000000000000003,True,0.37302382324267735,0.4095289904488673,1.0333157993774458,True,False,True,-98.4427011489718,0.014614730544038057,2021.06.28.20.24.43_veh-38_03385_04952
0c027fc454685c14,-1.0895356895435477,10.575135043975132,0.01203659202193083,lqr_only,left,1.5,True,5.4022846605963013e-08,0.9740942758091073,0.9138957756695896,True,True,True,-9.062393136957692,0.0,2021.09.09.14.18.22_veh-48_01298_01492
0c3f741051575a36,-4.394116312907267,33.37345125134887,0.23132513062700538,pred_stage,left,3.1,False,1.3877285383512037,1.7175780317758897,1.7812650008682323,True,True,True,0.006337988623483781,0.002061104831785343,2021.10.06.07.26.10_veh-52_02208_02394
0c4f97d3255155e4,-7.249631987292122,17.692169074617226,0.7907363106920046,pred_stage,right,3.1,True,0.29574528374538794,0.9516072138401884,8.321492349875353,False,False,False,0.0,0.0,2021.09.16.19.27.01_veh-45_01749_03230
0c91824ce1e65b6e,-0.6715116654968334,23.185263614001826,0.17769630668507405,pred_stage,left,2.7,True,1.2383815307423016e-07,0.03521773409946841,0.09418563702894418,False,False,True,-87.20846348379442,-87.20846348379442,2021.10.06.08.16.17_veh-52_01949_02501
0ceeda78f4745942,-1.1847356816840442,14.33401313743942,0.28199933945276184,pred_stage,left,1.8,True,0.0005137110362116549,0.08935012363853445,0.44511054546002277,False,False,False,0.0,0.0,2021.10.06.08.16.17_veh-52_00922_01296
0d50bb8976e45ea7,-1.1407562894559073,10.759590474170421,0.11393136098774062,lqr_only,left,1.5,True,0.019621645773758512,0.13518720611589277,0.6850799605411944,True,True,True,-41.666666666666664,0.0,2021.09.09.14.18.22_veh-48_01298_01492
0d63314a528159c9,-9.973800383054106,20.490067995836842,0.029799992244481512,lqr_only,left,3.9000000000000004,True,3.6588798318476314e-08,0.4458381045249649,0.011931300324053967,False,False,False,0.0,0.0,2021.10.06.08.16.17_veh-52_00032_00170
0da8a13fb4855214,-0.5073696824814444,33.88200855431603,0.21372885275630454,pred_stage,right,3.4000000000000004,False,1.9406720654841414,2.104845785119778,2.1225541558806773,False,False,False,0.0,0.0,2021.09.16.13.53.10_veh-42_00180_00342
0e04335474bf5b6e,-3.925685130724486,11.537661278935946,0.8343384962923777,pred_stage,left,2.9000000000000004,True,6.071930088045851e-05,0.08066326417929047,0.6074093220685346,True,True,False,82.17430488494112,82.17911347085514,2021.10.06.07.26.10_veh-52_00772_00917
0e2f2cb6712550b7,-1.1460111049560844,7.293959520884572,0.7972487608472517,pred_stage,left,0.5,True,7.214654789678152e-07,0.07129379609784946,0.16080599788209152,False,False,False,0.0,0.0,2021.10.06.08.16.17_veh-52_00922_01296
0e5653822a7a56b3,2.0648619209234798,16.31839618222421,0.45014946150217333,lqr_only,left,3.3000000000000003,True,0.012461708923433444,0.7292924075026878,0.590761490954436,False,False,False,0.0,0.0,2021.06.28.16.29.11_veh-38_03263_03766
0f422a003dab525e,-4.563498337386083,29.015141741890034,1.1963462154481008,pred_stage,left,3.0,True,4.50630052556641e-07,0.8476798790549425,0.8847463875199131,False,False,False,0.0,0.0,2021.10.06.07.26.10_veh-52_00006_00398
0fde069313a35062,1.7130360457664686,20.251430932651267,0.40842379691946384,lqr_only,right,3.1,True,0.07875791040851073,0.7369314673305993,1.107437710257743,False,False,False,0.0,0.0,2021.06.03.13.55.17_veh-35_02866_03582
0ffcae2811b257ee,2.695573974703855,12.478876214368052,0.14370076567020923,pred_stage,right,2.4000000000000004,True,0.07596390792228998,0.09326584746792804,0.0928930116877104,False,True,True,0.0,0.0,2021.09.16.19.49.00_veh-42_00990_01609
10d0706cdc655c9f,5.544704830547371,23.449289934860495,0.16343361633574757,pred_stage,right,3.0,True,0.10811633927572867,0.7007926111964512,3.7131184873608007,False,False,False,0.0,0.0,2021.10.06.07.26.10_veh-52_00422_00728
10db4b6fe64b5c10,-10.319907946609918,18.325351510330407,0.0362712791297467,lqr_only,left,4.0,True,6.12241301308861e-07,9.516371649902444,2.554878179024939,True,False,True,0.0,0.0,2021.09.09.18.04.06_veh-40_00555_00731
112db94505025ec5,-1.6398518360806378,31.256583603964433,0.45660885296668136,pred_stage,left,2.7,True,8.221637860645049e-07,7.326526096192008,7.052554083358585,True,False,False,0.0,97.01051867353895,2021.08.30.16.16.44_veh-40_01099_01351
11568fab86df5183,0.9839560948094874,18.588078235706377,0.054994294627438996,pred_stage,right,1.9000000000000001,True,1.224257269404456e-06,1.6077348537274267,1.3745086776379878,False,False,False,0.0,0.0,2021.09.29.19.02.14_veh-28_00964_01689
11650e6f32715f8f,-8.225535111880324,45.801618649288315,0.16513250404249077,pred_stage,right,3.9000000000000004,False,13.818678382303403,13.818414729687964,13.843494702926424,False,False,False,0.0,0.0,2021.09.16.13.53.10_veh-42_00180_00342
117b147622605d6a,-0.39305100800223247,21.116969773772798,0.013294701867592412,lqr_only,left,4.0,True,6.343700951528588e-07,0.6145615526014863,0.6201039658670321,True,False,False,0.0,96.4813948752063,2021.09.29.19.02.14_veh-28_00540_00917
11bf2d4580ab5bc2,13.488358853919973,9.475330849835757,0.8069594473827416,lqr_only,right,3.7,True,0.0015169016506398464,0.265108499161812,1.037337113287745,False,False,False,0.0,0.0,2021.06.03.13.55.17_veh-35_02572_02855
11e7fdeb883b5381,-4.618745814692117,10.032085190279496,0.0858586880419905,pred_stage,left,4.0,True,0.0010349356094347423,0.9519026437822319,0.22632089636175615,False,True,True,0.258940274288777,-86.99033212039687,2021.10.06.08.16.17_veh-52_01949_02501
129c4e6b058a5f6d,0.32779674369208633,9.34475328903941,0.06620046596710423,lqr_only,left,1.3,True,0.004344252316543635,0.10832338518644889,0.02717997021897052,False,False,False,0.0,0.0,2021.06.28.20.24.43_veh-38_03385_04952
12d4637822bb5f19,0.7831203977245025,24.120763445068988,0.11241841232378214,lqr_only,right,2.4000000000000004,True,4.094601162667755e-05,0.10157347439285747,0.4911951697899139,False,False,False,0.0,0.0,2021.09.16.14.39.34_veh-42_00032_00186
13310ca9a7715154,1.1874266836989689,12.95911062573553,0.08278088924197365,lqr_only,right,1.6,True,1.6287327429921385e-07,0.3100245861361775,0.3398040345802754,True,True,True,-0.0032349098730399817,-0.0031567970932289136,2021.09.16.15.47.30_veh-45_01199_01391
137f854539c45fe1,1.8443488510016657,35.85655991134825,0.4076878101076421,pred_stage,left,3.6,False,4.005247265536113,3.9342945763805366,4.1277777357270455,True,True,True,-0.004982024412625297,-0.0003975533313771429,2021.06.28.15.02.02_veh-38_02398_02848
13c555e68671524f,-11.602004875375844,13.130125788583953,0.3340367885974784,lqr_only,left,3.7,True,0.0040637052898975685,1.0349297917024514,0.45842980074413986,False,False,False,0.0,0.0,2021.10.06.08.16.17_veh-52_00181_00574
13c76ba40a5e5987,-7.033979133982866,18.460540074036935,0.17370536265132908,lqr_only,left,3.5,True,7.298520843225719e-07,0.10399183879152196,0.13770874265380528,False,False,False,0.0,0.0,2021.10.06.08.16.17_veh-52_00032_00170
13fa82d6564e5bac,-0.6122063751808886,31.943595673741072,1.4620352206660174,pred_stage,right,2.6,True,0.0023310539368726004,0.6004686329517913,0.6217805598883754,False,False,False,0.0,0.0,2021.09.16.13.53.10_veh-42_00180_00342
14297ef551f652d3,-11.338302178713345,14.774851914551782,0.6680882491750142,pred_stage,left,3.5,True,0.02568124933751415,0.057778084493877044,1.5195044204804715,False,False,False,0.0,0.0,2021.06.28.20.24.43_veh-38_03385_04952
143989e6ed115458,1.0793140596729813,23.003112705494708,0.17026233331982363,pred_stage,right,2.0,True,0.13736509093413463,2.424757595896797,2.316935101881575,False,False,False,0.0,0.0,2021.09.29.19.02.14_veh-28_02911_03005
14476e3c036f5ec8,1.3001152012706019,23.968901953380346,0.32012182326281835,pred_stage,right,1.9000000000000001,True,8.243903242197794e-07,0.11962851853271968,0.08316956599672269,False,False,False,0.0,0.0,2021.06.28.20.24.43_veh-38_03385_04952
1457dddd3ea65845,1.4116565607405356,22.695111788237462,0.22492647153160136,pred_stage,right,3.3000000000000003,True,3.073050779015753e-07,0.4330835040987401,0.3897195483900648,True,True,True,0.0,0.0,2021.09.16.19.27.01_veh-45_00472_00711
14b270ee5a395ea9,-0.5983457744823696,28.14791221119182,0.10121877194733919,pred_stage,right,3.0,True,0.004474243334238576,0.0994440554697693,0.558962069445676,True,False,False,0.0,96.40832080242868,2021.08.16.14.23.37_veh-45_00015_00132
14b4283d229a5e3d,-4.018289638303306,11.522317773769036,0.893049715449577,pred_stage,left,3.0,True,0.044856424121094605,0.4310883678872599,1.2938292284766537,False,True,False,85.27723321905688,0.0,2021.10.06.07.26.10_veh-52_00772_00917
14d53f85ccc65f23,-0.29691178373910576,24.137502960420253,0.028971244468895995,pred_stage,left,2.8000000000000003,True,4.2466502903507783e-07,0.4325476426278685,0.31125784502150344,True,True,True,-0.010994358307581109,-0.016537352296452923,2021.06.28.16.29.11_veh-38_03263_03766
14f724bc59705bb4,-4.80279430418378,29.421770893437955,0.8612330778946483,pred_stage,left,3.1,True,1.9956186907903782e-08,0.9619236580842084,1.0122260264553373,False,False,False,0.0,0.0,2021.10.06.07.26.10_veh-52_00006_00398
14fe69db03425780,0.7784991325139838,7.586074791020158,0.16697383920635328,lqr_only,right,1.4000000000000001,True,0.035655329274647464,0.39688355485832844,1.1118784180182844,False,False,False,0.0,0.0,2021.06.03.18.47.39_veh-35_00503_00777
150505a546335d5d,-3.206271742518938,10.317531520179145,0.47548002434118164,pred_stage,left,2.3000000000000003,True,0.035037662880308656,0.256938055183737,0.22425709890405512,True,True,True,0.015557478607186592,0.02750098358696995,2021.10.06.08.16.17_veh-52_00181_00574
153dfbd3d4355809,-7.543766651837855,11.161229460923101,0.776604388337964,pred_stage,left,3.1,True,0.01831124906583846,0.37753624116719875,0.006424490171735786,True,True,True,0.003253007846915068,-0.03794142168548342,2021.10.06.07.26.10_veh-52_00772_00917
157ad2289b20545e,-17.628704350635246,29.980501338496175,0.4338116756188358,pred_stage,right,3.9000000000000004,True,7.601705237367622e-07,2.892886083478144,1.3101810710004893,False,False,False,0.0,0.0,2021.09.16.21.13.37_veh-42_00172_00347
157c6c5b1b9d5608,1.2238722974227754,16.95475951314006,0.06269568798144633,lqr_only,right,2.2,True,1.0796555624651062e-06,2.0102159711326975,1.5672648716186015,False,False,False,0.0,0.0,2021.09.29.19.02.14_veh-28_00964_01689
159972aee8265c33,-5.776813289992704,11.212090445202833,0.02872731652330158,pred_stage,right,2.4000000000000004,True,0.1867199252026186,1.2800538333767693,1.529676131602687,False,False,False,0.0,0.0,2021.09.16.15.12.03_veh-42_01037_01434
1665bb5ab9d55dca,-4.541312083977856,21.024376398782252,0.9888505728386258,pred_stage,right,3.3000000000000003,True,0.008451527969109284,4.73193800971786,1.8862098853439824,False,False,False,0.0,0.0,2021.10.06.08.16.17_veh-52_00612_00782
16ac515a3ba45d76,1.5723121171524,29.66817866070655,0.012653662083044432,lqr_only,left,4.0,True,6.476616626368062e-07,0.6945206647834766,0.9384335684767013,True,True,True,0.0019885613608217056,-0.0012926719137773546,2021.10.06.08.16.17_veh-52_00922_01296
16d3bf2e9bf75eb4,-6.039890169455448,14.609752097564243,0.6760280207181414,pred_stage,left,3.2,True,4.538379904853654e-08,1.4948803711926566,0.37011342251468693,False,False,False,0.0,0.0,2021.10.06.08.16.17_veh-52_00181_00574
16d4141f073d52f1,0.25504114845978254,10.117759267573408,0.35272457598507634,pred_stage,right,1.2000000000000002,True,0.00116644094177644,6.740812342248972,0.11668084679158415,False,False,False,0.0,0.0,2021.09.16.19.12.04_veh-42_01438_01677
171ac85821875613,-1.1355173293616811,17.668762782501187,0.09716455827188358,pred_stage,left,2.9000000000000004,True,0.15341539653620612,0.6723862043619839,1.0315408645080226,True,True,False,91.72056317189526,91.72359035162326,2021.10.06.08.16.17_veh-52_01590_01725
171e0bea742d52d0,1.0556209239958312,29.52179991959194,0.22390890974323904,pred_stage,right,2.7,True,0.001472541348061105,0.2885970949916737,0.1742775739408302,True,True,False,96.95184452028553,96.95070380578593,2021.09.16.13.53.10_veh-42_00077_00153
17aa66edae0e5214,-4.73232625444944,16.97038518444276,1.3115338373314458,pred_stage,right,3.3000000000000003,True,0.08852397970150598,5.008561466231544,2.1745139561132403,False,False,False,0.0,0.0,2021.10.06.07.26.10_veh-52_01245_02064
1803fa678ee652fa,0.6231150647628763,39.39418814697657,0.2818938895942831,pred_stage,right,3.8000000000000003,False,7.45107991452163,7.510664033775698,7.480844286108612,False,False,False,0.0,0.0,2021.09.16.13.53.10_veh-42_00180_00342
1844ec136eb05d57,-0.3275301442322842,21.554117835796184,0.19696670563713692,pred_stage,right,1.9000000000000001,True,0.003801135409418609,0.4501265436535819,0.37917141935300774,False,False,False,0.0,0.0,2021.09.16.19.12.04_veh-42_01438_01677
18492b6ce9905b13,-11.871465876280306,16.724755239959546,0.3054836530648945,pred_stage,left,3.8000000000000003,True,1.591713821066621e-07,1.6132513422145345,0.7472430348352324,True,False,False,0.0,89.60219336308425,2021.10.06.08.16.17_veh-52_00181_00574
184c11a8cc875403,1.8400167726115448,23.135069657452668,1.0065205349615112,pred_stage,right,2.1,True,0.0008371856448572781,0.1458670548143504,0.23288261593047607,False,False,False,0.0,0.0,2021.08.16.14.23.37_veh-45_00015_00132
18dd0b3ef6b75b70,-1.2569072157709957,25.302844753786893,0.0583814721465677,lqr_only,left,2.3000000000000003,True,3.792768175158278e-07,2.5508535875987604,2.372360881317463,False,False,False,0.0,0.0,2021.08.16.14.23.37_veh-45_00015_00132
18e40fd61be753b9,0.5968250226423049,38.504262283625266,0.02432578363792618,pred_stage,left,4.0,False,6.67296203659959,6.672704803760899,6.650001682761062,True,True,True,0.0006378948221197334,0.002427340813360157,2021.06.03.17.06.58_veh-35_02943_03220
190e931f7a7a52dc,-4.7649464988020025,10.289178736342146,0.10304445164727132,pred_stage,left,4.0,True,0.01229520325464938,0.689195323619609,0.01960123307296275,False,True,True,0.17356472303594606,-88.43027768725858,2021.10.06.08.16.17_veh-52_01949_02501
19611832f7595b10,-4.67751657225091,10.541527733939462,0.029530760147420943,lqr_only,right,2.7,True,0.2990297731543377,8.458142540811963,1.7471506401144032,False,True,False,100.0,0.0,2021.09.29.19.02.14_veh-28_00540_00917
19d546524016560f,-1.7562203426419956,24.65779974346789,0.3359474527543467,lqr_only,left,2.6,True,2.723879670099507e-07,0.5153253435885465,0.5999832068304336,False,False,False,0.0,0.0,2021.09.09.18.04.06_veh-40_00555_00731
19d7afdb02055502,-4.447267953603978,35.45643362849204,0.24429464920584304,pred_stage,right,3.7,False,3.570565804525616,4.047103579421391,3.966436122388205,False,False,False,0.0,0.0,2021.09.29.19.02.14_veh-28_03198_03360
1a0f27ced7e056f6,-0.037369958584342555,44.12806796184505,0.4510455026109685,pred_stage,right,3.4000000000000004,False,12.156084487751961,12.188134125887945,12.177384584942706,False,False,False,0.0,0.0,2021.09.16.14.39.34_veh-42_01609_01687
1a37d69ab5805f15,0.010062333842243643,36.49184986149338,0.07732407509191998,pred_stage,right,3.5,False,4.501382158413402,4.507957284338761,4.536915055582714,True,True,True,0.005417856340161897,0.0014560541382491188,2021.08.16.14.23.37_veh-45_00015_00132
1aa15402bceb5743,-12.53565973311675,18.103989047794684,0.32545061924326135,pred_stage,left,3.8000000000000003,True,0.04258168922246742,1.228790908907793,1.6349281606661152,True,False,False,0.0,87.62244854396008,2021.10.06.07.26.10_veh-52_00006_00398
1afdce6720e45022,-0.24321526627962342,22.047463415128323,0.09859221310840177,lqr_only,right,2.5,True,0.12683544628381524,2.8534685485679434,1.5051728698021953,False,False,False,0.0,0.0,2021.09.09.18.04.06_veh-40_00743_01071
1b65613f0242544a,0.9863058017146304,11.233928765532312,0.662633481695726,pred_stage,right,1.1,True,5.186989293892143e-08,0.46349791019423175,0.0423819506488664,False,True,False,83.95193085045959,0.0,2021.09.29.19.02.14_veh-28_00964_01689
1bddf6b0b25e5de4,-11.145409393987322,13.102112762858347,0.5577718032865177,lqr_only,left,3.1,True,0.035936487322278644,0.2171433790612436,0.6698338337042343,False,False,False,0.0,0.0,2021.06.03.18.47.39_veh-35_00503_00777
1c25de3a1c805da1,-0.7352812218299984,31.685788721453456,0.013039192028795063,pred_stage,right,4.0,True,2.881106045912946e-07,0.22825315332420412,0.04790944215625067,False,True,True,0.006355825026516104,-88.04883953360658,2021.10.06.08.16.17_veh-52_00922_01296
1c3e7aa7df415acb,-9.35594093075062,11.774865024457302,0.2531522054369656,lqr_only,left,3.8000000000000003,True,0.0001639699959846044,0.516239358331361,0.3498320286715386,True,True,False,89.70855540441408,89.68260075553934,2021.10.06.07.26.10_veh-52_00772_00917
1c77ba7488d35c52,-1.2522872108735958,12.33119180975055,1.2384467743136227,pred_stage,left,1.2000000000000002,True,2.442131527236742e-07,0.02916645222258438,0.059067696119724705,False,False,False,0.0,0.0,2021.08.30.13.45.25_veh-40_01116_01336
1d16c78634695b4a,8.17299169023074,10.18234565086521,0.33742951760285156,pred_stage,left,2.6,True,0.0058934883032096845,1.80639703292619,2.6825143803157094,False,False,False,0.0,0.0,2021.09.16.14.39.34_veh-42_00032_00186
1d95772619d35606,-6.989157453544492,30.82808029400622,0.2956064851260901,lqr_only,left,2.9000000000000004,True,0.008987411322535083,1.0188216043537621,1.2397307182635602,False,False,False,0.0,0.0,2021.08.16.14.23.37_veh-45_00015_00132
1da6196444e35b0f,1.040270056837321,9.00786583560406,0.09139821295908843,pred_stage,right,1.0,True,1.36919043484535e-06,2.680025650855462,2.596071247813622,False,False,False,0.0,0.0,2021.08.30.16.16.44_veh-40_01099_01351
1dcac8bb6872533b,1.1803728459982183,25.010427057316868,0.22411378485889932,pred_stage,right,2.0,True,6.973752493267469e-07,0.24331818548015507,0.33552893657042265,True,True,False,94.01641790032261,94.01944691869633,2021.06.28.20.24.43_veh-38_03385_04952
1dd4683469e457c5,-14.188895803861078,14.191426806565042,0.17415043309538938,pred_stage,left,3.5,True,0.0319526056000055,0.316087370388822,0.35534070884214886,True,True,True,0.0,0.0,2021.06.28.16.57.59_veh-26_00016_00484
1e2e250cbb555fe6,-1.4489203840944516,38.496795453228664,0.3413369305724284,pred_stage,right,3.8000000000000003,False,6.517605648667301,6.501456102565233,6.511976625124463,False,False,True,-94.87353465811813,-94.87353465811813,2021.08.16.14.23.37_veh-45_00015_00132
1e4f2f231ac0540e,-2.024993219826918,39.784621667665974,0.06321575008773073,lqr_only,left,3.8000000000000003,False,7.784665036535379,7.796056387780745,7.886615391712627,True,False,False,0.0,94.98898589824205,2021.09.09.18.04.06_veh-40_00555_00731
1ea152f7056659a9,-5.362187419453589,13.182718206690836,0.3395231034554435,pred_stage,right,2.2,True,0.16406672551609874,6.713537178185755,6.542423712869751,False,False,False,0.0,0.0,2021.09.16.19.49.00_veh-42_00990_01609
1ebd95c73644569f,-6.2764809699672846,24.595424811103385,0.07678041399393452,lqr_only,right,4.0,True,0.09151040911500621,4.561001617390198,1.3919797972984713,False,False,False,0.0,0.0,2021.10.06.08.16.17_veh-52_00612_00782
1ec58e13fee45a30,1.2521463120679153,9.599728056566276,0.0038672085380397395,lqr_only,right,3.8000000000000003,True,1.0439358674013374e-06,3.5386020693425526,3.569063859522183,False,True,False,67.73239571705177,0.0,2021.08.30.16.16.44_veh-40_00779_01088
1ed469afe6545946,-1.0795039517730094,7.148961535039974,0.21804263743463112,pred_stage,left,1.1,True,3.856673339562269e-07,0.09246731892607775,0.8659379963544216,False,False,False,0.0,0.0,2021.09.29.19.02.14_veh-28_00540_00917
1f6d3d52a6685c15,-8.932506519752655,15.525027128664053,0.5448968354261912,pred_stage,left,3.6,True,4.205700324904435e-07,1.1587006518298895,0.42776772688733444,True,False,False,0.0,91.3571204565714,2021.10.06.08.16.17_veh-52_01949_02501
1fdff45f05055069,-4.6462084965936254,39.4206844080907,0.6253315110321517,pred_stage,right,3.4000000000000004,False,7.619869880578709,7.54322319214888,7.90208662332729,False,False,False,0.0,0.0,2021.09.16.13.53.10_veh-42_00180_00342
200c447283ed50eb,1.1131025990476182,21.773794295072523,0.18415764733990733,pred_stage,right,1.4000000000000001,True,6.715189472303054e-05,6.296660463508019,6.206954878716992,False,False,False,0.0,0.0,2021.06.28.18.03.27_veh-14_00620_01581
20ae5f5df50a5865,-0.7428797197853272,19.1352389174123,0.1960201947758344,pred_stage,left,1.8,True,0.0005342135974338491,0.5748978646427652,1.5153345807931606,False,False,False,0.0,0.0,2021.06.28.20.24.43_veh-38_03385_04952
20c8f9038443596e,0.36436725225511113,18.92921533288979,0.022140897079584394,lqr_only,left,3.1,True,6.965640307344704e-07,0.46241739714536756,0.889961262948967,True,True,True,-0.0010535377874765217,-0.0011108997350017802,2021.09.16.19.12.04_veh-42_01221_01380
20f93aa93fe05157,-13.499623817425265,19.79767516738296,0.5599972134221092,lqr_only,left,3.1,True,0.021299137557036586,0.29653095716225436,2.7161703777405184,True,True,True,-0.013849662195430934,-0.7282044813099908,2021.09.09.14.18.22_veh-48_00322_00895
2135b76284735f17,-0.2302564531126432,36.98911607704851,0.6169526053674254,pred_stage,right,3.5,False,5.118055571926634,5.094418163219602,5.128217221134799,False,False,False,0.0,0.0,2021.09.16.13.53.10_veh-42_00180_00342
22021c2141625fce,-0.7985601741829487,8.061607270456758,0.20405172373107056,pred_stage,left,1.0,True,8.94477070793353e-07,0.10313007707859541,0.5653445513658902,False,True,False,85.30785681623162,0.0,2021.10.06.07.26.10_veh-52_01245_02064
22a9f8694d425753,-7.755460292845427,11.049489085800731,0.5018786443391025,pred_stage,left,3.7,True,4.737082167243474e-07,0.18484772387283516,0.45098629072623964,False,False,False,0.0,0.0,2021.10.06.07.26.10_veh-52_00772_00917
22e04303d53f54f5,8.640527923276615,21.579784344494854,0.08966120697443122,lqr_only,right,3.8000000000000003,True,9.425187965663131e-07,0.3001761772459161,0.24010161027248123,False,False,True,-89.2670066582806,-89.2670066582806,2021.10.06.08.16.17_veh-52_00922_01296
22ec7d1614785b35,-6.544362536448611,13.604596169013762,0.19620464583174013,pred_stage,left,3.9000000000000004,True,0.08879421975758063,0.556579813786769,8.555669961413857,False,False,False,0.0,0.0,2021.10.06.07.26.10_veh-52_00006_00398
2352aa62dbbe58d2,-0.7119046080254208,26.73788722688507,0.7011800072788009,pred_stage,right,3.5,True,4.7501072978265803e-07,1.0712080577574055,0.3195471152931406,False,False,False,0.0,0.0,2021.10.06.07.26.10_veh-52_00006_00398
2371a65f76025bfd,0.6904079106187329,28.481660365144126,0.19661721872417495,lqr_only,right,3.9000000000000004,True,1.196820917440822e-07,4.090989944643228,1.063747361317484,False,False,False,0.0,0.0,2021.10.06.08.16.17_veh-52_00612_00782
237b75204e495145,5.205169115284283,12.791500382900855,0.9818180952340967,pred_stage,right,2.5,True,0.00013305985272662145,0.3987597437080907,0.04338395266084627,False,False,False,0.0,0.0,2021.09.16.19.49.00_veh-42_00990_01609
2389414c94075d6a,-8.094702729025213,16.561073217032213,0.21678945908182795,lqr_only,left,3.5,True,0.000559309944052418,1.0366125283815313,0.17701766024141147,False,False,False,0.0,0.0,2021.10.06.08.16.17_veh-52_00181_00574
2391f12d7e6a5e7f,2.7106202357869793,9.61405958608397,0.46299781206858875,pred_stage,left,2.3000000000000003,True,3.1070784852761633e-07,10.582849652276206,0.3364206758844784,True,False,False,0.0,79.36296089368068,2021.10.06.08.16.17_veh-52_01949_02501
23beee726a59557a,1.4467232509445822,21.82461797159968,0.2250807434476177,lqr_only,right,3.9000000000000004,True,0.09099336495450504,1.3163299793503134,1.9446859313815004,False,False,False,0.0,0.0,2021.10.06.07.26.10_veh-52_01245_02064
23d71fb39b0456f5,1.406232593762227,16.2267308726604,0.6759292039306457,pred_stage,left,2.8000000000000003,True,2.033763088287941e-06,1.0948350641598483,0.6911089746527816,False,False,False,0.0,0.0,2021.05.25.15.59.03_veh-30_03499_03671
23f357c023c2584f,-8.266975561653323,14.692837807836675,0.7294644310219954,pred_stage,left,3.2,True,9.588301782262672e-08,1.365869201162231,0.002850252448099417,True,True,False,90.82962729920632,90.8223995703691,2021.10.06.07.26.10_veh-52_00772_00917
2422d2b260235078,3.096118266263556,47.084395860435684,0.14892704069251841,lqr_only,left,3.9000000000000004,False,15.172868506192568,15.192659638814224,15.167072820221389,True,True,False,99.3459690025083,99.34523624839574,2021.09.16.14.39.34_veh-42_01609_01687
2472d00839f65c25,0.5441109325138562,21.563985234666067,0.013812559472515399,lqr_only,left,3.7,True,0.000247720193966844,0.05962879554010303,0.9624216724421668,True,True,True,0.0,0.0,2021.09.16.19.12.04_veh-42_01221_01380
249478c83c155093,-10.743936803967024,15.204538787966996,0.19529577933976042,pred_stage,left,3.4000000000000004,True,0.2879918930932326,5.9568219823991555,6.195841681416054,False,True,False,88.34077983835327,0.0,2021.09.09.14.18.22_veh-48_01298_01492
249c1b68ba355e43,0.18031421468134212,28.757432471260476,0.013700574128826548,pred_stage,left,2.9000000000000004,True,0.7841286372497976,0.9417783634310274,0.947952679480255,True,True,True,-0.0013112915595137054,0.009904087320933286,2021.06.28.20.24.43_veh-38_03385_04952
24cad1842cf15f29,-4.820000472362171,30.812419811813456,0.4644366684516985,pred_stage,left,3.4000000000000004,True,7.966797780790125e-07,0.3828701977131246,1.180223721744489,False,False,False,0.0,0.0,2021.10.06.07.26.10_veh-52_00006_00398
24f29711e1a05cb5,1.3427035146670896,32.618963624440994,0.15740255001266923,pred_stage,right,2.4000000000000004,False,0.6189668932428802,0.666275242025018,0.7285459550861939,True,True,True,0.0,-41.666666666666664,2021.09.16.15.47.30_veh-45_01199_01391
253ec4fb977d52d6,-11.272101227569019,14.675048847044746,0.33848315869784223,lqr_only,left,3.7,True,3.0496550480952813e-07,1.0603942777562838,1.205882465595506,False,False,False,0.0,0.0,2021.10.06.08.16.17_veh-52_00181_00574
2569d386da9c54ff,-1.0576847619092322,12.360070911054624,0.0026997887088199453,lqr_only,right,1.4000000000000001,True,0.0031924605289108286,0.2500997390187557,0.584191722429678,False,False,False,0.0,0.0,2021.09.16.19.27.01_veh-45_01749_03230
2575048779565f0b,-7.961202155157338,21.695863326134848,0.28139437501789666,pred_stage,left,3.4000000000000004,True,0.6579693730473645,7.608246131769966,7.507128341916821,False,False,False,0.0,0.0,2021.09.29.19.02.14_veh-28_00273_00514
25b719c231d85e56,-0.341416204559696,17.41037205131423,1.1920984529895988,pred_stage,left,3.1,True,0.07564984806089375,0.9864464068378458,1.1122559872089313,False,False,False,0.0,0.0,2021.05.25.15.59.03_veh-30_03499_03671
25e9d76574075cee,-0.5475182456871259,24.379642044490865,1.3608953239997372,pred_stage,right,3.4000000000000004,True,9.041091590609053e-08,2.0329220061820097,0.44890420636773565,False,False,False,0.0,0.0,2021.10.06.08.16.17_veh-52_00612_00782
262333f372975eef,0.6613672374377311,11.41120367748638,0.5527588362101425,pred_stage,right,1.5,True,1.3712286740532468e-06,0.1692942245389791,0.19875239118629834,False,False,False,0.0,0.0,2021.08.30.16.16.44_veh-40_00256_00716
263f5537c4f85b38,-3.569561287992462,26.96119227164383,0.5437028859893474,pred_stage,left,2.6,True,4.997923197449175e-07,2.490337902636387,1.8572957390204872,True,True,True,0.04578216827690884,0.02798650783966128,2021.10.06.07.26.10_veh-52_02208_02394
26a1ceab4d455a77,-0.4496487355895935,22.010337333862648,0.34181510940718973,pred_stage,left,1.9000000000000001,True,0.005589611235370261,0.1733763288014855,0.7312081370973215,False,False,False,0.0,0.0,2021.06.28.13.53.26_veh-26_00492_00696
26de9e2da40c5b0c,1.721339772051636,8.83589584704175,0.054312519689600804,lqr_only,left,2.0,True,0.008272523317648012,5.335900177046459,2.245636776596085,False,False,False,0.0,0.0,2021.10.06.07.26.10_veh-52_00953_01126
2731fa425acf52f4,-1.813950523150485,9.799284604156352,3.1115444293160976,pred_stage,right,2.4000000000000004,True,0.06309425664800654,0.7135866789031623,0.4989330444392791,False,False,False,0.0,0.0,2021.10.06.08.16.17_veh-52_00181_00574
2807cd605f1156da,-0.9492250351860902,8.166037887503352,0.009796499864270952,lqr_only,left,0.9,True,3.927248179262857e-07,0.3984144231376242,0.07224080018022275,False,False,False,0.0,0.0,2021.05.25.15.59.03_veh-30_03499_03671
283ae14565b85cc3,-5.747708549659338,28.258836798431073,0.25038579349810014,pred_stage,left,3.4000000000000004,True,3.112229749416979e-08,0.8994145797757743,0.02832615770523899,True,True,True,0.006132153975713095,0.0137601649883079,2021.10.06.08.16.17_veh-52_01590_01725
2a04d84433e6576f,16.60747963917607,17.31475547254174,0.20906007616687242,pred_stage,right,3.5,True,4.039784449461959e-08,1.2435999496370769,1.4037894336528196,False,False,False,0.0,0.0,2021.09.16.14.39.34_veh-42_00032_00186
2a48beb84af65349,11.608574788285509,11.151798292206362,0.04222068716927125,pred_stage,left,3.4000000000000004,True,0.2130942486802205,3.883829590900791,1.5980920243299104,True,False,False,0.0,86.74002671468011,2021.09.16.14.39.34_veh-42_00032_00186
2aade0b3987d5366,-2.64749936923699,18.89011202486498,1.5194369009904265,pred_stage,left,3.4000000000000004,True,0.13517004267195729,0.5076909470555041,0.7672805949659484,False,False,False,0.0,0.0,2021.05.25.15.59.03_veh-30_03499_03671
2ad17379a25d55d9,-7.889418369229963,14.30293246735362,0.059393896808649746,lqr_only,right,3.0,True,0.0012018482998146288,0.09105297719007818,0.37703515297127754,False,False,False,0.0,0.0,2021.09.16.14.39.34_veh-42_00297_00935
2b04c510144e5545,-1.096179514131156,8.557162713295709,0.6277408303934534,lqr_only,left,2.5,True,2.498436925529447e-07,6.405663655674592,2.3777127575022394,False,False,False,0.0,0.0,2021.09.09.18.29.25_veh-39_00569_00903
2b10974c7f7e5444,-1.3296155800722613,14.420092687333408,0.21550798581834751,pred_stage,left,1.9000000000000001,True,0.0022672288794555943,0.37875648525787603,0.31937577084366053,True,False,True,-78.53735908427214,0.004107983172363383,2021.10.06.07.26.10_veh-52_01245_02064
2c1f43c6b93c5952,-1.1233077043837927,11.09880643958255,0.08826899047391774,lqr_only,left,1.0,True,2.7609345176429583e-07,0.24400163160662533,0.5681713591591302,False,True,True,0.014246366308456881,-91.16916320896338,2021.09.09.14.18.22_veh-48_01298_01492
2c337eb368fb54ca,8.359099267196036,12.535939643340825,0.4804709646878867,pred_stage,left,3.0,True,9.100158749342524e-07,5.732883144130942,5.594336038884101,False,False,False,0.0,0.0,2021.09.16.15.12.03_veh-42_01037_01434
2c7e5f987d5752c7,2.0125299513500554,10.836461421097923,0.4041727054238083,pred_stage,right,1.8,True,0.07033086411870466,0.012533099567013877,0.0689249525177152,False,False,True,0.0,0.0,2021.09.16.19.49.00_veh-42_00990_01609
2c8a58b94332570d,-8.801750783428528,9.35039967575691,0.15196738061474493,pred_stage,left,3.9000000000000004,True,0.01743577530430547,0.11608416975527286,0.7363314712751392,True,True,True,41.666666666666664,0.0,2021.10.06.07.26.10_veh-52_01245_02064
2cbf505c735c5c34,0.6736067877182643,10.62866601729589,0.13913724599771643,pred_stage,right,1.1,True,1.5557665817037385e-06,0.4784641778416655,0.3193868639235122,False,False,False,0.0,0.0,2021.08.30.16.16.44_veh-40_00256_00716
2ccb0b6871c9515c,-2.6844513163673867,40.23421488801044,0.3662646780937556,pred_stage,right,3.3000000000000003,False,9.415000367543918,8.520101973990625,8.461482329858866,False,True,False,95.68921242009093,0.0,2021.09.09.18.04.06_veh-40_00743_01071
2cdba8acff3454a7,-8.266887619684303,19.708268438926662,0.1361732076628124,lqr_only,left,3.5,True,3.111378304804603e-08,0.20068431275473647,0.03515964374506907,False,False,False,0.0,0.0,2021.10.06.08.16.17_veh-52_00922_01296
2d0517c112625a09,0.2582936295738065,31.76186072757931,0.09836482016893629,pred_stage,right,3.8000000000000003,True,0.012563370082568963,0.8005417165876573,0.9803814701621661,True,True,False,99.99719710097078,99.9914568589386,2021.09.16.19.27.01_veh-45_01749_03230
2d0c8a7a065e5995,-1.2798682999376592,21.863376415586885,1.452476047084078,pred_stage,left,2.1,True,0.003098480440293269,2.5682273049357676,2.6021284205187354,False,False,False,0.0,0.0,2021.10.06.08.16.17_veh-52_01430_01579
2dbf2462b447576f,-1.4201911392699156,38.57799774172349,0.6143089899959526,pred_stage,right,3.1,False,6.615524264558512,6.67418060365176,6.645208977570775,False,False,False,0.0,0.0,2021.09.16.13.53.10_veh-42_00180_00342
2dca181fa97153a0,1.2407915988727503,12.824423017318296,0.055798727238022344,pred_stage,right,2.8000000000000003,True,8.299771351047895e-07,3.4916675276153692,3.4179310602343103,False,False,False,0.0,0.0,2021.08.30.16.16.44_veh-40_00779_01088
2dd2bd50fcc458d7,-7.537430361425367,11.471381728134755,0.4551218532720791,pred_stage,left,3.5,True,0.055133865390990154,0.10197009291335246,0.11274531380710569,True,True,True,0.02287222977204184,0.032216052988576216,2021.10.06.08.16.17_veh-52_00032_00170
2e393fad09985c87,-0.13160287879061894,10.796388873752297,0.03964103857515728,lqr_only,right,1.6,True,2.595810595980032e-05,0.22860045837349693,0.0356102088232097,False,False,False,0.0,0.0,2021.06.28.18.03.27_veh-14_00620_01581
2ea6bdf1e8905fd8,-1.1549280038068614,6.335397208920552,0.12140437366994683,pred_stage,left,0.8,True,4.378523494170198e-07,0.4996855729405524,0.010779772763320407,True,True,False,90.34478611140058,90.35195102784837,2021.09.09.14.18.22_veh-48_01298_01492
2f5ae1e4cf9d59fa,15.528069272188015,13.075896020490637,0.46832791354391345,lqr_only,right,3.6,True,4.2684584053487756e-08,1.6452962949163863,1.7029991535729108,False,False,False,0.0,0.0,2021.09.09.18.04.06_veh-40_00743_01071
2f6b9bbb16cb59ba,-0.2803002825123402,27.96465826769716,0.3659513509967925,pred_stage,left,2.8000000000000003,True,0.012365155365338453,0.9831821180016932,1.1392343403686562,True,False,False,0.0,56.19482926355924,2021.06.03.17.06.58_veh-35_02943_03220
2f6ef141a25657e5,6.559427410782244,20.619258788097813,0.7543240966282375,pred_stage,right,2.8000000000000003,True,7.937832662715312e-07,3.8205141469413477,2.7943220897767946,False,False,False,0.0,0.0,2021.10.06.07.26.10_veh-52_00422_00728
303d7a8f1262569e,1.2472230283837602,10.007442031436788,1.1630659607888605,pred_stage,right,1.0,True,1.483791586133027e-07,1.9384442032975828,1.638392170193181,False,False,False,0.0,0.0,2021.09.29.18.19.40_veh-28_01268_01685
303e7dd5717f54cd,-2.9565619034828843,11.752834766603247,0.15704639375869148,lqr_only,right,1.6,True,0.0009551928317925636,4.921574154007807,5.861883437671344,False,False,False,0.0,0.0,2021.09.16.19.49.00_veh-42_00990_01609
30422125ddd4590b,14.763303590186409,10.881770774428892,0.05319293621597823,lqr_only,right,4.0,True,2.7047722269347557e-07,0.3526033142777885,2.455737046500081,False,False,False,0.0,0.0,2021.09.09.14.18.22_veh-48_00322_00895
312d2bf03023521a,-11.284705883074508,18.519444530233375,0.15058415588798416,lqr_only,left,3.8000000000000003,True,3.310822981438663e-07,0.5992399952032136,0.3695924814480615,True,True,False,90.78445524965657,90.87700123224835,2021.10.06.08.16.17_veh-52_00181_00574
3137903199f35224,-1.4056210176990889,19.441679555058364,2.0355972865935126,pred_stage,left,3.3000000000000003,True,2.1506863823817123e-07,1.4886196028057728,1.5727826100947948,False,False,False,0.0,0.0,2021.10.06.08.16.17_veh-52_01949_02501
31e7be6258f35c5a,-2.369392717227118,42.180584526906856,0.379451620948326,pred_stage,right,3.7,False,10.243872604496627,10.328804153106313,10.37960286415671,False,False,False,0.0,0.0,2021.09.16.19.12.04_veh-42_00289_00398
323747032b285187,1.1041554530335675,15.855635446363545,0.2716470150577104,pred_stage,right,1.7000000000000002,True,5.985045394715745e-07,1.924991884214874,1.3569560705558383,False,False,False,0.0,0.0,2021.09.29.19.02.14_veh-28_00964_01689
3296619ed0855e31,-0.5273400906463854,22.423848640329517,0.03443447984896199,lqr_only,left,3.9000000000000004,True,0.05781249604649566,2.1358139429821454,1.9104357925284796,False,True,False,100.0,0.0,2021.10.06.08.16.17_veh-52_01430_01579
32dd24533788546c,-0.8114508627564017,13.023049113185351,0.012173439755557191,lqr_only,left,1.4000000000000001,True,4.465809053855522e-07,0.09435146922956161,0.5425995130926288,True,True,True,0.0,0.0,2021.05.25.15.59.03_veh-30_00625_00855
32e38b7677e15f69,-1.172557688381227,20.01620339739424,0.39165486952075407,pred_stage,left,2.1,True,6.637396644447752e-07,0.14978965786383966,0.1453785772595504,False,True,False,99.01108356111189,0.0,2021.09.29.19.02.14_veh-28_00964_01689
33423262feb656a3,0.6180112214261229,31.852889355652454,0.05188966327344393,pred_stage,right,3.0,True,0.0015916535741971286,3.8560347572810088,3.7661855609397183,False,False,False,0.0,0.0,2021.09.09.14.18.22_veh-48_00221_00299
3346340e1c275766,3.023752056955038,8.251059999963328,0.027374131970848963,lqr_only,left,2.7,True,0.021341883834179627,9.104410326534712,13.862921375954693,False,False,False,0.0,0.0,2021.10.06.08.16.17_veh-52_00181_00574
3388246402ca591e,1.2351493677330847,35.22529300922238,0.13273875058019566,lqr_only,right,3.4000000000000004,False,3.2261665202925376,3.4499912771694694,3.7522938484814308,False,False,False,0.0,0.0,2021.09.09.14.18.22_veh-48_00322_00895
34336b5c8ad1562e,-5.774729383312969,11.879006697887544,0.7359677394626892,pred_stage,left,3.3000000000000003,True,0.005948595964855837,0.8058256356027372,0.3429281207721308,True,True,False,96.48923955038171,96.42517089906,2021.10.06.08.16.17_veh-52_01949_02501
3466b16cf2c95855,-0.5748582495842256,8.829296850681398,1.0630501356609725,pred_stage,left,1.6,True,0.0070917254451484954,0.2054177533801635,0.6507702224016357,False,False,False,0.0,0.0,2021.10.06.07.26.10_veh-52_00772_00917
346f28fb35365c73,0.857354182724877,16.629249081423865,0.024841812723670538,lqr_only,left,1.5,True,4.922490207815374e-07,0.11974367977823099,0.13187686251490063,False,True,False,91.95681650216564,0.0,2021.10.06.08.16.17_veh-52_01949_02501
3502b30911d75ed8,7.054488838349913,11.212007462182322,0.956176739968541,pred_stage,left,3.5,True,0.030937173790286474,4.276189932901983,1.4244483660610086,False,False,False,0.0,0.0,2021.10.06.08.16.17_veh-52_00922_01296
354a67b9e10c562e,-0.8837414956178247,11.351618100979502,0.03824102046454696,lqr_only,left,2.9000000000000004,True,4.6740389734407894e-07,0.12623676041428541,1.7606169455064384,True,True,True,-39.52348691699591,2.143179749670754,2021.09.09.14.18.22_veh-48_00322_00895
355835bced0c591f,3.687973913292801,35.88623977048364,0.07787620104888708,pred_stage,left,3.7,False,4.872603281394661,7.384767390364925,14.855590989714551,False,True,False,89.09718670292442,0.0,2021.09.29.14.44.26_veh-28_01331_01485
36650ce9087150de,-1.6829729235046544,8.370274643887099,0.21601730016835177,pred_stage,left,3.3000000000000003,True,1.5626407628850516e-08,0.6485790613349953,7.6816360584666326,False,True,True,-0.09392532951837396,-86.44014308223402,2021.09.09.17.18.51_veh-48_00889_01147
36e3e0f9a589578d,-11.310241931146315,13.789896504267235,0.09032126230254478,lqr_only,left,4.0,True,3.5269791976273195e-08,0.25352064044779615,0.0701153553079962,True,False,True,-88.40751674785142,0.0029469541785953624,2021.10.06.07.26.10_veh-52_00772_00917
37a2f90109f85bff,-0.8567300932208477,13.6338101415164,0.14920568945831347,pred_stage,left,1.5,True,1.2427901663165918e-07,0.37753869460576206,0.30495042152710994,True,True,False,87.97863703157188,87.97205204805672,2021.10.06.08.16.17_veh-52_00922_01296
37b96c1d86665204,13.380161557574391,22.26005848023142,0.759282857622364,pred_stage,right,3.9000000000000004,True,7.897985382745947e-07,2.8684011514472854,2.362615428568736,False,False,False,0.0,0.0,2021.09.16.13.53.10_veh-42_00077_00153
37c8a00c76905ffe,-0.8622125721869605,7.068871893636064,2.0180035039905913,pred_stage,left,1.3,True,0.013751529212308065,0.6711468497516063,0.4774895482715282,False,False,False,0.0,0.0,2021.10.06.07.26.10_veh-52_01245_02064
388e7bfc1d1957b4,-8.278350428676998,12.680291395645009,0.8356836136284984,pred_stage,left,3.1,True,0.029110150980344494,0.4710151849981203,0.09263242281695641,True,True,True,0.05924450251021396,0.01822226567117502,2021.10.06.07.26.10_veh-52_00772_00917
38f1e14586bd51e3,9.320330505617099,15.107870898344379,1.1545061007791158,pred_stage,right,2.5,True,0.07102054811252426,4.339737537412877,2.9117577803985566,False,False,False,0.0,0.0,2021.09.16.14.39.34_veh-42_00032_00186
38f5cc0699195554,2.957838534327502,30.645502722132008,0.009864326881535887,lqr_only,left,3.9000000000000004,True,9.79413366715788e-07,2.5016061000930194,2.224130201978415,False,True,False,92.65228409438845,0.0,2021.10.06.07.26.10_veh-52_01245_02064
39168e35ed085e11,-7.332333243851631,14.971132705898391,0.12893020091190854,lqr_only,left,3.8000000000000003,True,1.323143226848094e-07,1.5752251228199048,0.22455679809309861,False,False,False,0.0,0.0,2021.10.06.08.16.17_veh-52_00181_00574
39bbb12794ca56a3,-8.594863549071594,22.31009240848662,0.1598766516182942,lqr_only,left,3.8000000000000003,True,0.0006671507895690606,0.27491215397592483,0.4797360231122228,False,False,False,0.0,0.0,2021.10.06.08.16.17_veh-52_00612_00782
3a7b323176855920,-3.9295279518871045,21.71039836806607,0.7074281598530037,pred_stage,left,3.0,True,0.008905559178609994,0.13771431381784677,0.2564114603689056,False,True,False,90.94300025070196,0.0,2021.10.06.07.26.10_veh-52_02208_02394
3aa8e5d80d5d5d9b,-7.794357562616687,10.08856684266284,0.6207208444981707,pred_stage,left,3.6,True,0.01292783132400696,0.04064053436497523,0.3758198779375741,False,True,False,91.28003032972289,0.0,2021.10.06.07.26.10_veh-52_00772_00917
3b0c5c39455b5d00,-5.04852945612088,24.746132777137987,0.7642188578432318,pred_stage,left,2.9000000000000004,True,4.705274106834526e-07,0.4680059532884998,0.14679690390194616,False,False,False,0.0,0.0,2021.10.06.08.16.17_veh-52_01590_01725
3b225aa246f35197,-7.600700044391171,15.034183473912654,0.3543959395814785,pred_stage,right,2.5,True,0.02123874508957275,0.12935512248153097,7.517482826653843,False,False,False,0.0,0.0,2021.09.16.17.40.09_veh-45_02539_02745
3b3e36e9d816563c,-12.884132299621012,12.847227832149333,0.04791723708839902,lqr_only,left,4.0,True,0.02981856097841782,0.1892024481213724,0.17821737480833993,True,False,False,0.0,100.0,2021.06.28.16.57.59_veh-26_00016_00484
3b53493dfe335ea6,4.587302079998057,27.71270538219833,0.016027187618575175,lqr_only,left,3.2,True,2.7636667403339336e-07,0.680460784615805,0.14708476336876908,True,True,True,41.7068641783556,0.007834053517585815,2021.10.06.08.16.17_veh-52_01590_01725
3b8bc6ec37105767,-3.3544121573248713,11.54280375309183,0.43878765026087774,pred_stage,left,2.9000000000000004,True,0.00013368149437217476,0.029975668775074793,0.0609553183505596,True,False,True,-96.85477858321077,-0.04799741282800474,2021.10.06.07.26.10_veh-52_01245_02064
3be6682bde7d5548,9.617911262136849,18.38826154750129,0.45264943809853014,lqr_only,right,3.1,True,7.959007031764159e-07,0.3837817557641997,0.48363300938531073,False,False,False,0.0,0.0,2021.08.30.16.16.44_veh-40_00256_00716
3c542be991515ccd,2.6003073057340145,16.141397577841712,0.03722976515994191,lqr_only,right,1.6,True,0.05626519161637976,1.8442750779174193,1.591545383092478,False,False,False,0.0,0.0,2021.09.29.19.02.14_veh-28_02911_03005
3c8a95ec33f45af6,1.5454210866422908,30.29504042515824,0.03469897209224627,lqr_only,right,4.0,True,1.1607267259672473e-06,4.14040142602038,0.3278867656571915,False,True,False,87.16847578771882,0.0,2021.10.06.08.16.17_veh-52_00612_00782
3c90de2a12a558b2,-1.728945133248784,23.079061179415547,0.2712131942689733,lqr_only,left,2.7,True,3.813398993903311e-07,0.3077724759374664,0.37399481370476034,False,False,False,0.0,0.0,2021.09.09.18.04.06_veh-40_00555_00731
3ce72ef7e80855e2,-8.26995186154965,14.988439273576837,0.22233697568363528,pred_stage,left,3.8000000000000003,True,0.017701494211319873,1.3024658375142688,0.2889412871873987,True,False,False,0.0,94.28512786541194,2021.05.25.17.54.41_veh-35_02723_02902
3cfcca572cdc5b75,-1.575625899283784,26.170742889234035,0.5296713712563913,pred_stage,left,2.2,True,7.981536972222461e-07,7.097879190199756,7.0232203621951985,False,False,False,0.0,0.0,2021.08.30.16.16.44_veh-40_01099_01351
3d20913330f152ee,-7.7614965490114045,11.386767622351792,0.23736384046326953,pred_stage,left,3.9000000000000004,True,0.003210888917744257,0.2405100776808329,0.3906124587601193,False,False,False,0.0,0.0,2021.10.06.07.26.10_veh-52_00772_00917
3d43337c0e6b5910,-8.835594227788508,12.937258855845617,0.439132028893586,pred_stage,left,3.5,True,2.5672646701741626e-07,0.5837638468201465,0.37001187942202374,True,True,True,0.10994254582060714,0.01609619558552433,2021.10.06.08.16.17_veh-52_00032_00170
3d4f0c1ecad55944,1.1785935292911383,19.87117005111164,0.03032436655107978,lqr_only,right,3.1,True,0.34404742878346994,0.9111456140336585,1.0615211417244732,False,True,False,88.08524047234397,0.0,2021.09.16.14.39.34_veh-42_01111_01448
3e1c321be4295fc7,2.703558236777905,31.002660719026863,0.5721989877952398,pred_stage,right,2.3000000000000003,True,4.368035167974289e-07,0.17491469009120145,0.17294416557319178,False,False,False,0.0,0.0,2021.09.16.15.47.30_veh-45_01199_01391
3e42abec9c495419,1.2206888997347924,42.45654701014563,0.8068775604079993,pred_stage,right,2.9000000000000004,False,10.459862368866004,10.491918421866892,10.484523953973634,False,False,False,0.0,0.0,2021.10.06.07.26.10_veh-52_00422_00728
3f1682073dd950a3,2.990262167693599,52.35513347184706,0.08739130525526109,lqr_only,right,3.8000000000000003,False,20.360694517077633,20.364069863500053,20.37570024975205,True,False,False,0.0,100.0,2021.09.16.13.53.10_veh-42_01510_01591
3f2cec87b5ad5d96,-12.068930618642963,15.085371545286337,0.49867944868689523,lqr_only,left,3.5,True,0.0202019537070435,0.3654591253446202,0.32943661500487553,False,False,False,0.0,0.0,2021.06.03.18.47.39_veh-35_00503_00777
3f31d5d096f957c9,6.4561016286692565,8.482514514998691,0.5462013556457382,pred_stage,left,3.4000000000000004,True,0.1842853444424038,inf,0.235652262241518,False,False,False,0.0,0.0,2021.10.06.07.26.10_veh-52_00953_01126
3f4013b6af2d5850,-1.17227124120281,15.87166011176983,0.1455175461757767,pred_stage,left,2.7,True,0.14273541465970385,1.5705658194067276,1.4425093346140176,True,True,False,88.83391101762456,88.87318373135521,2021.10.06.08.16.17_veh-52_01590_01725
3f5d3b68c1a156ed,1.3130221388650973,47.57702601941894,0.24474794208501716,lqr_only,right,3.5,False,15.57742970127985,15.682541934413939,15.636558016169376,False,False,False,0.0,0.0,2021.10.06.07.26.10_veh-52_00422_00728
3f80c1a045a056e4,-7.055381953234859,21.56430863962235,0.0823656165900975,lqr_only,left,3.7,True,3.28063254124772e-07,0.07649128331924686,0.15847419796401635,False,False,False,0.0,0.0,2021.10.06.08.16.17_veh-52_01949_02501
3fca9a087e505470,0.6181809711631918,19.43604717160351,0.014953934749877157,lqr_only,right,1.6,True,8.832310727103913e-07,0.15083161053296223,0.009459402722480198,False,False,False,0.0,0.0,2021.09.16.13.53.10_veh-42_00180_00342
4023c5e9f11e5056,-3.6173971541930214,44.99109244758175,0.07698675461748455,pred_stage,right,3.7,False,14.141136200493964,13.502423511889226,13.454576334480041,True,True,False,95.16957230869565,95.16986317882858,2021.09.29.18.19.40_veh-28_00844_01218
40688677dc5e5d16,-11.622539675979892,16.657388241947174,0.1258416139305812,lqr_only,left,3.9000000000000004,True,4.0403083989583794e-05,1.5056203092647253,0.7542884384992807,True,False,False,0.0,89.17319270160881,2021.10.06.08.16.17_veh-52_00032_00170
40dcc0a979075ffd,1.711709293536429,13.62788564376009,0.190911437170462,lqr_only,right,2.0,True,0.0029663220071267983,0.2684320440581813,0.3201494702089119,False,False,False,0.0,0.0,2021.09.16.13.53.10_veh-42_00180_00342
410171a43ce453c2,-0.8600017781488276,21.67684798665424,0.15250829566144378,lqr_only,left,1.5,True,0.000843426178998626,0.872678160810149,0.5383687248597386,False,False,False,0.0,0.0,2021.09.16.13.53.10_veh-42_01510_01591
41da8ea7c14754d2,-12.622768621673652,13.48839832111975,0.01383796795419876,pred_stage,left,4.0,True,0.10331097998365375,0.6158360398642257,0.6231723697866258,True,False,True,-100.0,0.0,2021.06.28.16.57.59_veh-26_00016_00484
41f86f5fb97d505c,-10.176970040908785,20.279833155815474,0.07357020870572992,lqr_only,left,3.8000000000000003,True,1.3647995492739637e-07,0.38576875893425905,1.3633625611774378,True,False,False,0.0,91.01720579004667,2021.10.06.08.16.17_veh-52_00181_00574
42052560d5925f35,1.119306056049374,15.03805097899016,0.33884918409606796,pred_stage,right,2.6,True,1.8131403336090505e-06,0.07144501178214928,3.2420352159036376,True,True,True,0.0,0.0,2021.08.30.16.16.44_veh-40_00779_01088
42559fd839fa54b2,-8.18507410628526,11.820583543753171,0.24866458860345306,pred_stage,left,3.7,True,0.04485584654993919,0.0001670980902524215,0.11864814005112213,True,True,True,0.010751711397016805,-5.5321301306587856e-05,2021.10.06.08.16.17_veh-52_00032_00170
42c7526fc6845005,-0.9295282597444539,14.407273012885112,0.3738651945450002,lqr_only,left,2.8000000000000003,True,0.006251296527096109,0.9056500632386956,1.0059902679923456,False,True,False,93.95923980643914,0.0,2021.05.25.17.54.41_veh-35_02723_02902
43162b00fe4550b8,2.7139051957257223,20.671569644375,0.659805720686452,lqr_only,left,2.7,True,0.007143815608256959,0.524633357484128,1.526541375146624,False,False,False,0.0,0.0,2021.05.25.14.16.10_veh-35_03373_03550
433a4b88d64350dd,-8.872894252775628,11.663910107160635,0.3616156060388695,pred_stage,left,3.6,True,0.01674589376771999,0.18722344852342762,0.10972697290155882,True,True,True,0.035853824703568904,0.021898412418730473,2021.10.06.07.26.10_veh-52_00772_00917
43493f9be4735732,-11.862633326509826,13.61166413498393,0.23291491302474387,pred_stage,left,3.2,True,0.03904218981209848,0.3783895168419767,0.033373444635869366,True,True,True,0.0,0.0,2021.06.28.16.29.11_veh-38_00022_00368
4376d00ed2245c21,6.184971590107306,10.931964180376788,1.1617272755602357,pred_stage,left,3.6,True,0.07543710637358744,12.01148263921,0.2951441357720551,False,False,False,0.0,0.0,2021.10.06.08.16.17_veh-52_01590_01725
4421e25bf73a553b,0.6869775572852488,18.12811438556465,0.11030295477770788,lqr_only,right,2.8000000000000003,True,1.180220785665215e-06,0.19593495846088174,0.2645216142682373,False,False,False,0.0,0.0,2021.09.16.19.12.04_veh-42_01221_01380
442b2cf63c6f570a,-12.228263491943649,15.335133759536294,0.3449693508423366,lqr_only,left,3.7,True,2.999784539900482e-07,1.3625896730712008,0.7373211586503757,True,False,False,0.0,89.43959048164126,2021.10.06.08.16.17_veh-52_00181_00574
449ed0c45858583f,1.3674992543708058,25.886449426900164,0.00844478113165249,lqr_only,right,3.7,True,8.966612421079798e-07,1.2023024580893158,1.4753166592994928,False,False,False,0.0,0.0,2021.09.09.14.18.22_veh-48_00322_00895
44c38912946e580e,-6.2319644468353035,22.1139626832075,0.607638051781747,pred_stage,left,3.4000000000000004,True,0.0010859800511482194,1.6406741951960906,1.4476019023914444,False,False,False,0.0,0.0,2021.10.06.07.26.10_veh-52_01245_02064
45224683225b5617,-0.017417780482716694,21.92978346610891,0.1792070762724509,pred_stage,right,3.6,True,1.7700768756625367e-07,0.957065395946713,0.9130717438455077,False,False,True,-82.86773910494928,-82.86773910494928,2021.09.09.18.04.06_veh-40_00743_01071
45878940b52550ea,12.962862362211354,13.715295020738946,0.20849778477457143,lqr_only,right,3.9000000000000004,True,0.002434794527523287,0.10417121788171317,0.23429071956241743,False,False,False,0.0,0.0,2021.05.25.14.16.10_veh-35_01100_01664
458ab847ffa957e8,0.404586467106717,19.300082706080634,0.2336189761891746,pred_stage,right,1.8,True,0.02101751873435164,0.0411363649265167,0.4065392803512865,False,False,False,0.0,0.0,2021.09.16.13.53.10_veh-42_00180_00342
45f13336bbd35146,-8.090101015411282,36.32766182492142,0.39343510307477003,pred_stage,left,3.5,False,4.583075675786374,4.431240902388381,4.402037829921894,False,False,False,0.0,0.0,2021.08.16.14.23.37_veh-45_00015_00132
46deeff0d0495df6,0.19271677418114752,16.274613330268366,0.08269686338503485,lqr_only,right,2.7,True,6.452011767486924e-07,0.1467552559401378,4.120246283199927,True,True,True,0.0,0.0,2021.08.30.16.16.44_veh-40_00779_01088
471869e791085ef6,1.1235373888223412,27.046425794559813,0.022906571774332737,lqr_only,right,2.3000000000000003,True,3.0860770839521314e-07,0.15168470024844816,0.3033702809775746,False,False,False,0.0,0.0,2021.09.16.19.12.04_veh-42_00289_00398
47af60921ec65144,2.107323891937349,17.418469357699003,0.5848272256966106,lqr_only,left,2.6,True,0.004803967716696534,0.006232081907263878,1.1723018598708068,False,False,False,0.0,0.0,2021.06.03.17.06.58_veh-35_03860_03992
47c92818d9005eea,13.027062240921738,9.555616976377655,0.26171247698074723,lqr_only,right,3.9000000000000004,True,0.0035450957827895245,0.8454729160400434,1.2874783876402285,False,True,False,100.0,0.0,2021.06.28.13.53.26_veh-26_00492_00696
4909b88b347c5764,-5.439343054644613,38.0772370026209,0.43115737190295894,pred_stage,left,3.9000000000000004,False,6.454447049125496,7.055070052882901,6.739049271697857,False,False,False,0.0,0.0,2021.09.16.19.27.01_veh-45_01749_03230
492a64b807da5cfb,-1.4476850222771596,18.885490723142127,0.3692012070101794,pred_stage,left,3.1,True,2.543560860275095e-07,0.5445484374354793,0.3454980862932027,True,False,False,0.0,94.5575712403067,2021.09.29.19.02.14_veh-28_00540_00917
49ee466685265a80,-0.2665389305221426,14.19730949927904,1.9094280392639402,pred_stage,left,1.2000000000000002,True,1.6847690384457867e-07,0.5817637856181821,4.058877185554573,False,False,False,0.0,0.0,2021.09.29.14.44.26_veh-28_01331_01485
49f205ebb9d559c2,-1.0220474589661648,11.321133563343952,1.8198215690650512,pred_stage,left,2.3000000000000003,True,0.028255910088671888,4.101292048986934,27.51130700694802,False,False,False,0.0,0.0,2021.10.06.07.26.10_veh-52_01245_02064
4a46ef99ddf55b8d,12.516200696815488,10.012732063069636,0.4550121965888308,lqr_only,right,3.8000000000000003,True,0.0008938352106913058,0.6438633875770283,0.44008368155873845,False,False,False,0.0,0.0,2021.06.28.16.29.11_veh-38_03263_03766
4a62cc0027965e10,1.1256361116099232,22.98197559223593,2.9301097805367693,pred_stage,right,1.8,True,2.7373857372173367e-07,0.5338081378692694,0.4301760162600059,False,False,False,0.0,0.0,2021.09.16.19.12.04_veh-42_00289_00398
4a919f7ea2f65200,0.3874847419521821,10.059403082049071,0.48333134061182464,pred_stage,right,1.6,True,8.20557678080494e-07,0.5448346039264974,0.11112736266222907,True,False,False,0.0,100.0,2021.05.25.14.16.10_veh-35_01100_01664
4b5846fcc3725b95,0.8844714110202787,33.59511154351289,0.40642063308030385,pred_stage,right,3.2,False,1.6307241522949851,1.7605896358292632,1.715305369705271,False,False,False,0.0,0.0,2021.09.16.13.53.10_veh-42_00180_00342
4c3547b853675e66,-1.3455477047697189,11.715069777485187,0.9401215856815626,pred_stage,left,1.2000000000000002,True,7.164791212684075e-07,0.7560936781307296,0.5854872429459257,True,True,True,-0.0010144500901976272,0.006542821057164971,2021.09.09.14.18.22_veh-48_01298_01492
4cc916aa782854a6,-5.093503341918258,10.862721640046457,0.16734672683370747,pred_stage,left,3.9000000000000004,True,0.035430746967323096,0.22905586118648388,0.12195038195348848,False,True,False,92.38571994262273,0.0,2021.10.06.08.16.17_veh-52_01949_02501
4ceb0bc19e0f57d5,0.619597439045334,14.82309146915823,0.9313240562092643,pred_stage,right,1.1,True,8.474805018963231e-07,0.1325065470985939,0.24137965375268697,False,False,False,0.0,0.0,2021.09.16.14.39.34_veh-42_00297_00935
4cee76c8118b5609,1.9823623120415275,10.922397251346627,0.011248549607324604,lqr_only,left,2.2,True,8.20220655558733e-07,4.535731319804061,6.8302891048013565,True,True,False,84.30141083556589,84.3117867546122,2021.10.06.07.26.10_veh-52_01245_02064
4d31d76919495557,-1.1236612451696333,10.237738263501315,1.230733207061531,pred_stage,left,2.6,True,3.3247167936153125e-07,6.939683470851477,2.1780601299919793,False,False,False,0.0,0.0,2021.09.09.18.29.25_veh-39_00569_00903
4d5a01dea92b5867,2.205039211311485,14.997765177377683,0.4798283005624615,lqr_only,left,2.2,True,0.025227821326706416,0.21149820890741894,0.7786476265546389,False,False,False,0.0,0.0,2021.06.03.17.06.58_veh-35_03860_03992
4dd9d92ade255f95,1.1961618021176648,12.977649301702375,0.6812025316969138,pred_stage,right,1.2000000000000002,True,2.116243913389305e-07,0.7006501673435661,0.8644382161708676,False,False,False,0.0,0.0,2021.09.09.18.04.06_veh-40_00743_01071
4e0667aa6ead5e7d,-11.904985713260597,13.90242468716942,0.07074611800114555,pred_stage,left,4.0,True,0.008405887697060166,0.01138252664156781,0.3168318606312431,True,True,True,0.06986887807315378,0.018723214290194967,2021.05.25.14.16.10_veh-35_04097_04328
4e5e09ac14395d70,1.0450917020032326,27.1648106259139,0.22928230996037577,lqr_only,right,2.2,True,7.834971571339768e-08,0.33349906210349584,0.12112971073692087,False,False,False,0.0,0.0,2021.06.28.15.02.02_veh-38_02398_02848
4eab329460d853f6,1.0909427493277413,19.607693351769573,0.10966498634099524,lqr_only,right,1.7000000000000002,True,3.381210475269837e-07,0.6876894054352544,0.589893624268026,False,False,False,0.0,0.0,2021.09.29.18.19.40_veh-28_01268_01685
4ed57aa187415e7f,11.125684359358932,11.705451774653968,0.283623920364481,pred_stage,right,3.9000000000000004,True,1.0267737129995247e-07,8.865822472498513,3.259936285978011,False,False,False,0.0,0.0,2021.08.30.13.45.25_veh-40_00878_01104
4f08dd3299925309,1.0374272835263003,22.70582670629986,0.5733312364746226,pred_stage,left,2.6,True,1.0428214068563316e-07,0.9030211731067637,2.6333891637341975,True,False,False,0.0,95.19651284463968,2021.10.06.07.26.10_veh-52_01245_02064
4f47f41d84c450e8,0.5801458992049877,21.377186978673087,0.47469747389006534,pred_stage,right,2.9000000000000004,True,0.04126927150890095,2.4295929836827663,2.6475126467583627,False,False,False,0.0,0.0,2021.06.28.13.53.26_veh-26_00492_00696
4f61c0897822586c,-0.8404350151894406,17.442032501119506,0.11262845399454495,pred_stage,left,3.2,True,0.09740082212274277,1.5813778628088386,2.2179611076033883,False,True,False,100.0,0.0,2021.10.06.08.16.17_veh-52_01430_01579
4fbfc7dc71db50e2,-5.596796774409838,32.796818962037484,0.6931905898961624,pred_stage,left,3.5,False,0.819106946864989,1.7418245604684988,1.9199393057753884,False,False,False,0.0,0.0,2021.10.06.07.26.10_veh-52_00006_00398
50ffc42cec865b2e,-8.51414991597286,18.835428431332183,0.23957749651891042,lqr_only,left,3.4000000000000004,True,5.104100993219972e-07,0.1663413223984308,0.6166653984192486,False,False,False,0.0,0.0,2021.10.06.07.26.10_veh-52_01245_02064
515b2946ba2457b5,1.8960505368227762,8.711063825635991,0.9059733246970828,pred_stage,left,1.7000000000000002,True,0.07417674006525878,0.37480885013890725,0.23376706044828513,False,False,False,0.0,0.0,2021.10.06.08.16.17_veh-52_01590_01725
51a384b48ace570a,-3.022048304144107,44.13885481556999,0.12007493596600592,pred_stage,right,3.5,False,13.259444366346326,12.591919526323876,12.560777250793642,False,True,True,-0.0003250471041327252,-95.42357740916181,2021.09.29.18.19.40_veh-28_00438_00833
51bf8103b6cd5b4c,1.7908284254478741,25.288256692757358,0.5438596839512239,lqr_only,left,3.4000000000000004,True,0.0015173806551600955,0.22088582768826712,1.8526634601197574,False,False,False,0.0,0.0,2021.06.28.13.53.26_veh-26_00492_00696
522894525b4e5168,-1.1198902605355476,12.940763292203354,0.55317068236746,pred_stage,left,1.3,True,4.407690299705892e-07,0.022418563136554787,0.08076106122186055,False,False,False,0.0,0.0,2021.08.30.13.45.25_veh-40_01116_01336
52b2e626eca85976,1.384854885575134,27.59100097129516,0.1365545118199728,pred_stage,left,3.0,True,0.010761589879668703,0.36617832622422347,1.4877632673908945,True,True,True,-0.09058891524709178,-0.10872293209904793,2021.10.06.07.26.10_veh-52_01245_02064
536a4f2c870d5e58,0.825068274020488,18.718101592012196,0.025191076908862645,lqr_only,left,3.5,True,0.6947806732028242,7.0453805659138,6.591369170202067,False,False,False,0.0,0.0,2021.10.06.07.26.10_veh-52_00006_00398
5379d354b9b95048,1.0533439734786771,11.79285793757397,0.07027912849513482,lqr_only,right,0.9,True,8.503929945541083e-07,0.6477691409517715,0.7866680908300545,False,False,False,0.0,0.0,2021.09.29.18.19.40_veh-28_01268_01685
53a7531622255064,-0.9165004798069933,12.641340758587623,0.006353645250016067,lqr_only,right,3.2,True,0.0034893124817802134,4.053346279631662,3.4312321927866187,False,False,False,0.0,0.0,2021.10.06.07.26.10_veh-52_02208_02394
53d3787367c75240,-5.536643153199929,14.328056277297984,0.02392607608252124,lqr_only,left,3.9000000000000004,True,0.04490460012911048,0.08894741387725943,0.0036854465755913235,True,True,True,0.0,0.0,2021.06.28.16.29.11_veh-38_00022_00368
544d2652bcc551db,-10.011638589102956,13.019430031747174,0.840793917846631,pred_stage,left,3.2,True,0.0069356757706809605,0.1929149348969188,0.08900180619477609,False,False,False,0.0,0.0,2021.06.03.13.55.17_veh-35_02419_02561
546c6d1bfc455f77,0.4030960866572464,17.440715922981042,0.03577123877800548,lqr_only,right,2.0,True,5.322691943784406e-07,0.36839321291564947,0.1334550242201311,False,False,False,0.0,0.0,2021.06.28.20.24.43_veh-38_03385_04952
54ab49005da25b3e,-1.3733926874302598,11.929918419414243,0.9885631760389909,pred_stage,left,2.9000000000000004,True,0.024047973916548688,0.7254224682415923,0.7477798449282022,False,False,False,0.0,0.0,2021.10.06.07.26.10_veh-52_00772_00917
5568ad08c60d510f,0.1083644462983413,20.649118850648417,0.13703025001379798,pred_stage,right,2.4000000000000004,True,0.01904543063414564,0.4661120591274531,0.22491742599970416,False,False,True,-87.65422252387607,-87.65422252387607,2021.09.16.13.53.10_veh-42_00180_00342
55790fb5a5e853d0,1.1674236070143864,25.758974147445002,0.04406516837419635,lqr_only,right,2.0,True,0.0004087503568989553,0.06878017607455876,0.044752397923008204,False,False,False,0.0,0.0,2021.09.16.13.53.10_veh-42_00180_00342
559c4c23eb5d565a,4.961386928787502,22.29202730570437,0.020279333567572076,lqr_only,left,3.8000000000000003,True,0.00011799754821523944,0.4407020599267373,0.9139049236562565,False,False,False,0.0,0.0,2021.06.03.17.06.58_veh-35_03860_03992
56587c89d25856b7,0.15811314346206817,28.183907683799838,0.011003618972689653,pred_stage,right,3.3000000000000003,True,1.0089481740076538e-06,0.35556868699301236,0.0707426211577,True,True,False,96.13132989569827,96.12796028023757,2021.09.16.13.53.10_veh-42_00077_00153
566bd5e6d09153e0,2.600968621686171,38.437837097314706,0.6786832223652445,pred_stage,right,2.7,False,6.43938692409978,6.442528366321307,6.452030729808133,False,False,False,0.0,0.0,2021.09.16.13.53.10_veh-42_01510_01591
56706b5fe8b4575f,-4.968432475383704,11.751998309250038,0.8392220999753843,pred_stage,left,3.1,True,0.004096120731824758,0.8555187206518337,1.4553732841862885,False,True,False,85.93604992412048,0.0,2021.10.06.07.26.10_veh-52_00772_00917
5691c7c24fdd5e16,1.8413211343147076,42.62618782468185,0.43897040861482717,pred_stage,right,3.2,False,10.630937760736826,10.63233912072496,10.657602393627961,False,True,False,100.0,0.0,2021.09.16.13.53.10_veh-42_01510_01591
581a74871330567f,-16.488184974174953,21.5501872701892,0.20169669755922384,lqr_only,left,3.8000000000000003,True,1.655430893462124e-07,0.05528465059417979,0.6813353442804465,True,True,True,0.0,0.0,2021.09.09.14.18.22_veh-48_00322_00895
584a741051cd523f,-10.65622249461189,13.688086929469483,0.23613634343707846,lqr_only,left,3.8000000000000003,True,0.0009718592717537105,0.4361590618854891,0.6058640530780707,True,False,True,-87.86992183442977,0.0032040077958317426,2021.10.06.07.26.10_veh-52_00772_00917
59928d37e9245bf3,2.74652290631634,37.99972905502173,0.08250245978893676,lqr_only,right,2.9000000000000004,False,6.006095875197579,6.037389686703149,6.049207811012277,True,True,True,0.0,0.0,2021.09.16.15.47.30_veh-45_01199_01391
59bf40c427da5eb1,-3.4555884084901214,22.975578394408704,1.0788891515930392,pred_stage,right,3.8000000000000003,True,0.014304623102918222,4.16965043963459,4.587850814105873,False,False,False,0.0,0.0,2021.10.06.07.26.10_veh-52_01245_02064
59db265fc4cf5a41,0.8230509140213953,27.060215598422687,0.07146725783779398,lqr_only,right,2.1,True,0.0002696263146414149,0.02006529160953172,0.14631101215059356,False,False,False,0.0,0.0,2021.09.16.13.53.10_veh-42_00180_00342
5a13ac37ca725a30,-0.9587293036063649,23.595271068239953,0.09223313391070441,lqr_only,left,3.1,True,7.80892464884325e-07,0.31856745745752213,0.15987721482630887,False,False,False,0.0,0.0,2021.09.29.19.02.14_veh-28_00964_01689
5a2e2da8e6b75138,0.48836388329420277,10.964009028381671,0.21459188133153628,lqr_only,right,1.4000000000000001,True,0.014669324076511956,0.40184377492370604,0.25607814765691256,False,False,False,0.0,0.0,2021.06.03.13.55.17_veh-35_02866_03582
5a3a4277dc785511,-13.01750949431693,15.006509023438065,0.08551496895428969,lqr_only,left,4.0,True,6.240664786485196e-07,0.3424901286508156,0.271673843407016,True,False,False,0.0,87.72480029673537,2021.10.06.08.16.17_veh-52_00181_00574
5a73f6b4c9855899,-1.2347374654358974,10.090095995118691,0.11853741165494842,lqr_only,left,3.1,True,4.005289942746846e-07,0.43905682655083045,1.8034106591950265,True,True,True,2.043118998620619,2.104373333167886,2021.09.09.14.18.22_veh-48_00322_00895
5b1954a42c2455e7,2.014419002803807,31.6903841258473,0.19578422660977257,pred_stage,left,3.8000000000000003,True,0.012742549700102582,1.1333870451850336,1.9046522459939248,True,True,False,100.0,100.0,2021.10.06.08.16.17_veh-52_01949_02501
5b707d3c85dd5ff0,-9.137347608141386,13.399967415405623,0.5065536954252609,pred_stage,left,3.5,True,0.0013994568486656667,0.8839877352986714,0.7148924640096153,False,False,False,0.0,0.0,2021.10.06.08.16.17_veh-52_00032_00170
5b7d7e1a42c95cd7,5.203021571463106,19.2692424606037,1.1547930021680926,pred_stage,left,3.6,True,1.0744973981950371e-07,0.6350005030234093,28.351434034876185,False,False,False,0.0,0.0,2021.10.06.08.16.17_veh-52_00922_01296
5c084920ee285003,-7.781679997922497,23.36925458880633,0.1308544712815422,lqr_only,right,4.0,True,0.18845609939755475,0.9538222350498244,1.256480774668,False,False,False,0.0,0.0,2021.09.16.14.39.34_veh-42_00297_00935
5c5d006eb7b854c3,-8.32271056757212,13.491623928811162,0.9562183909436212,pred_stage,left,3.1,True,4.956460516554953e-07,0.762921154372519,0.5105776924910109,True,True,False,91.24857806009426,91.1612386685035,2021.10.06.07.26.10_veh-52_00772_00917
5d12ad55fdd858e1,0.2844365771099824,41.70737360033945,0.7214879434678731,pred_stage,right,3.6,False,9.81051703557284,10.52029572660916,10.176421650460123,False,False,False,0.0,0.0,2021.09.29.19.02.14_veh-28_02451_02708
5d3573d6da7952d3,0.66085076627901,26.05538684405625,0.047866683100458246,lqr_only,right,2.1,True,7.707006741246313e-07,0.04862574345602911,0.16751937219851998,False,False,False,0.0,0.0,2021.09.16.19.27.01_veh-45_01749_03230
5d78f0d383a95860,9.39632577654912,21.99535330622878,0.5916817314148072,pred_stage,left,3.7,True,0.0013099770817149637,2.579919822947608,1.7157438908367975,False,False,False,0.0,0.0,2021.09.16.19.12.04_veh-42_01438_01677
5d87c059eba15807,0.45314491930883605,19.42103821223953,0.36703064274186575,pred_stage,right,1.9000000000000001,True,0.1234207226940543,0.0973708713654605,0.1862123390960878,True,False,False,0.0,96.70031989607565,2021.08.16.14.23.37_veh-45_00015_00132
5d9e2570d7565e91,10.067265296349326,23.455429665546667,0.1225101553713514,pred_stage,left,4.0,True,0.010912145636822117,3.733250133036363,2.445936210511996,True,False,False,0.0,85.65980294964967,2021.09.16.19.12.04_veh-42_01438_01677
5dae1d43c2e55113,-0.4193959978827597,9.062345245909459,0.03270617490825441,lqr_only,left,1.2000000000000002,True,1.845873024543108e-07,0.16618063610858816,0.8869189535435962,False,False,False,0.0,0.0,2021.05.25.14.16.10_veh-35_01690_02183
5db9d1088a615a4b,6.964339443536476,13.565538371995816,0.06921735042263955,lqr_only,right,4.0,True,7.852640862553014e-07,2.376870241855952,0.6309611338669232,False,True,False,100.0,0.0,2021.10.06.07.26.10_veh-52_00772_00917
5dc491914c6a595f,-0.2963783403280402,22.91831831252342,0.3489980619589345,pred_stage,left,2.2,True,0.006407459177523538,3.460437905963239,1.4113255016197974,False,False,False,0.0,0.0,2021.06.28.20.24.43_veh-38_03385_04952
5e092c66c1bf5f3b,0.7195320626852872,16.630108792159298,0.14938868304631256,pred_stage,right,1.4000000000000001,True,0.0025885768856437935,0.2891537681261224,0.5048746736169373,False,False,False,0.0,0.0,2021.09.16.13.53.10_veh-42_00180_00342
5ebe40763ac05b5c,-8.96434933476097,12.244065055608305,0.8005426443132887,pred_stage,left,3.3000000000000003,True,0.02256094562035744,0.23203443331822857,0.6330862503195219,False,False,False,0.0,0.0,2021.10.06.08.16.17_veh-52_00032_00170
5f0ef7cc5f0a5b02,-12.3426682567018,13.442079235474841,0.08633093870555326,lqr_only,left,3.8000000000000003,True,0.037037814632239964,0.10515273865210352,0.15854946429100145,True,False,False,0.0,100.0,2021.06.03.13.55.17_veh-35_02419_02561
5f402207dd7d5977,2.173741487495604,8.882381421674893,0.06681171770685912,pred_stage,right,2.8000000000000003,True,0.1937719434241393,0.4041043789682226,0.3875588608903302,True,False,True,-85.39361996678136,0.011407759834225484,2021.09.16.15.12.03_veh-42_01037_01434
5f859ab2a2205477,-3.14794931222852,15.284845582951485,0.48792454792339274,pred_stage,right,2.3000000000000003,True,2.422628117455135e-07,1.8680022077201235,0.3346008045578205,False,False,False,0.0,0.0,2021.10.06.08.16.17_veh-52_00612_00782
60021a9f6c585c16,16.937576570307783,16.97322320434195,0.20819611319406048,pred_stage,right,3.7,True,0.004206674674270733,1.8031177192013124,1.7639331803360505,False,False,False,0.0,0.0,2021.09.16.13.53.10_veh-42_00077_00153
602e1bc4f8575d4e,-7.588110566307677,19.067900006022672,2.583832078944697,pred_stage,left,2.7,True,4.050054623881174e-07,2.1051535620660093,1.1661283068610073,False,False,False,0.0,0.0,2021.09.29.14.44.26_veh-28_01331_01485
604bdac2bba05309,1.264948267275793,13.268195754902386,0.27599560339038937,pred_stage,right,3.2,True,1.1555102508703004e-06,0.5981391065338311,0.8657664561655878,False,False,False,0.0,0.0,2021.08.30.13.45.25_veh-40_01116_01336
6074e965781b510e,-1.1675305518649308,15.259042281363465,0.7347389797163725,pred_stage,left,1.3,True,2.500183982800798e-05,0.056824142589905154,0.04707663183451051,False,False,False,0.0,0.0,2021.10.06.08.16.17_veh-52_00612_00782
607fd9c5903d5376,13.227016996845313,10.651154208851269,0.792976455334049,lqr_only,right,3.3000000000000003,True,3.759857999100487e-07,0.025753683505431595,0.04056041517520022,False,False,False,0.0,0.0,2021.09.09.14.18.22_veh-48_00322_00895
60e98c18f487568c,-4.993050527732867,14.688455019421948,0.7416265524666259,pred_stage,right,3.3000000000000003,True,0.12390541545449467,5.4671128189311,3.6774354231057655,False,False,False,0.0,0.0,2021.10.06.07.26.10_veh-52_01245_02064
611576c7588c543b,-0.9624637081813123,11.368213754340598,0.37578198344629243,pred_stage,left,1.3,True,1.1067164880496857e-07,0.10526326568652017,0.12018080526039754,False,True,False,99.12000942550912,0.0,2021.09.29.19.02.14_veh-28_00540_00917
6162470f2d0c5e13,6.63468589640657,27.111865994098398,0.031111219656159036,pred_stage,right,3.9000000000000004,True,0.0034677390234344766,0.3704056371082248,0.32215018304310417,False,True,True,-0.020812778666490228,-89.47986075962086,2021.09.29.15.23.04_veh-28_00601_00802
61b15ca533845a97,9.07085877323065,21.212064950003697,0.36221740656028667,pred_stage,right,3.3000000000000003,True,7.293456412858278e-07,0.7198736591490225,0.16147299240152507,False,False,False,0.0,0.0,2021.09.16.19.49.00_veh-42_00990_01609
61c31afab34d5e94,-1.4685721497606767,36.9416193258481,0.16180529790033352,pred_stage,right,3.4000000000000004,False,4.97242335821909,5.058783096211132,5.050844181462635,True,False,False,0.0,96.17129189982153,2021.09.16.13.53.10_veh-42_00180_00342
6239cdb801bc51c2,1.1649942256264416,8.992310224276991,0.36638453647123387,pred_stage,right,1.0,True,6.904438385737356e-07,3.524841171100591,2.799702283513897,False,False,False,0.0,0.0,2021.08.30.16.16.44_veh-40_01099_01351
62462203db6b5ba5,-7.451409167926674,10.60697732121399,1.6385600556737443,pred_stage,left,2.9000000000000004,True,0.007885699503063665,0.276698313278481,0.16630259653995694,False,False,False,0.0,0.0,2021.10.06.07.26.10_veh-52_00772_00917
624b5f7f1f4a503e,7.1209268816270725,25.496236405191972,0.48104212226075777,lqr_only,left,3.8000000000000003,True,0.0004406824668847304,3.486227149540889,2.338437079076299,False,False,False,0.0,0.0,2021.09.16.19.49.00_veh-42_00990_01609
6361bbead79c5ac2,-9.571353724824968,22.188385240069856,0.008378285267152494,lqr_only,left,4.0,True,5.495005717870439e-07,0.63071426084866,0.24545312704844216,True,True,False,89.8397694491621,89.8373244420795,2021.10.06.08.16.17_veh-52_00612_00782
637b5b88f5a2566c,2.377591180040808,35.13807840265842,0.3042387993179599,pred_stage,left,3.7,False,3.268640512373669,3.6272705912047924,3.991715055455958,True,True,False,89.15648019886932,89.13286977457996,2021.10.06.07.26.10_veh-52_01245_02064
63d6fbc938bc58cb,0.9979106764279617,22.35898737790897,0.11443354605305281,pred_stage,right,3.6,True,5.661842628586428e-08,0.16081781534790685,0.5230176648860725,False,False,False,0.0,0.0,2021.08.30.16.16.44_veh-40_00779_01088
63ec67c4a58a5e5b,-5.656926050245342,22.402363438511262,2.230840825448259,pred_stage,right,3.5,True,1.3146893450525474,2.4922319313123196,10.060536620857148,False,False,False,0.0,0.0,2021.09.16.17.40.09_veh-45_02539_02745
63fd66d1098f5c53,4.263171168684489,9.953377583056875,0.9700100215917515,pred_stage,left,2.5,True,0.12989428889157364,8.03128862238148,0.45412870815122164,False,False,False,0.0,0.0,2021.10.06.08.16.17_veh-52_00922_01296
643b177aa4235fe7,-0.9493465452423662,16.146434367333526,0.11269990162439669,pred_stage,left,1.4000000000000001,True,2.6522500397539765e-07,0.8123021880001468,1.225178082311135,False,False,False,0.0,0.0,2021.08.30.16.16.44_veh-40_01099_01351
648b875dc34259c2,1.1411153384202495,25.34524697877306,0.3586082435591663,pred_stage,right,1.7000000000000002,True,3.9915755755992545e-08,3.859846062595205,7.907690341211576,False,False,False,0.0,0.0,2021.06.28.18.03.27_veh-14_00620_01581
64a52073ea395752,-5.216281657057286,25.248894744550597,0.16804367760571287,lqr_only,left,3.8000000000000003,True,7.043179069923365e-07,0.20228832495651222,0.4652265458440467,False,False,False,0.0,0.0,2021.10.06.07.26.10_veh-52_02208_02394
64a7186ab49b5cdc,-1.1190310638718373,26.31374888931702,1.3102819960095018,pred_stage,left,2.6,True,0.13993126767873115,0.7759299782994342,1.7051944523032487,False,False,False,0.0,0.0,2021.10.06.08.16.17_veh-52_01430_01579
650ed02359615f58,-5.431738194803485,20.260419979663798,0.0016677675762737727,pred_stage,left,3.5,True,0.027372914791817745,1.2809525783026876,0.08133043773795218,True,True,True,0.006100911154172106,0.0045806128930236945,2021.10.06.08.16.17_veh-52_00922_01296
65a5be18fdb7508d,-2.1701682333192354,9.666645649562394,0.7761167235389695,pred_stage,left,2.2,True,0.0016386725053627478,0.20425827690011394,0.40936422761794655,True,True,True,-0.01924268699649012,-0.053671181458936346,2021.10.06.07.26.10_veh-52_01245_02064
65bed9b54a335206,-9.921584439396486,11.24498787174918,0.45113188510996677,lqr_only,left,3.6,True,0.0038925026361996806,0.013885934011513388,0.6766576656274704,False,False,False,0.0,0.0,2021.10.06.08.16.17_veh-52_00181_00574
662ddec48b93598e,-11.671285271147767,18.949425677088687,0.3958910262355131,pred_stage,left,3.2,True,0.03317766363436061,0.4276560132359647,3.9170654959544398,True,True,False,96.73827482675756,93.76201271557463,2021.09.09.14.18.22_veh-48_00322_00895
6648a1c53b8c5994,0.8204711688133841,35.26658779259549,0.12184243554502966,pred_stage,right,3.7,False,3.2694766436440568,3.5384449562127114,3.4640242586750696,True,True,True,0.006733759855137578,0.01856726038902412,2021.09.29.14.44.26_veh-28_00337_00504
667ea4f79faf5baa,0.12059164534161004,15.105220926860177,0.7511178900304173,pred_stage,left,3.3000000000000003,True,0.06045084959130521,0.23173121305626343,0.3704929179524914,False,False,False,0.0,0.0,2021.10.06.08.16.17_veh-52_01949_02501
669972d5c4c55872,7.36162427756782,12.70262938112658,0.01836796986487021,pred_stage,left,4.0,True,0.04803966309832975,0.6923464058283589,1.11062056740264,True,False,False,0.0,78.2710457636839,2021.10.06.08.16.17_veh-52_00922_01296
66a0abcb3eac57df,-1.0749518452120128,27.59439653097816,0.048351052541992,pred_stage,left,3.9000000000000004,True,0.015131410585955445,0.11056945447527487,0.9642970226576967,True,True,True,-0.00026521740451590503,0.006580588162186096,2021.10.06.08.16.17_veh-52_01949_02501
66ba432a760c586c,12.731913142980105,17.991489670486263,1.5034724593043924,pred_stage,right,3.6,True,6.217019212159546e-07,3.300917436004403,2.692900570139604,False,False,False,0.0,0.0,2021.09.16.14.39.34_veh-42_00032_00186
6762c1ac11a15adf,1.517881730993599,31.665107170757935,0.8214441122853663,pred_stage,right,3.0,True,0.20438329385482804,0.6365726056430989,1.4516810660845934,False,False,False,0.0,0.0,2021.09.29.19.02.14_veh-28_02911_03005
67b05cf704325e6b,1.0360712796150677,13.517013312374825,0.45003511627857024,pred_stage,right,1.0,True,7.515855047697206e-07,0.9577211730338309,0.8660579296012219,False,False,False,0.0,0.0,2021.09.29.19.02.14_veh-28_02451_02708
67debdeae60b5fa4,-4.850864079418976,24.075344909537954,0.36953558753204535,pred_stage,left,3.2,True,1.625367352262535e-07,0.6940134718864713,0.14555649218572522,True,True,True,-0.000133832212323437,0.01160569195782779,2021.10.06.07.26.10_veh-52_00953_01126
6801df96fcdd5bd9,-7.818669215655211,9.445952879338046,0.522728197916468,pred_stage,left,3.7,True,0.018358307040536887,0.5793755918544962,0.06546638785670168,False,True,False,90.97120220868949,0.0,2021.10.06.08.16.17_veh-52_00922_01296
681dc1d77f125936,11.525066684311902,15.646495392036524,0.061214277641457114,lqr_only,right,3.9000000000000004,True,0.04803457835066903,1.3300535110072804,2.8712651110405396,False,True,False,91.06305839164607,0.0,2021.10.06.08.16.17_veh-52_00922_01296
68505dcbf4fb5f32,0.3352311365000613,21.133626795139765,0.01327983600291132,lqr_only,right,2.1,True,9.87720817632616e-07,0.1977046927565624,0.18397694829281333,False,False,False,0.0,0.0,2021.09.16.14.39.34_veh-42_00032_00186
687fa6fce3ab5f91,-3.0942951173564563,11.669802376394411,0.2500984535047518,pred_stage,left,3.6,True,0.015222435345802334,0.2804620001036354,0.40428949671370046,True,True,True,0.0864463362674428,0.03130952218370897,2021.10.06.07.26.10_veh-52_00772_00917
689abfdd66235378,0.5207705639918006,35.439624095947686,0.05044072173496706,lqr_only,right,3.2,False,3.4533414909366833,3.475424776982872,3.4536344957778162,False,False,False,0.0,0.0,2021.09.16.13.53.10_veh-42_00180_00342
68b64b027ed2512a,-0.9983140478010704,18.608905776174467,0.19103914253900625,pred_stage,left,2.1,True,1.7975931730974108e-07,0.10450358138424058,0.024369919426543662,False,True,False,84.44674343279527,0.0,2021.10.06.08.16.17_veh-52_01949_02501
695cc61845975896,0.7754844950257684,42.969346640689054,0.4738600333232902,pred_stage,right,3.2,False,10.973144842313326,10.975839575168267,10.98159487656811,True,False,False,0.0,100.0,2021.09.16.13.53.10_veh-42_01510_01591
697882c22eb65ca7,0.794928720460794,22.68920465572054,1.1830155401693885,pred_stage,left,2.8000000000000003,True,0.09723081281836679,0.9404012610606053,1.0499823631473197,False,False,False,0.0,0.0,2021.05.25.14.16.10_veh-35_03373_03550
697c73f258ef5745,-1.6871968667830313,31.09696288377888,3.1520653421777625,pred_stage,right,3.4000000000000004,True,5.979447764939876e-07,12.828446815339264,13.290399731881749,False,False,False,0.0,0.0,2021.09.29.18.19.40_veh-28_00438_00833
6a9d9f877efb51e3,-6.542926341458914,14.673318063397721,0.15771124250198526,lqr_only,left,2.9000000000000004,True,0.08586864173064641,8.930622479403631,1.4276954944048021,True,True,True,-0.024944076444732843,-0.09722837467829315,2021.10.06.07.26.10_veh-52_00772_00917
6af6e8242e045406,0.9731717916534919,30.868545997411097,1.0784109578713352,pred_stage,right,3.0,True,0.01566809840061162,0.060327473435860826,0.1835231810354589,False,False,False,0.0,0.0,2021.08.16.14.23.37_veh-45_00015_00132
6b52f2b62f215cb4,1.4950175563106374,42.49165624286735,0.11866273253670347,pred_stage,left,3.5,False,10.589596597751996,10.656482439877092,10.647586041848598,False,False,False,0.0,0.0,2021.09.16.13.53.10_veh-42_01510_01591
6b580c6ff00b511f,-11.739347841022848,18.69129721641613,0.4005152223682262,pred_stage,left,3.6,True,1.4432449388906283e-07,1.4497619140887885,1.0620699736481158,False,False,False,0.0,0.0,2021.10.06.07.26.10_veh-52_00006_00398
6b8b72c830b85a62,17.89507165376759,17.014823383548325,0.022207828333308942,pred_stage,right,4.0,True,0.003304529870854156,1.3402660699648345,1.3585489434583953,True,False,False,0.0,100.0,2021.09.16.19.27.01_veh-45_00472_00711
6b8daf3b57175e70,1.1582727761891416,13.548343253255522,0.11793720793223217,pred_stage,right,1.6,True,6.895976599069318e-07,2.10218205461858,2.5607745092798515,False,False,False,0.0,0.0,2021.08.30.16.16.44_veh-40_00779_01088
6bc26fb97d7f5d48,-3.4123402403320844,11.356094337443732,0.035848603982457976,lqr_only,right,2.2,True,0.02319517182515978,0.12478836950801217,0.9511309431678067,False,False,False,0.0,0.0,2021.10.06.07.26.10_veh-52_01245_02064
6bd234c45e885cb2,-1.1274968018366383,7.244068140816136,0.7971611654200942,pred_stage,left,2.5,True,1.534956673803247e-07,6.811292162560767,6.506660340272458,False,False,False,0.0,0.0,2021.09.09.18.29.25_veh-39_00569_00903
6bf9b9cf5ae25aba,-3.496943311268613,27.65881987373401,1.1303141202192581,pred_stage,left,2.8000000000000003,True,4.433068768542147e-07,0.14835649347905394,0.5075253496336785,False,False,False,0.0,0.0,2021.10.06.07.26.10_veh-52_00006_00398
6c130d90781359d4,5.458242200249245,42.208269198528896,0.335188746503949,pred_stage,right,3.7,False,10.368891975736167,10.338071752889947,10.249217002666601,False,False,False,0.0,0.0,2021.09.16.14.39.34_veh-42_01609_01687
6c737af6c9a752dc,-1.9869304778058954,38.31739985463258,0.4314461931330273,pred_stage,right,3.0,False,7.3766373895161115,6.753171484127896,6.652106405624092,False,False,False,0.0,0.0,2021.09.29.18.19.40_veh-28_00438_00833
6d0a7f0bb4e7584b,-1.1051199954825752,9.923451215663988,0.022097463724699038,lqr_only,left,0.8,True,4.878712253762512e-07,0.685572683426273,3.078153872759257,False,False,False,0.0,0.0,2021.08.30.14.54.34_veh-40_00885_00986
6d4f69f0aabc5c4e,-7.245804220044988,14.95626508244834,0.4993064832173394,pred_stage,right,2.8000000000000003,True,0.10783734492330602,0.5834102301614449,0.6085247001792726,False,False,False,0.0,0.0,2021.09.16.19.27.01_veh-45_01749_03230
6d66b095f93750f7,-15.335057032340009,17.675866052207375,0.217522103874727,pred_stage,left,3.8000000000000003,True,4.423612769536762e-07,3.3710002972815936,1.7638210896985183,True,False,False,0.0,100.0,2021.08.30.16.16.44_veh-40_01099_01351
6d83f0adc26e5ee5,-8.049988582521904,15.034760934927869,0.1618312220427459,pred_stage,left,3.8000000000000003,True,4.355628568114208e-07,1.3232226994208685,0.20005442526410605,True,True,True,0.07179605969800384,-0.03158606026354427,2021.10.06.08.16.17_veh-52_00181_00574
6de8e1962fc4559a,0.7713721451606199,36.98505184617714,0.11436101531192533,lqr_only,right,3.6,False,5.003652362544326,5.074724422383777,5.022203443532474,False,True,False,94.85357630433784,0.0,2021.09.16.14.39.34_veh-42_00032_00186
6df712116b7353cc,0.36871177364447405,37.652150795880885,0.29782916609659127,lqr_only,right,3.2,False,5.683599358878148,5.674771101192452,5.697686844635763,False,False,False,0.0,0.0,2021.05.25.14.16.10_veh-35_01690_02183
6dfba05513f05909,1.154304484565988,14.81473973036755,0.03479604338342836,lqr_only,right,2.1,True,1.8824228820297955e-07,0.33340790472725795,0.3179303246027526,True,True,True,0.0010111409050495013,-0.0030730043232396476,2021.09.16.15.47.30_veh-45_01199_01391
6e9027bc59c857a9,-6.669719742483508,10.700101129844395,1.0642491349925125,pred_stage,left,3.2,True,2.535019415898708e-08,0.5014134733154013,0.560037811973852,False,False,False,0.0,0.0,2021.10.06.07.26.10_veh-52_00772_00917
6e983b745cb9535b,1.3097057616489378,16.746116430918445,0.1777943393787019,lqr_only,right,1.4000000000000001,True,4.5652809576654625e-08,2.466272277801424,2.321575376019873,False,False,False,0.0,0.0,2021.09.09.17.18.51_veh-48_01248_01450
6ed01f269a835519,-7.762210304250465,15.295557086775837,0.34934144726396743,lqr_only,left,3.4000000000000004,True,2.2826357137604163e-05,0.12009827360165762,0.6952468470093113,False,False,False,0.0,0.0,2021.10.06.07.26.10_veh-52_01245_02064
6ed328b05b54553e,-8.522266654936448,11.399867182186767,0.3048691430704973,pred_stage,left,3.8000000000000003,True,8.949190659677788e-08,0.453533904907616,0.7238923135582964,False,False,False,0.0,0.0,2021.10.06.07.26.10_veh-52_00772_00917
6f07313e88ab56fd,-6.047721985579695,12.804459873697263,1.1296018914039512,pred_stage,left,2.9000000000000004,True,5.704655948146947e-07,1.0714631743032912,0.6830522783653565,False,True,False,93.75057633262885,0.0,2021.10.06.08.16.17_veh-52_01949_02501
6fa01275a4525b26,1.3819067744153712,4.043655099716835,0.18317636934858753,pred_stage,right,3.7,True,0.005511202052346361,1.1880854486224197,0.7192027350820583,False,True,False,100.0,0.0,2021.09.16.19.49.00_veh-42_00990_01609
6fb754e903985d44,0.9090698323516095,24.032708212522593,0.06134054182383378,lqr_only,right,1.9000000000000001,True,0.003064698191256753,0.12587791265762355,0.5296092983773361,False,False,False,0.0,0.0,2021.09.16.13.53.10_veh-42_00180_00342
6fed9368351f54d5,1.4092029209693941,16.8335803682791,0.7470545598972143,pred_stage,left,3.1,True,0.04036034255606145,1.0579825473336777,0.8657876219630664,False,False,False,0.0,0.0,2021.05.25.14.16.10_veh-35_01100_01664
70322003ab525a2e,1.0683097555635221,19.01529034770822,0.1747400201334926,pred_stage,right,2.7,True,1.1400950622537077e-06,0.2558922190185924,0.37710968213321727,False,False,False,0.0,0.0,2021.08.30.16.16.44_veh-40_00779_01088
706cc8e44dbd557d,-1.1801624438118568,12.131180490128589,0.9278157972460821,pred_stage,left,0.8,True,5.732944273545896e-07,7.110179799797929,6.246100359161996,False,False,False,0.0,0.0,2021.08.30.16.16.44_veh-40_01099_01351
70847cda9b3d5b07,5.9278535718399095,23.84557576591296,0.09719344944754027,lqr_only,right,2.7,True,0.005948139708814403,0.6907735004333353,0.16753865338235358,False,False,False,0.0,0.0,2021.09.29.19.02.14_veh-28_00964_01689
71629f355b5e5b19,6.627827405400488,20.2149318181049,0.08713837249562875,lqr_only,right,3.8000000000000003,True,1.7695321853138955e-06,0.6038042989536024,0.8591444272669871,False,False,False,0.0,0.0,2021.06.28.15.02.02_veh-38_02398_02848
71674e79275f5abb,-0.9889110900438873,16.214425117146238,0.10778243467667561,lqr_only,left,1.0,True,1.2125716178753594e-07,3.2957651384909776,3.1445871303290414,False,False,False,0.0,0.0,2021.09.16.13.53.10_veh-42_01510_01591
71ae69a9499e559c,-0.7887852142707823,14.948095046692343,0.3124019093543213,pred_stage,left,1.7000000000000002,True,0.012035135436094463,0.662496656853092,0.38104563970179445,True,True,True,0.0004105948534061099,-0.0014078336842082706,2021.10.06.08.16.17_veh-52_00922_01296
72191253c85a5227,-8.85054589053906,47.10013007543131,0.027687496893102764,pred_stage,right,4.0,False,15.155359033361302,15.138815574365227,15.175273120821476,False,False,False,0.0,0.0,2021.09.16.19.12.04_veh-42_00289_00398
725b2a708c8e55f1,1.0515316324845596,24.61127425961342,0.0031515330888200023,lqr_only,right,4.0,True,1.2473545787442223e-06,0.2021540521778188,0.5543546838632868,False,True,True,0.0,-100.0,2021.08.30.16.16.44_veh-40_00779_01088
729c7f95c12f5dd4,1.4357184768106666,13.498810538858168,0.19583889983752023,lqr_only,left,3.5,True,0.0007283432737219445,0.09209148894702307,0.41918616002436077,False,True,False,92.90265176313831,0.0,2021.10.06.07.26.10_veh-52_00772_00917
72a43a590e3758f8,1.2811349136239283,32.066834389676984,0.004978552195731496,lqr_only,left,4.0,False,0.06812361545893358,0.39826253204273115,1.081069554929843,True,True,True,-0.002113902494893516,0.0004828462186745597,2021.10.06.08.16.17_veh-52_01430_01579
72c1d1069773561d,-6.2144477005780026,12.511963233675996,0.1908344655210115,lqr_only,right,2.5,True,0.04712649351864958,0.45965717709380305,0.617778495970195,False,False,False,0.0,0.0,2021.09.16.14.39.34_veh-42_00297_00935
72e48f99d8265b71,-0.20743597925861224,33.18096574533137,1.7105971084449283,pred_stage,right,2.8000000000000003,False,1.1832693938966528,1.3220093144890164,1.6604024187539046,False,False,False,0.0,0.0,2021.09.16.19.12.04_veh-42_00289_00398
73bc5ba81812539f,-0.7458095049420352,6.9237579947070715,1.3227183628884271,pred_stage,left,1.4000000000000001,True,0.03663438388113502,1.5740653812567538,1.2786292203613836,False,False,False,0.0,0.0,2021.10.06.07.26.10_veh-52_01245_02064
73fe2f6dea43577f,6.760966900927684,23.947017682376355,1.4352100623640434,pred_stage,left,3.4000000000000004,True,0.016246544457345025,3.6447874186135603,1.5551244620500682,False,False,False,0.0,0.0,2021.09.16.19.12.04_veh-42_01438_01677
74cc0056b2c05248,0.7754766109089939,20.56763368998647,2.246795556805192,pred_stage,left,2.1,True,3.476517461143457e-08,1.7251267612881256,4.1177021885623555,False,False,False,0.0,0.0,2021.09.29.14.44.26_veh-28_01331_01485
755461a5329554de,-7.852664515698788,18.42909913213312,0.6971914168607829,pred_stage,left,3.1,True,0.9829254521197583,9.39093366904689,7.65590436877155,False,False,False,0.0,0.0,2021.09.09.14.18.22_veh-48_00322_00895
75bf56ae8b9d5673,-2.9630178451462434,33.401820888552535,0.5248059709272912,pred_stage,left,3.2,False,1.4018212777975485,3.4866605770178976,3.496968474888217,False,True,False,95.47954106222521,0.0,2021.09.16.19.27.01_veh-45_01749_03230
75c7777c6f415535,-5.24595280673894,26.117517416556645,0.09959066669221225,pred_stage,left,3.3000000000000003,True,4.3923565746595656e-07,0.12226841047990572,0.10494705265904934,True,True,True,0.0,0.0,2021.10.06.07.26.10_veh-52_00953_01126
75cfb9c37e425214,-5.657929328170888,11.917788937338944,1.0360577909617348,pred_stage,left,3.0,True,0.009599777709774684,0.48403272497048777,0.5464598165959954,False,True,False,95.06402455011464,0.0,2021.10.06.08.16.17_veh-52_01949_02501
7631ace833c857ba,1.2409654149068494,49.604276770609474,0.3516138797798339,pred_stage,right,3.5,False,17.606668790454275,17.650529369007106,17.646942853174124,False,False,True,-95.87104394043955,-95.87104394043955,2021.10.06.07.26.10_veh-52_00422_00728
763bab6e8b6b5826,1.229550460666637,18.505915710864187,0.035610984625305785,lqr_only,right,2.6,True,1.2371049197917836,4.008538081945624,0.8845069830400338,True,True,False,88.31361611925963,88.3137728158722,2021.09.16.14.39.34_veh-42_01111_01448
7682ed33c75a5116,-7.704827940740607,11.318316826858943,1.6085967765528189,pred_stage,left,3.1,True,4.859904139583725e-07,0.09626592964657947,0.5145174559840876,False,True,True,0.0445582445280257,-85.33866688559516,2021.10.06.08.16.17_veh-52_00181_00574
771c4e378bef58e4,1.1640620332809075,4.532462853622661,0.19388128905194119,pred_stage,left,2.5,True,4.642581715825252e-07,0.37753924148473506,0.4435281036355459,False,False,False,0.0,0.0,2021.09.16.15.12.03_veh-42_01037_01434
77218354c5c25657,-3.165125719355226,10.872557413526085,0.9567443326788216,pred_stage,left,2.0,True,0.05337745499563107,0.9454990804347391,1.7536315248412389,False,True,True,0.0,-100.0,2021.06.03.13.55.17_veh-35_02419_02561
77412f2abf325814,-6.173531866254134,25.1417480691823,0.32215157868241406,pred_stage,left,3.4000000000000004,True,0.012970684660484877,0.24124101278250706,0.0834049618437605,False,True,True,0.025294065272041255,-89.23800923189117,2021.10.06.08.16.17_veh-52_00922_01296
774432c5e7b25128,0.8873622296742916,27.27409752122629,1.171631211248302,pred_stage,left,2.8000000000000003,True,4.2440286576995113e-07,0.24307187881580683,1.5963809078710178,True,True,False,88.95412214873714,88.91446744529033,2021.10.06.07.26.10_veh-52_01245_02064
778219f3cac65d35,1.2488178205301796,9.601915384233736,0.16526199541170786,pred_stage,right,2.9000000000000004,True,1.0205718399424474e-06,3.5083902442544233,3.588829065986616,False,False,False,0.0,0.0,2021.08.30.16.16.44_veh-40_00779_01088
779852a1160f56f9,-1.5006886220576274,13.533720550907878,0.2215558723716326,pred_stage,left,1.7000000000000002,True,0.0009344293343313276,0.19870805333877725,0.3926808977394996,True,True,False,93.94593478096184,94.09023849461956,2021.10.06.07.26.10_veh-52_02208_02394
77b99279c5265bab,-0.8006907708534658,36.96971466723744,0.36748240253341513,pred_stage,left,3.1,False,9.176229129124378,7.432089447265251,7.436194193714745,False,False,False,0.0,0.0,2021.09.09.18.29.25_veh-39_00427_00556
78b4153a6d3e5b33,11.330114616190833,10.882588020796529,0.855655107131505,lqr_only,right,3.6,True,1.0095755471512561e-07,0.013592608499629453,0.35436230877936115,False,False,False,0.0,0.0,2021.05.25.14.16.10_veh-35_01100_01664
78c26c7e63c3534c,-0.9360426698967945,13.51207788787513,1.4388646439751542,pred_stage,right,3.2,True,0.581995425800707,1.532966494169472,1.766890905982252,False,False,False,0.0,0.0,2021.10.06.08.16.17_veh-52_00181_00574
795696bd00095944,-3.1710020949866076,11.311633697285606,0.3048565982137515,pred_stage,left,2.8000000000000003,True,0.0989679601543999,1.7944728291899976,0.3791463335451636,True,True,True,0.0,0.0,2021.05.25.17.54.41_veh-35_02723_02902
79c9f05d61955e2d,-1.6622558849534779,14.533569300338625,0.1873624808256302,pred_stage,left,3.6,True,0.9430307409469395,3.081165525634181,7.140681442091092,False,True,True,0.1664946649360899,-82.95916074032212,2021.10.06.07.26.10_veh-52_01245_02064
7a3e0625f3c751ce,-4.157208143607589,28.94720752448811,0.5667979168856477,pred_stage,left,3.0,True,0.008518618034844733,0.2334026255654734,0.8358495176673733,False,False,False,0.0,0.0,2021.10.06.07.26.10_veh-52_00006_00398
7b281124be57507a,-6.246503453283529,21.3449112961985,1.5909911700262676,pred_stage,right,3.6,True,0.9229057304537098,2.0163751389898152,9.440670041283182,False,False,False,0.0,0.0,2021.09.16.19.27.01_veh-45_01749_03230
7b3ba1d953a15802,-7.360068541277326,16.78647264485475,0.06261687747109275,pred_stage,left,3.7,True,0.21169921906038874,3.286327869909443,0.40730488965723916,True,False,True,0.0,53.16209397569952,2021.09.09.18.04.06_veh-40_00555_00731
7b4383b378035cb7,-3.585491162036101,16.980426110209148,0.8311021736117655,pred_stage,right,2.6,True,0.1265807925144225,0.03638062020827797,0.6985797673602123,False,False,False,0.0,0.0,2021.10.06.08.16.17_veh-52_00612_00782
7b4a9abdf718584b,-0.478180839563247,24.614770063426327,0.0035140695743829152,lqr_only,left,3.8000000000000003,True,1.1338153451336648e-07,0.18064325371077528,0.24627535514984247,True,True,True,0.0,0.0,2021.05.25.16.37.23_veh-25_00005_00217
7c4757c2c9675f2b,-3.1347393651642514,18.60009118210386,0.9162944578148473,pred_stage,left,2.3000000000000003,True,1.658815126632506e-07,5.700454733442159,0.051996287779055225,False,True,False,89.18898626840615,0.0,2021.10.06.08.16.17_veh-52_00922_01296
7c7e92d50f92564b,-0.21189998798635834,14.458732818374845,0.5505778736917859,pred_stage,left,1.2000000000000002,True,5.011022152293194e-08,3.526657596740656,1.8269850700132053,False,False,False,0.0,0.0,2021.09.29.14.44.26_veh-28_01331_01485
7c8900e0a2ef5024,11.339333092007124,13.130386770670674,0.27869029263718703,pred_stage,left,3.9000000000000004,True,0.031254934184083594,5.34875850327583,1.8291733873790093,False,False,False,0.0,0.0,2021.09.16.14.39.34_veh-42_00032_00186
7ccd759aa0535b9a,9.683829410508771,13.085102395565988,2.7277719464794647,pred_stage,right,2.5,True,0.03963948693044181,1.6209757104341436,1.1221939297000205,False,False,False,0.0,0.0,2021.08.30.13.45.25_veh-40_00610_00771
7cf4a1ba9b6054f9,-5.984323408035651,23.37648126516423,0.17082548175822815,pred_stage,left,3.5,True,3.411721740611628e-07,0.6862426033682272,0.8191167546908246,False,True,False,98.10043236306366,0.0,2021.10.06.07.26.10_veh-52_01245_02064
7d9515c88f0254f4,0.10715013853373634,35.8785599083398,1.315521202173467,pred_stage,right,2.8000000000000003,False,3.881219774957738,3.912299569538163,4.023930853959108,False,False,False,0.0,0.0,2021.09.16.13.53.10_veh-42_00180_00342
7db6a3bd77405292,-1.6191104086497994,47.31735099863246,0.022190014610013634,lqr_only,right,4.0,False,15.373753779615793,15.340473601806721,15.33025609208728,True,True,True,-0.005436416393966859,-0.004895933841764233,2021.09.16.21.13.37_veh-42_00172_00347
7eab8efaacef55bb,-0.09565564236780943,44.99811281949556,0.8635638086022527,pred_stage,left,3.7,False,13.174440303538782,13.182046880376719,13.25527162269915,False,False,False,0.0,0.0,2021.09.16.19.27.01_veh-45_00472_00711
810b73ca95975db9,-1.1120899335776038,9.795444661177125,0.04853664191723385,lqr_only,left,1.3,True,2.7396341497172207e-07,1.041499902217482,1.0649398881202237,True,True,True,-7.193233201187965,0.0,2021.09.09.14.18.22_veh-48_01298_01492
816a869e91ae5d17,-12.989099618135022,14.643397719832583,0.11996534804530656,lqr_only,left,4.0,True,0.02369333323087748,0.3648612178603128,0.48668575570674094,True,True,False,100.0,100.0,2021.06.28.20.24.43_veh-38_03385_04952
819d4bdcb0855118,0.6567393020188144,16.489383022147273,0.7504703663813663,pred_stage,right,3.6,True,0.008887395765684253,3.6569374691125347,4.4598141621019,False,False,False,0.0,0.0,2021.09.09.18.29.25_veh-39_00569_00903
81a473b817565cb9,9.214705260959008,14.415768302704011,1.0579030688869884,pred_stage,right,2.6,True,0.08477764987800539,4.777483254476436,inf,False,True,False,87.67223398817563,0.0,2021.08.30.13.45.25_veh-40_00610_00771
81c70798936b5140,10.916576766331774,17.976616412559046,0.03218683068240189,lqr_only,right,3.5,True,2.720350792081096e-07,0.8817941030174563,0.07913680658793115,False,False,False,0.0,0.0,2021.05.25.15.59.03_veh-30_04027_04200
8209b6700b535e8e,-0.3375501229315212,22.325963624578563,2.260779560213228,pred_stage,left,2.3000000000000003,True,0.0002471256105283317,0.7692606845816082,5.480566238421108,False,False,False,0.0,0.0,2021.09.29.14.44.26_veh-28_01331_01485
82291c12e1485f32,-0.19604816727770213,20.39405886935746,0.007670756984620404,lqr_only,left,2.2,True,0.012818241966217017,0.116490455353222,1.4208745294510896,False,False,False,0.0,0.0,2021.10.06.07.26.10_veh-52_01245_02064
82ee38a271b15bb1,-0.5281803191021399,16.166434004645875,0.2145242779565093,lqr_only,left,1.9000000000000001,True,0.017241649118778762,0.05628813770263605,0.10472759940889244,False,False,False,0.0,0.0,2021.10.06.08.16.17_veh-52_00922_01296
8364af67153a5193,-1.9818908756830496,32.67386306977074,0.10611294545931217,pred_stage,right,3.5,False,0.692111800340203,0.7879567596933733,0.987236855719723,True,False,False,0.0,95.98154929277877,2021.09.16.13.53.10_veh-42_00180_00342
839206ee819e582f,-8.952258744688253,20.625020014475172,0.16362638348455125,lqr_only,left,3.5,True,0.0001486631581596492,0.8862523904661914,1.3491021849787226,True,False,True,-98.17673377339648,0.03797244576372316,2021.10.06.07.26.10_veh-52_02208_02394
83e42a2487695ac5,-0.9339939616334103,9.971733872215129,0.2738375794619804,pred_stage,left,1.7000000000000002,True,3.664984290450372e-07,0.1188711520524375,0.6555669803540164,True,False,False,0.0,90.0130140916084,2021.09.29.19.02.14_veh-28_00540_00917
84136b2623ef5618,0.1702534400158271,18.729650963168133,0.15427486055182332,pred_stage,right,1.6,True,0.0026561056095222905,0.3518722643404537,0.3366187474868138,False,False,False,0.0,0.0,2021.09.16.19.27.01_veh-45_00472_00711
847ac59d6cce5bc4,0.06666872620114006,45.16527493883363,0.06414042232313474,pred_stage,right,3.9000000000000004,False,13.93747155832524,13.975356985590992,13.702094582459594,True,True,False,93.49531761023569,93.49796048409301,2021.09.29.19.02.14_veh-28_02451_02708
84d0b82110465b43,-1.13382835820698,46.326684592302854,0.05234011412732382,pred_stage,right,3.7,False,14.352533840003533,14.42298974830761,14.409114959076716,False,False,False,0.0,0.0,2021.09.16.14.39.34_veh-42_00297_00935
85cdfd35b2cb5692,1.0871169056749963,13.357397668671377,0.028597252398189516,lqr_only,right,1.1,True,1.3044420672128678e-07,0.7703335864303883,0.6497460030783814,False,False,False,0.0,0.0,2021.09.29.14.44.26_veh-28_00337_00504
8659bfccd4195fb6,1.6320853152553898,21.259856886758744,0.006106745061624782,lqr_only,right,2.1,True,9.489279799091034e-07,2.3082573631193464,2.1620053275173565,False,False,False,0.0,0.0,2021.09.09.14.18.22_veh-48_00322_00895
8671b777d49e5dea,2.1261446161404525,13.47588424146468,0.10807341741479456,pred_stage,right,3.1,True,0.08446395366026724,0.34720021656298805,0.06231568450989155,False,True,False,58.333333333333336,0.0,2021.09.29.18.19.40_veh-28_00438_00833
87339a4d32305504,-16.378958269680364,19.835330256442116,0.035321333575212555,lqr_only,left,4.0,True,0.00547795683800337,26.660343241441446,1.9378501967273625,True,False,True,-92.04500276475721,-0.14747323670454282,2021.09.09.14.18.22_veh-48_01503_01761
875d89dc1f225205,0.6133345506239785,23.09616955014235,0.011861131610060525,lqr_only,left,3.1,True,7.008225235004237e-07,0.8344233679535293,0.7415066113847487,True,True,True,-0.0006928208956979987,7.227371467966037e-05,2021.10.06.08.16.17_veh-52_00922_01296
87b468bcdad158c2,-1.2032263255361846,5.875876862001421,3.6068760522679804,pred_stage,na,2.8000000000000003,True,5.556905076846774e-08,5.083245512162247,5.059622883382493,False,False,False,0.0,0.0,2021.09.09.18.29.25_veh-39_00569_00903
87c6ef5053865368,6.699215713455817,14.912166066484946,0.2580820936408937,pred_stage,left,3.0,True,0.19667037672864526,0.08022022686779845,0.1126444640306195,True,False,False,0.0,100.0,2021.09.16.19.49.00_veh-42_00990_01609
87d3c1135ac85583,1.1896454921353765,10.135589329824832,0.05625638616480276,pred_stage,right,2.2,True,5.611261526486336e-07,2.875821659130681,3.3869628319214633,False,False,False,0.0,0.0,2021.09.29.18.19.40_veh-28_01268_01685
87fa0c79b31c563a,1.0176666727721138,30.210823755774303,0.126695262406123,pred_stage,right,2.9000000000000004,True,1.1258485475433362e-06,2.4454884734992017,2.4227819904900563,False,False,False,0.0,0.0,2021.06.03.18.47.39_veh-35_00257_00492
88207b881eb5573c,-10.476659490573148,13.075997030688544,0.4228695653230548,pred_stage,left,3.0,True,0.03801072419319512,0.23705828942442414,0.5184075466654898,True,True,True,0.0,0.0,2021.06.28.16.29.11_veh-38_00022_00368
8840042ede42578a,-0.3379163158883962,18.603334686320355,0.34465322813966415,pred_stage,left,2.3000000000000003,True,4.968776614897343e-05,0.6697790192574262,0.12424205047435892,True,True,True,0.0019220181352141985,-0.004659514073201976,2021.10.06.08.16.17_veh-52_00922_01296
88e6d9d5dd715516,-2.3880406994654053,22.18780828762509,0.6109587030076734,pred_stage,left,3.9000000000000004,True,1.6079824282087817e-07,1.5290900247397605,1.504298949420428,False,True,False,83.72128386390587,0.0,2021.10.06.08.16.17_veh-52_01949_02501
89ad209b83755848,-1.2309887932605506,41.39249214591296,0.18853907809640696,lqr_only,right,3.2,False,9.444561583803413,9.500631936060138,9.60201922578702,False,True,False,94.69497148207223,0.0,2021.09.09.18.04.06_veh-40_00743_01071
89de641f85f25a3b,-1.3137560842866955,11.248363623956182,0.09963750026214685,lqr_only,left,3.3000000000000003,True,2.656800056904715e-07,0.21700825481841396,0.08699511300916717,True,True,True,0.0,0.0,2021.09.09.14.18.22_veh-48_01298_01492
89df824d0cfd525e,13.655834463247832,20.87628869691105,0.8712277381364631,pred_stage,right,3.9000000000000004,True,6.6129722353435834e-09,2.143811230943956,2.839921830903216,False,False,False,0.0,0.0,2021.09.16.14.39.34_veh-42_00032_00186
89e9fbdf25415d68,-1.1722583549665515,21.155109560360184,0.726656715215016,pred_stage,left,1.7000000000000002,True,3.9369774592764625e-07,6.967311823300023,6.657438735395751,False,False,False,0.0,0.0,2021.08.30.16.16.44_veh-40_01099_01351
8b7212ba11ec5f3b,10.661194506416958,10.02301364219364,0.035288403872832254,pred_stage,left,3.1,True,0.24943643491403952,3.842411672461361,1.8913741441178578,True,False,True,-99.77001373718443,-0.032161859823587324,2021.09.16.14.39.34_veh-42_00032_00186
8ba84ea2cc4a5ead,1.488748026554486,33.0626992443434,1.0343816473546157,pred_stage,right,2.2,False,1.062783815747741,1.508341390797299,1.2762686838168122,False,False,False,0.0,0.0,2021.10.06.07.26.10_veh-52_00422_00728
8bc0584436b25488,-7.6556523813035735,10.247941091947148,1.2671037233796052,pred_stage,left,3.2,True,0.0011391933605578112,0.8616110131042173,0.24487758879719562,False,True,False,92.17047647832072,0.0,2021.10.06.07.26.10_veh-52_00772_00917
8bebc6662b36505f,-9.042617038261866,15.863145817284897,0.08182664438091651,pred_stage,left,4.0,True,0.02205796736798782,1.822719071130783,1.2797389165251962,True,False,False,0.0,88.20474456654331,2021.10.06.08.16.17_veh-52_01949_02501
8c156f5b675b5657,0.22565492185312064,46.21452881354554,0.04333084802713518,lqr_only,right,3.9000000000000004,False,14.221434069041292,14.27644465504564,14.25766541071712,False,False,False,0.0,0.0,2021.09.16.14.39.34_veh-42_01609_01687
8cec7d21f7dc540b,-3.831901528915438,25.454435260589456,0.37388593914698653,lqr_only,right,3.8000000000000003,True,0.02124642449189208,3.4507655908358945,0.8701331936704899,False,False,False,0.0,0.0,2021.10.06.08.16.17_veh-52_00612_00782
8d21608fa8c354f1,-1.5906517553163724,18.412081452053748,1.3496074109720262,pred_stage,left,3.6,True,5.9892880101827e-07,1.2395866124910317,2.517061897562378,False,False,False,0.0,0.0,2021.09.09.18.29.25_veh-39_00569_00903
8d27cb5d1d1e5ad1,-12.760421126149684,21.44169960832613,0.11779610816134643,lqr_only,left,3.8000000000000003,True,3.932717128263596e-07,2.1952126705862023,0.1826489305221391,False,True,False,89.65789543550056,0.0,2021.10.06.07.26.10_veh-52_00006_00398
8d3c8a698ac65342,-1.1826989933958265,7.0954160520569065,0.003450450193490568,pred_stage,left,2.4000000000000004,True,0.008780631024330592,1.0432022635870548,0.04039389731604486,True,True,False,79.00146369548241,79.0050515843684,2021.10.06.08.16.17_veh-52_01590_01725
8d90099a801d5682,-0.8189429296434625,14.421957071957348,0.06787874158493273,lqr_only,right,2.5,True,0.010286508236292562,0.23727708162860456,0.21448453976645612,False,True,False,100.0,0.0,2021.06.03.12.02.06_veh-35_00233_00609
8e2d1588daa3536f,-5.171803479803421,35.721958660855385,0.3701933419804084,pred_stage,left,3.3000000000000003,False,3.8227156929774453,3.738041396142168,3.7439651359743165,False,False,False,0.0,0.0,2021.08.16.14.23.37_veh-45_00015_00132
8e2fece463df5dcb,0.6106400632130509,25.28089952142876,0.1151816848162288,pred_stage,right,2.5,True,0.003129184366367984,0.12783649065966685,0.10812631664031025,False,True,False,92.73804879676683,0.0,2021.09.16.14.39.34_veh-42_00032_00186
8e7906efc10a5e42,8.639402209076545,12.394715045610631,0.37455433425465195,lqr_only,right,3.5,True,0.00025771661193437916,0.2367367458263952,0.08218892599733825,False,False,False,0.0,0.0,2021.09.16.19.49.00_veh-42_00990_01609
8f41958d23a65c48,-1.1691313161458066,11.436327073654368,0.33413163957219216,pred_stage,left,1.1,True,6.613044776139972e-08,0.453574214274874,0.5591286508412809,False,True,True,0.001811645059901501,-91.3400270431836,2021.09.09.14.18.22_veh-48_01298_01492
8f5610a77c3257f9,1.4369622295292914,4.514879830551298,0.5394214574965085,pred_stage,right,2.6,True,0.05573512113201915,1.5627703479076425,0.6061194686680459,False,False,False,0.0,0.0,2021.09.16.19.49.00_veh-42_00990_01609
8f5b6181d28e5d4a,1.0091221747540544,20.998044834510146,0.3258015554716934,pred_stage,right,1.8,True,0.00023699990950054435,0.09799178609662135,0.3024976750396554,False,False,False,0.0,0.0,2021.09.16.13.53.10_veh-42_00077_00153
8f8ccbd6ffcb54b9,-7.564049742775448,18.56362179739367,0.16577389768991202,pred_stage,left,3.8000000000000003,True,0.9810383936258397,9.077554285900366,6.950113654853767,False,True,False,93.48467005211836,0.0,2021.09.29.19.02.14_veh-28_00273_00514
8fa565e2239853e3,-6.534860149054186,15.946212515557608,0.175035152042984,lqr_only,left,3.7,True,1.3056401889099847e-07,0.038547334395521736,0.31988019281140423,False,True,False,85.09291839012367,0.0,2021.10.06.08.16.17_veh-52_00181_00574
8fdb21d863c5504b,5.5594358437234765,9.779773519999438,1.873043262893126,pred_stage,left,2.8000000000000003,True,0.03795045423190022,inf,11.906637367027102,False,False,False,0.0,0.0,2021.10.06.08.16.17_veh-52_01590_01725
90314b74c92954d6,0.36654419438415786,39.006793110214296,0.06317376197201872,lqr_only,right,4.0,False,7.122357167404115,7.112610245709298,7.077803196877064,False,False,False,0.0,0.0,2021.09.16.14.39.34_veh-42_00032_00186
908f696abf7c5a26,0.2157660048990273,35.06902975639623,0.292043346480846,pred_stage,right,3.6,False,3.2075668904608663,3.27025827762153,3.124509444892913,False,False,False,0.0,0.0,2021.09.16.14.39.34_veh-42_00032_00186
90e387c7930d56de,-0.06059885358919814,34.259832136461505,0.08948764098806475,pred_stage,right,3.5,False,2.29969586523777,2.329480997986222,2.2905889363730414,False,True,True,-0.0006746586167949431,-93.83127451463909,2021.09.16.14.39.34_veh-42_00032_00186
9147938e42675685,10.799016588970453,10.93342035028631,1.0674774914192178,pred_stage,left,3.6,True,0.3371167684337936,5.542807370152366,5.748113119344486,False,False,False,0.0,0.0,2021.09.16.13.53.10_veh-42_00077_00153
9147a0ae2bf751c8,13.892026355652316,12.535925727461748,0.06032219207904886,lqr_only,right,4.0,True,3.331369706989795e-07,0.6425733386040252,1.1806559492425388,False,False,False,0.0,0.0,2021.09.09.18.04.06_veh-40_00743_01071
918b6721bcf75d38,-11.157062517947717,14.41690922025348,0.5156756715939325,pred_stage,left,3.6,True,0.005525976696236412,1.2963691670088227,0.6548763720498741,True,False,False,0.0,88.82992945184505,2021.10.06.08.16.17_veh-52_00032_00170
919ee41f5fa65358,-1.3132961802123893,14.29289525572798,1.383863547621322,pred_stage,left,3.2,True,7.136792523640628e-10,6.402826400948414,2.699177159169607,False,False,False,0.0,0.0,2021.09.09.18.29.25_veh-39_00569_00903
923e4fcf3daa57f8,-5.367903451224299,16.834674819091227,2.7341078064649604,pred_stage,left,2.1,True,6.578022530788804e-07,3.3276638733693824,1.46716012077804,False,False,False,0.0,0.0,2021.09.29.14.44.26_veh-28_01331_01485
924f7c86a30b55c7,-7.554016218154165,26.17541025107075,0.2742227517207113,pred_stage,left,3.7,True,0.001575854754197406,1.3834211553858466,0.41135483151373986,False,True,False,88.70800390672885,0.0,2021.10.06.08.16.17_veh-52_00922_01296
927222aceeaa52bb,-11.286927472103786,14.607323852861434,0.13707188527328742,lqr_only,left,3.9000000000000004,True,0.008368267126825335,0.34851377086290447,1.5575660420618678,False,True,False,98.22135445340635,0.0,2021.05.25.14.16.10_veh-35_04097_04328
92aea46cab86531b,-2.286827672502085,15.719722121619892,0.09520983451738477,lqr_only,right,1.7000000000000002,True,0.1702881380595481,1.6906929983032257,1.5551810412689269,False,False,False,0.0,0.0,2021.08.30.13.45.25_veh-40_00610_00771
92ec09fc760c5c4d,0.4926445554272989,45.044647015258356,0.15625693819589975,pred_stage,right,3.8000000000000003,False,13.049217061649696,13.099253218151656,13.07219508808696,False,False,False,0.0,0.0,2021.09.16.14.39.34_veh-42_01609_01687
93092fbeb57f5e9a,-0.28366192170012805,31.208189756938065,0.6334429083649392,pred_stage,left,3.8000000000000003,True,0.0016152671976432183,1.0441910795165696,0.22763721513751126,False,False,False,0.0,0.0,2021.05.25.14.16.10_veh-35_03373_03550
932938d86cfc5d6f,-1.5231345942123538,13.92024703844199,0.12504588806398145,pred_stage,right,1.4000000000000001,True,3.0910492630424996e-07,0.031341223952218035,0.6365954803077519,False,False,False,0.0,0.0,2021.09.16.19.27.01_veh-45_01749_03230
934c8ac938ad5dca,-2.2791840531275778,19.892651552705864,0.15411730662353174,pred_stage,left,1.9000000000000001,True,0.00315957111506626,0.2562732867008529,0.13589089205064767,False,True,False,90.78073046033161,0.0,2021.10.06.07.26.10_veh-52_00953_01126
937ca624cc2658a6,-0.8482070516434037,24.47772216662889,0.05863650700956531,lqr_only,left,2.3000000000000003,True,0.5550908236648959,0.10877407851124561,2.3701274996357844,False,False,False,0.0,0.0,2021.06.28.15.02.02_veh-38_02398_02848
938ceea80dd85b62,-3.7688415360061542,22.740045124932216,0.6125197231416458,pred_stage,left,3.0,True,2.1069095701407403e-07,0.3005268730047084,0.043486748746885615,False,False,False,0.0,0.0,2021.10.06.07.26.10_veh-52_02208_02394
939be40082d9515a,-3.243314781079847,14.91099812735587,0.794114368529165,pred_stage,right,1.8,True,0.2508153252787369,2.594154090386004,10.102638842079891,False,False,False,0.0,0.0,2021.09.09.18.29.25_veh-39_01622_01766
93e2a76b34b559fc,-0.29492526632594096,33.05334345053608,0.8635013820708072,pred_stage,right,2.7,False,1.0692566142558744,1.250330106833277,1.199555434274419,False,False,False,0.0,0.0,2021.09.16.13.53.10_veh-42_00180_00342
93ff1c769e6f5507,-6.180680871654932,34.86963217105545,0.6951434403510786,pred_stage,left,3.3000000000000003,False,2.9892462787925123,2.9218647633361785,2.909576443048452,False,False,False,0.0,0.0,2021.08.16.14.23.37_veh-45_00015_00132
94c3ef5a3168570a,-0.9753663343669299,18.596587899114848,0.34391628309982425,pred_stage,left,1.7000000000000002,True,0.004923437341233794,0.9318898872773509,3.926655876623305,False,False,False,0.0,0.0,2021.06.28.20.24.43_veh-38_03385_04952
94c6fd3f9ec85914,-0.1746299708583896,11.016102288400068,0.09832602898972828,lqr_only,right,1.1,True,1.999308302292383e-07,0.18532292185991617,0.2200900553592094,False,False,False,0.0,0.0,2021.09.16.14.39.34_veh-42_00297_00935
94d209006f485164,1.1251682625888826,39.579819592417735,0.46682604692970514,pred_stage,right,3.0,False,7.597899111818933,8.187691609211385,13.502429843267654,False,False,False,0.0,0.0,2021.06.28.18.03.27_veh-14_00620_01581
9502cdbb06dd516f,1.152818993261702,4.082465465619213,0.21181535191502146,pred_stage,left,2.2,True,6.761986486067199e-07,0.48203282212626547,0.5676883503747807,False,False,False,0.0,0.0,2021.09.16.15.12.03_veh-42_01037_01434
95effa16c4bb5c12,-11.521617473423614,16.51998744007795,0.1777842271584694,pred_stage,left,3.7,True,0.2790842158972192,6.499380937840596,5.27530409391545,False,True,False,95.41433932932554,0.0,2021.09.09.14.18.22_veh-48_01298_01492
961d67f58f40502f,4.369887730292719,32.56107824143231,0.00899402485667642,pred_stage,left,4.0,False,0.5767617313416543,4.177426689430574,3.5144528956122514,False,True,True,-48.5825628061471,-100.0,2021.08.30.13.45.25_veh-40_00878_01104
963ea50b7eb2554b,1.3052982897659668,27.60783767177783,0.5244477416194527,pred_stage,right,1.9000000000000001,True,0.00038527977334226483,5.418320001812337,6.036239741891945,False,False,False,0.0,0.0,2021.06.28.18.03.27_veh-14_00620_01581
973f0873af40574e,-1.1625581921159966,16.121199495202987,0.8841197013097055,pred_stage,left,1.2000000000000002,True,5.662109422247586e-07,5.862316257903441,6.05167392709266,False,False,False,0.0,0.0,2021.08.30.16.16.44_veh-40_01099_01351
97628f2e9ee55826,-6.00231223111229,33.42619998217315,0.047263038856011734,pred_stage,left,3.5,False,1.4658094609034844,1.6767609343966596,1.4851934962752653,True,True,True,0.019357523991592185,0.0042415426594444305,2021.10.06.08.16.17_veh-52_01949_02501
98527843384f5f43,-0.8708787360870236,16.800142080870835,0.25819867256564655,lqr_only,left,3.1,True,0.00874432321750912,0.60480998062824,0.35230351641834856,False,True,False,96.39827491379982,0.0,2021.05.25.14.16.10_veh-35_01690_02183
98b148d419725caa,-1.2513473819102499,12.346220938281276,0.6219349804828266,pred_stage,left,2.2,True,0.07451458695472349,0.23336279034994908,0.8245073026955914,False,False,False,0.0,0.0,2021.10.06.08.16.17_veh-52_01430_01579
98cf54a70d5e5da9,-11.966595506159358,18.188177757966933,0.041250420807188555,lqr_only,left,4.0,True,0.010714265398892467,1.7756844641654115,0.7460192036419024,True,False,False,0.0,100.0,2021.06.03.18.47.39_veh-35_00503_00777
98e3abe2a38c5156,5.483486800995907,10.728362909382982,1.300073919130774,pred_stage,left,2.9000000000000004,True,0.033258713168288795,3.3369438094569275,1.090296707191311,False,False,False,0.0,0.0,2021.10.06.08.16.17_veh-52_00922_01296
99127f15fd9b5847,1.1062706570941432,34.28277116451403,0.47451071088723445,pred_stage,right,2.5,False,2.289213212340502,7.382344171988767,6.74430583905005,False,False,False,0.0,0.0,2021.06.28.18.03.27_veh-14_00620_01581
9952eefa82585b83,0.6446566167713198,17.953998351240134,0.017947468540904104,pred_stage,right,1.6,True,1.031029218881934e-06,0.017706362792944227,0.2167165157812204,True,False,False,0.0,97.04007818120213,2021.08.16.14.23.37_veh-45_00015_00132
99ebd32df2f453f8,3.0076366471083915,47.330901557664944,0.14543643564282768,lqr_only,right,3.7,False,15.335633860165592,15.339809839318564,15.341044799574385,False,False,False,0.0,0.0,2021.09.16.14.39.34_veh-42_01609_01687
9a00d37375a95d7e,1.4003454690054649,14.66802735947194,0.334026102820262,pred_stage,right,3.9000000000000004,True,0.2457153337697266,4.782391263371028,5.215700506900586,False,False,False,0.0,0.0,2021.10.06.08.16.17_veh-52_01949_02501
9a15d775514e5018,1.2712163460342731,13.081062228345669,0.1790284912543578,lqr_only,right,1.6,True,7.184896145494697e-07,0.5695450012275215,1.1624658141585482,False,False,False,0.0,0.0,2021.09.16.15.47.30_veh-45_01199_01391
9a23e7bc52e657c3,0.5130394593828385,8.734415428875828,0.2746064547507457,lqr_only,right,1.3,True,0.005831280128898322,0.15967426615552371,0.29219344816114473,False,False,False,0.0,0.0,2021.05.25.14.16.10_veh-35_01100_01664
9a95d2419f1e592a,-1.273007837052484,20.76965273714135,0.09931471133520267,lqr_only,left,1.7000000000000002,True,4.0606549802178236e-07,1.1975583641852947,1.0124077534211948,False,False,False,0.0,0.0,2021.08.30.13.45.25_veh-40_00878_01104
9a9b75516db85d76,-1.125079371909644,21.53624129867529,0.28095483069092564,pred_stage,left,2.3000000000000003,True,2.0407948675518236e-07,0.02525021334511976,0.20560090787782664,True,True,True,0.03993945800691012,0.057519077437451216,2021.09.29.19.02.14_veh-28_00964_01689
9ab8b2e7de985004,-3.117271063677496,14.003471861559667,0.06633496567463969,lqr_only,right,1.7000000000000002,True,0.07865846381512345,1.7213688180534694,2.32849147423575,False,False,False,0.0,0.0,2021.09.16.19.27.01_veh-45_01749_03230
9adad5bdab6b52fa,4.445538615292997,19.91587035544692,0.07561322119564792,lqr_only,left,3.9000000000000004,True,0.005202638523720324,1.3379508676888425,0.4959438592421593,False,False,False,0.0,0.0,2021.06.28.20.24.43_veh-38_03385_04952
9bbaed3bac735053,-0.0875833339203238,14.511419993356675,0.1341328555593379,lqr_only,right,2.1,True,0.02664303211857458,0.2739084320711839,0.27290622574389434,False,False,False,0.0,0.0,2021.06.03.13.55.17_veh-35_02866_03582
9c1f46770f2655b1,-0.882070605259337,7.8194769988023785,0.9493369540848143,pred_stage,left,1.7000000000000002,True,0.04465119206427433,0.6455514462377444,0.2989991362707979,False,False,False,0.0,0.0,2021.10.06.07.26.10_veh-52_01245_02064
9cdaa8f652bf5a27,1.171729551682044,10.00082432252162,0.245273761841767,pred_stage,right,1.2000000000000002,True,7.900513830170035e-07,3.1552369655016284,2.856757655369906,False,False,False,0.0,0.0,2021.08.30.16.16.44_veh-40_01099_01351
9d262af7c8875aa2,-12.873688208092547,13.43947472218489,0.04628486985772349,pred_stage,left,3.9000000000000004,True,0.0021011340330377693,0.40973732832669973,0.1516190385060761,True,True,True,0.0,0.0,2021.06.03.13.55.17_veh-35_02419_02561
9d864c15bf7d5414,2.791792328315819,13.109656899041289,0.04569657256235019,lqr_only,left,2.2,True,0.009354919461392282,0.9302726286491518,2.2267564560027924,False,False,False,0.0,0.0,2021.06.28.20.24.43_veh-38_03385_04952
9d9762d42ff5561d,-6.02780098554534,15.338461660228106,1.1298024922512129,pred_stage,left,2.3000000000000003,True,0.07441174561499032,3.4833825887424834,6.339497525914749,False,False,False,0.0,0.0,2021.09.29.14.44.26_veh-28_00337_00504
9ed1a37904015782,1.911785022385608,26.325437254720253,0.2872050902845475,pred_stage,left,3.1,True,9.474722298724407e-07,1.6604219116439158,3.155608462677247,False,False,False,0.0,0.0,2021.10.06.07.26.10_veh-52_01245_02064
9efa05c9731a51d8,3.8171481119923136,15.57844804395889,0.09064893424857025,lqr_only,left,2.6,True,9.029096104597822e-07,0.17466473151692918,0.44446847097167064,False,True,False,93.52969530660124,0.0,2021.10.06.07.26.10_veh-52_01245_02064
9f528c7bfca6509b,-8.425318161116417,21.422488101264154,0.05136435973603309,lqr_only,left,3.7,True,0.006376946836692466,0.20643328047814405,0.05203696998943013,True,False,False,0.0,91.1190377029483,2021.10.06.08.16.17_veh-52_00181_00574
a00a4902bd105b99,0.6796723624555048,11.767985510038653,0.043123549048305995,lqr_only,right,1.2000000000000002,True,1.4045837130033898e-06,0.1300024941202013,0.24701462477633307,True,False,True,-93.89310461484627,-0.0016250376119186782,2021.09.16.14.39.34_veh-42_01111_01448
a0be9e4c6cc15ec7,-10.494718779616058,17.67725485039746,0.1019637930889882,lqr_only,left,3.9000000000000004,True,0.0023894937655541356,0.03701356666473064,0.6183096016606341,True,False,False,0.0,89.0237719890527,2021.10.06.08.16.17_veh-52_00032_00170
a0ff0b74063659a2,-8.366956289646856,14.797464785627518,0.18836631866917963,pred_stage,left,4.0,True,0.15222278830521438,0.4843315494034999,8.478336269799255,False,False,False,0.0,0.0,2021.10.06.07.26.10_veh-52_01245_02064
a1065191d3525bb1,-4.109408779585898,27.423132450088474,0.5705256520351669,pred_stage,left,3.2,True,0.8583256542330108,6.086402319875194,3.0520807602586233,True,True,False,90.25063026772195,90.25550042806194,2021.10.06.07.26.10_veh-52_02208_02394
a1ce49c5eeb75711,1.1551688224144394,14.960817220022708,0.2511562129692642,pred_stage,right,1.6,True,4.152075692348438e-07,1.6997289870000467,1.381253332796857,False,False,False,0.0,0.0,2021.09.29.19.02.14_veh-28_00964_01689
a23ebe50e290544b,1.210291632398592,27.238802634401033,0.4234101143586653,pred_stage,right,2.5,True,0.6156849852416642,1.7823007410067733,1.110505038440626,False,False,False,0.0,0.0,2021.09.29.19.02.14_veh-28_02911_03005
a26ee25cd4995271,8.334451637579631,18.2768195358653,0.15725028539350772,pred_stage,right,3.6,True,0.052037671369525314,0.00331036416227046,0.7851822906793717,True,False,False,0.0,93.07639011764319,2021.08.16.14.23.37_veh-45_00015_00132
a305b24487775cfc,1.522675886904929,3.845245348872987,0.004687962821240036,pred_stage,right,3.7,True,0.5790682813659294,4.513655266935419,3.7134679348479747,False,False,False,0.0,0.0,2021.09.29.18.19.40_veh-28_01268_01685
a312f24a197d530c,0.6561286140035052,22.581726325845725,0.2374319103999341,pred_stage,right,1.9000000000000001,True,1.1094469523701644e-06,0.15089861549227188,0.25505309533890064,False,False,False,0.0,0.0,2021.09.16.13.53.10_veh-42_00180_00342
a3bb30f4190a5f5d,1.5251707392670397,25.016043049897387,2.177230465078486,pred_stage,right,2.0,True,0.001968715201049765,0.6186797158491295,0.5260169097533388,False,False,False,0.0,0.0,2021.09.16.19.12.04_veh-42_00289_00398
a422962469ff5d27,1.150720476791033,15.243839214809329,0.22413942922099414,pred_stage,right,1.9000000000000001,True,7.042985532244858e-07,0.4653999481791977,0.5596674882613791,False,False,False,0.0,0.0,2021.08.30.16.16.44_veh-40_00779_01088
a425dd8a1b5552db,-9.14508046823797,43.279307508980295,0.14426679072105159,pred_stage,right,3.9000000000000004,False,11.853084549612829,12.323038670225943,12.320170716111438,True,False,True,-98.81415009688403,0.004538551999866414,2021.09.16.21.13.37_veh-42_00172_00347
a460a03aab635f35,-4.722293711065092,23.053091552445238,0.42942976893117873,pred_stage,left,3.0,True,0.005172659899948664,0.35033656731405544,0.34138714170592005,True,False,True,-90.249731807942,0.0116744325003304,2021.10.06.07.26.10_veh-52_00953_01126
a49be33c358b5cb4,1.3032471470110774,14.023206070813547,0.5597850942952247,pred_stage,left,3.2,True,0.004397599721156991,0.41030252174600645,0.6618697297395978,False,False,False,0.0,0.0,2021.10.06.07.26.10_veh-52_00772_00917
a4ba9521736a59f9,-7.189115866729643,13.711273553736078,0.2472379689350432,pred_stage,left,2.8000000000000003,True,0.01761937972445935,0.30925390322989665,0.6443058032938638,False,True,True,0.0,-100.0,2021.05.25.17.54.41_veh-35_01654_01850
a4f4a240e54e56b2,0.7318279812727306,14.293977263986093,0.5299556860785352,pred_stage,right,2.0,True,0.015717440906479273,3.2907560970016876,4.041101534379992,False,False,False,0.0,0.0,2021.06.03.13.55.17_veh-35_02866_03582
a52bce0753d8563e,-2.4186454560357475,41.6565360156509,0.03146591073461325,lqr_only,right,3.8000000000000003,False,10.559549706494396,10.050802358889499,10.045515919131661,False,False,True,-93.64876697556723,-93.64876697556723,2021.09.29.18.19.40_veh-28_01268_01685
a572393e361e5b6c,-8.577755445223886,12.889942485750696,0.5505452003943482,pred_stage,left,3.5,True,0.008475608156041746,0.5808506844896608,0.7510557124327394,False,True,False,86.71930051831573,0.0,2021.10.06.08.16.17_veh-52_00032_00170
a5de46cebb7d5260,-8.589855098156928,14.066759902551356,0.35539938575348473,pred_stage,left,3.5,True,3.701748879755067e-07,1.2325167300221433,0.4896362660153756,True,True,False,85.23575217417122,85.24315964758392,2021.10.06.08.16.17_veh-52_00032_00170
a5f411a2c379503d,-2.374245940683468,20.623355167799282,0.07548954966962919,pred_stage,left,2.3000000000000003,True,0.0020761747330899243,0.17686575726658108,1.8243347504299252,True,True,True,0.018713997986496977,-0.006079253387281103,2021.10.06.08.16.17_veh-52_01590_01725
a6229e66c0e656d8,3.082181082889258,21.909352351770966,0.08074448919593545,lqr_only,left,3.9000000000000004,True,0.009349178406495243,0.47136242219900387,0.9217104362479016,False,False,False,0.0,0.0,2021.06.28.20.24.43_veh-38_03385_04952
a622ff338b425c28,2.272786894058706,24.914558662443017,1.6788735303263007,pred_stage,right,2.0,True,4.686885571423122e-07,0.6057934337192118,0.17092792266731482,False,False,False,0.0,0.0,2021.09.16.19.12.04_veh-42_00289_00398
a65539b18da350df,-8.51816240200143,12.600090937155322,0.20703983361947778,pred_stage,left,3.6,True,0.02849095987910375,0.16620551105914586,0.17852186285079621,True,True,True,0.077799859638783,-0.05006133215172959,2021.06.28.20.24.43_veh-38_03385_04952
a65896c3c7be51ca,-8.471872955819837,19.436065337564557,0.20398803751029934,lqr_only,left,3.1,True,4.178815247340918e-07,0.37882981270903343,0.3355477279601714,False,False,False,0.0,0.0,2021.10.06.08.16.17_veh-52_00612_00782
a67f68a6c9e85668,-6.76520290915252,14.762670205765476,0.974118175289727,pred_stage,left,3.1,True,2.2925257959231175e-07,0.841472526225259,1.702831978865705,False,False,False,0.0,0.0,2021.10.06.08.16.17_veh-52_01949_02501
a754894e5e355c0f,-9.142598533701939,17.49293001952023,0.3673057627130085,lqr_only,left,3.5,True,0.009969406546210681,0.9525401774426535,0.21484049267546682,False,False,False,0.0,0.0,2021.06.03.18.47.39_veh-35_00503_00777
a7705685069f5979,0.9873658173270794,27.613187323853808,0.18367211974951403,pred_stage,right,3.7,True,0.09644344969976153,1.5879292975939845,3.2368118243383317,False,False,False,0.0,0.0,2021.09.29.19.02.14_veh-28_00964_01689
a7f15e4638b352c4,1.19768668735224,23.213234003352806,0.2656836670583239,pred_stage,right,1.8,True,7.84513064937315e-07,0.17873456295233486,0.32332331283473636,True,False,False,0.0,94.49597549008159,2021.06.28.20.24.43_veh-38_03385_04952
a8245437ee3d5dd7,-8.346933070202137,17.770706541827078,0.6883481751306417,pred_stage,right,3.0,True,0.017656395292180188,0.09957630180774078,7.4492854111667794,False,False,False,0.0,0.0,2021.09.16.17.40.09_veh-45_02539_02745
a9454c63755c549d,1.09735914864526,5.348251350196646,0.10398583026064591,lqr_only,na,3.6,True,0.0034028046772638892,0.11007870420540762,0.12244715590357412,False,False,False,0.0,0.0,2021.06.03.13.55.17_veh-35_02419_02561
a96b1d87c73555b9,-7.220305658134606,13.578228591748884,0.08183618054468307,pred_stage,left,4.0,True,0.14051165284126102,0.10108535571520141,9.317274791034395,False,False,False,0.0,0.0,2021.10.06.07.26.10_veh-52_00006_00398
a9af1e73c9575428,-6.011972110984265,16.425448051480057,0.25594736147487823,lqr_only,left,3.3000000000000003,True,0.00023661469053221608,0.5909891881871822,0.17409164535883656,False,False,False,0.0,0.0,2021.10.06.08.16.17_veh-52_00181_00574
a9c1456b9deb5184,-1.4892867822471434,21.117708054408354,0.42864087016717795,pred_stage,left,2.6,True,0.0010014096540318042,0.0290528530866924,0.573754613804044,True,False,False,0.0,92.26460363703248,2021.10.06.08.16.17_veh-52_01430_01579
a9c27d1fdee5599e,-1.3357043717264938,11.153118874246227,0.2628044178104456,lqr_only,left,2.6,True,1.2596606757615023e-07,0.2994396309322876,0.24870235482787306,False,True,True,0.0,-100.0,2021.09.09.14.18.22_veh-48_01298_01492
ab51ce190cca5673,-5.475258437630332,26.040975845203114,0.2474764300600046,pred_stage,left,3.4000000000000004,True,1.7599767587095038e-07,0.3680997655450129,0.15725475793679594,True,False,True,-90.84062456189088,0.010120299825355783,2021.10.06.07.26.10_veh-52_00953_01126
ab807bda4fdd5274,-4.307995032819596,11.435871118779042,0.3080228912152805,pred_stage,left,3.5,True,0.0513389702036854,1.3093856023062131,0.3457401143017342,False,True,False,100.0,0.0,2021.05.25.17.54.41_veh-35_02723_02902
abb2ccc5501c58f3,0.21082003700105356,13.929431759416312,0.6082633417772007,pred_stage,left,3.2,True,0.011346739504073054,0.6706685087191878,0.13991223048456647,False,True,False,78.52992700706744,0.0,2021.10.06.08.16.17_veh-52_01949_02501
abba9d81ee9054ec,0.8638489020423208,24.76970314110043,0.12452905245492171,pred_stage,right,3.2,True,2.8539690120030125e-07,3.0832174631068985,2.8728872954990883,True,True,False,96.54896006206454,96.48474578873508,2021.09.29.14.44.26_veh-28_00528_00992
abbfc957d5545f53,-2.76445810814516,22.76202082625788,0.38801004919749876,pred_stage,right,3.5,True,2.6437991621035047e-07,4.169484091264574,3.3023304335775934,False,False,False,0.0,0.0,2021.10.06.08.16.17_veh-52_01949_02501
ac6b7fc70fc25a1a,1.7581558138884468,26.155326398150734,0.4130224724777245,pred_stage,right,3.7,True,0.029155952645426236,4.1399094987207485,5.154320966761392,True,False,False,0.0,82.79745310296502,2021.10.06.07.26.10_veh-52_01245_02064
acd0bceedc6852c2,-9.637263177132901,15.707932151756236,0.25541804556892395,lqr_only,left,3.5,True,7.640906075731077e-07,0.26088775526905716,0.2329490167199477,False,False,False,0.0,0.0,2021.10.06.08.16.17_veh-52_00181_00574
adc1a3a3dd1c501e,-4.897544873345917,10.548804160170459,0.562306602038911,pred_stage,left,3.1,True,0.04885807289920791,0.38970826056796604,0.016211880572979058,True,True,True,0.0,0.0,2021.06.28.16.57.59_veh-26_00016_00484
ade66429cb58544c,1.3720018034768124,35.84726238475829,0.264886175708026,pred_stage,left,3.8000000000000003,False,4.2745520937806525,7.6776224846509,5.726344474208838,False,False,False,0.0,0.0,2021.10.06.08.16.17_veh-52_01430_01579
ae05160436d45a62,0.714934318268182,8.438554934083324,0.2294499298635081,lqr_only,right,1.7000000000000002,True,0.012960293715955364,0.16855355298179558,3.1960867353769515,False,False,False,0.0,0.0,2021.06.03.18.47.39_veh-35_00503_00777
ae312bf769445e43,0.10702096619817114,10.859700916772974,0.9571420130249366,pred_stage,left,2.1,True,0.016654378761798053,0.28556217917649684,0.5910021845214544,False,False,False,0.0,0.0,2021.10.06.07.26.10_veh-52_00772_00917
aecf8e9ea11c5a06,-0.5563536188564644,26.30083223256332,0.5458459068428241,pred_stage,left,2.5,True,8.167624452661678e-07,0.46816436041017845,0.4636902281562677,True,True,True,41.666666666666664,41.666666666666664,2021.06.28.15.02.02_veh-38_02398_02848
af0e2b61cba953de,1.1873023621587837,12.147941241296728,0.12272664505420953,pred_stage,right,1.5,True,1.3643268153675682e-06,0.36888057398504615,0.4558455499264003,True,True,True,0.000343833018756623,0.0013176945323101208,2021.09.16.15.47.30_veh-45_01199_01391
af335d636f4c516e,-0.6078674493939449,25.134110680929147,0.12203045499787306,pred_stage,right,2.5,True,0.0011927576165715397,0.148863105668465,0.4467447325065341,False,False,False,0.0,0.0,2021.09.16.13.53.10_veh-42_00180_00342
af34277ea53e5f77,-0.9169205831760747,12.441722796752767,0.6217692044988326,pred_stage,left,1.4000000000000001,True,1.2625593507869684e-07,0.29001738878265443,0.2842652353902528,False,True,False,99.1873828892961,0.0,2021.09.29.19.02.14_veh-28_00540_00917
afa37504b1da59bf,3.079185839310382,29.966555683237548,0.3237312713640875,pred_stage,right,3.1,True,8.393169691633434e-07,0.040225005398754704,0.7476071833313209,False,True,False,100.0,0.0,2021.09.29.19.02.14_veh-28_02911_03005
afb6f330e8665731,-1.3859044004108116,12.187224040584097,0.10089589844118797,lqr_only,right,1.7000000000000002,True,1.5798272596672347e-07,0.7681301840383551,4.300632578561485,False,False,False,0.0,0.0,2021.10.06.08.16.17_veh-52_00612_00782
afcd7846a4f35622,1.4137515357368908,28.49694041666,0.4395892410072749,pred_stage,left,3.1,True,8.887057291583851e-07,0.3712348360814694,1.4463014746583365,True,True,False,93.0884718359982,93.09659229245759,2021.10.06.07.26.10_veh-52_01245_02064
afd632f043e35a49,0.6358817758082314,19.029707466823126,0.1519748867115362,pred_stage,right,1.4000000000000001,True,9.124650127524122e-07,0.6516705824966972,0.6991344611514662,False,True,False,91.8161000465476,0.0,2021.09.29.14.44.26_veh-28_00528_00992
afd9edcb6d94521f,-5.914983931186931,21.347046104131067,0.5086756099434926,pred_stage,left,2.4000000000000004,True,1.34530611448004e-07,7.978864699115061,2.4220106553452925,True,True,True,-0.04103199020430992,-0.001976060683572811,2021.09.09.14.18.22_veh-48_01503_01761
b022550645ac5dbf,-8.171759446342495,22.480868079776553,0.15606722799216735,pred_stage,right,2.9000000000000004,True,0.3154791412645254,1.097051894228859,0.9527653881063477,False,False,False,0.0,0.0,2021.08.30.13.45.25_veh-40_00610_00771
b02bf210eda55579,0.16855018284711054,10.355847956837927,0.12464029711347586,lqr_only,right,2.3000000000000003,True,0.18113634983753715,0.6458912896600152,0.13623164937381055,False,False,False,0.0,0.0,2021.09.16.19.27.01_veh-45_01749_03230
b031a0b55ab951f8,0.20922307710986487,9.667417969486072,0.22981366114511018,lqr_only,right,0.9,True,3.2747167525085e-05,0.0721232305492002,0.0007392301026912814,False,False,False,0.0,0.0,2021.09.16.14.39.34_veh-42_00297_00935
b031e4b0aea8528b,-3.773008331122055,11.704271990468811,0.3305423879712457,pred_stage,right,2.3000000000000003,True,0.0601315458291763,0.6610415696321615,1.046140291903202,False,False,False,0.0,0.0,2021.10.06.07.26.10_veh-52_01245_02064
b26b54b014205d5c,3.1180209435051154,38.72427214041409,0.027233470512357444,pred_stage,right,3.5,False,6.744097046632997,7.239150796321349,7.098499202234452,False,True,False,91.9908553735842,0.0,2021.09.29.14.44.26_veh-28_01331_01485
b3edadc19d8a5812,-0.3102301881154439,19.30914059995218,0.14413820750232337,pred_stage,left,2.4000000000000004,True,2.175167057433038e-07,0.10340940311511714,0.1361359230113454,True,True,True,0.0005974102362804601,-0.0045647589506314645,2021.10.06.08.16.17_veh-52_00922_01296
b41e61d24f915d6f,-2.2608792548521413,13.540090228485282,0.2907907883552015,lqr_only,right,2.0,True,2.6108045191543557e-07,1.0348173035610018,0.934683322712108,False,False,False,0.0,0.0,2021.10.06.08.16.17_veh-52_00612_00782
b462af5600bf5f88,-0.6830461253761211,20.025693923149394,0.03850488939693375,lqr_only,left,3.5,True,0.12535193940652345,1.9329559858327923,1.684673090934896,True,True,False,100.0,100.0,2021.10.06.08.16.17_veh-52_01430_01579
b4b31520fc1c5ef7,-5.516735408117415,11.504817219060016,0.5640479438980206,pred_stage,left,3.5,True,0.017429518264153294,0.8015239141700004,0.2283392923218793,False,True,False,98.49231600387314,0.0,2021.10.06.08.16.17_veh-52_01949_02501
b556cea74b125dfa,-3.7236917362393873,12.085874390388776,0.4814698451979141,pred_stage,left,3.4000000000000004,True,0.028055714164230985,0.460381315884838,1.383446649924321,False,False,False,0.0,0.0,2021.10.06.07.26.10_veh-52_00772_00917
b5b8d20688385790,1.1476385489692196,4.21839601945423,0.0720028044926635,pred_stage,na,1.4000000000000001,True,1.0022004410631774e-06,10.826477439483734,0.474539804840295,False,True,False,0.0,0.0,2021.09.16.15.12.03_veh-42_01037_01434
b5e2d8766c6d51b2,-3.8398032027523463,45.27001004108468,0.4005890309931457,pred_stage,right,3.8000000000000003,False,14.26771490552503,13.686246223636754,13.723942108589304,False,False,False,0.0,0.0,2021.09.09.18.04.06_veh-40_00743_01071
b60afdbc7cc65971,-0.5965544767725848,15.154140491197738,0.0856888870087343,pred_stage,left,1.7000000000000002,True,8.149081321717616e-07,0.22420376258869493,0.24949025177676187,True,True,True,0.0,0.0,2021.05.25.15.59.03_veh-30_00625_00855
b628faa4178d5eaf,-1.483753990510793,7.630473134459288,0.07323942180955029,pred_stage,left,3.2,True,0.03946415126441114,0.42670665252806356,0.6894378618503197,True,False,True,-93.62987612715835,0.03900229682654022,2021.10.06.08.16.17_veh-52_00922_01296
b6b5f3cc01a05f83,-1.2248113062652104,20.940848491428273,0.5789636592028067,pred_stage,left,3.8000000000000003,True,2.4162494889441805e-07,1.1910030017341988,2.2476430690546834,False,True,False,81.83872448713991,0.0,2021.10.06.07.26.10_veh-52_01245_02064
b7febc4ae909501b,1.1607343499449652,25.05171153444949,0.03905156757124856,lqr_only,right,3.7,True,1.7913600305771424e-06,1.7047811141852498,1.3242200568876727,True,True,True,0.0009516397347919536,0.0007471330237374119,2021.09.29.15.23.04_veh-28_00814_01101
b841de24ffcb5c87,-3.3471542358173547,35.11930170722761,0.3773997886345532,pred_stage,right,3.3000000000000003,False,3.2750623419871,3.456294078836292,3.490625782257516,False,False,False,0.0,0.0,2021.09.16.19.12.04_veh-42_01438_01677
b88e5601e3055bd8,-7.728941702018962,13.051031627448008,0.08847994835280454,pred_stage,left,3.7,True,0.04872262356415027,0.06665223010076829,0.2493159154777704,True,True,True,0.0,0.0,2021.06.28.16.57.59_veh-26_00016_00484
b8cf57333fc65efe,-0.12312328833076647,15.490185084843633,0.0465259528860301,lqr_only,right,2.1,True,7.810835395502035e-08,0.2520596392540073,0.14663495726074782,False,True,False,91.90571461733877,0.0,2021.08.16.14.23.37_veh-45_00015_00132
b96dd2fae674571c,-11.82839623109999,26.56393255849051,1.2149646950230588,pred_stage,right,3.7,True,0.03249173746313608,1.001418658470041,0.8629871632056039,False,False,False,0.0,0.0,2021.09.16.19.27.01_veh-45_01749_03230
b9d14f59883a5496,0.475518043893314,9.887516578359014,0.03883425950914346,lqr_only,right,1.1,True,8.699031774999023e-07,0.03691668904617467,0.28873372827552657,False,False,False,0.0,0.0,2021.09.16.19.27.01_veh-45_01749_03230
b9f4efacc7695435,-8.102654276704069,16.413694712196587,0.7033655191597274,pred_stage,left,3.2,True,0.0019279270825134937,0.2638938159300464,1.5929957413544222,True,False,False,0.0,93.58321082427425,2021.10.06.08.16.17_veh-52_01949_02501
ba13a6004a0c5f8d,1.2030433998433931,21.474440273107113,0.05144232325245578,lqr_only,right,2.3000000000000003,True,1.1227832188251873e-06,0.23311718671833762,0.34858244080093975,False,False,False,0.0,0.0,2021.09.29.19.02.14_veh-28_03198_03360
ba62104a517e5a9b,0.35086154681246917,24.21507551969952,0.05732643854280112,lqr_only,right,3.4000000000000004,True,7.194334226978792e-07,0.36608004194527366,0.4423434453798403,False,True,True,-0.008101111471991995,-95.57594327550127,2021.09.09.18.04.06_veh-40_00743_01071
bacbab3d771e59fd,14.853641648038748,19.161285269008467,0.0029856202133143033,lqr_only,right,3.8000000000000003,True,0.0007489584054218828,0.6393139319450296,0.5378355539636813,False,False,False,0.0,0.0,2021.08.30.16.16.44_veh-40_00256_00716
bb4ca2b147d35b62,-0.31235543610785976,22.804419246233135,0.03673430467478498,lqr_only,left,3.4000000000000004,True,5.116928523343563e-07,0.1026646553943175,0.36402743356821293,True,False,False,0.0,100.0,2021.05.25.15.59.03_veh-30_04027_04200
bb9c441a4c2b5791,-0.07244084291968278,11.140593661369556,0.04614233879325255,lqr_only,left,1.7000000000000002,True,8.883339105078102e-07,0.4817606820667288,0.5440500803583214,False,False,False,0.0,0.0,2021.05.25.14.16.10_veh-35_01690_02183
bc8aad9d72385289,2.8552194001585693,50.62276142668597,0.15798074860808925,lqr_only,right,3.6,False,18.625267359854774,18.633325503276716,18.638556159805137,True,False,False,0.0,100.0,2021.09.16.13.53.10_veh-42_01510_01591
bc91cb648d525c6c,1.1138834915204603,15.863359234557993,0.06593425164376225,lqr_only,right,3.0,True,1.1597333533644584e-06,0.5052307995946982,0.5564325004377499,False,False,False,0.0,0.0,2021.08.30.13.45.25_veh-40_01116_01336
bcb48691833d5afe,4.281453873911514,22.189420631134922,0.08240424897759918,lqr_only,left,3.9000000000000004,True,0.015232065504121763,2.025327582904872,2.2152867888429775,True,False,False,0.0,58.333333333333336,2021.06.03.18.47.39_veh-35_00503_00777
bd06d301fe645a28,12.638136538022172,19.049488504516653,0.9591468886504054,pred_stage,right,3.5,True,2.651087765355903e-07,4.015198982632312,3.238758250003735,False,False,False,0.0,0.0,2021.09.16.13.53.10_veh-42_00077_00153
bd3e71c7666156ee,-5.040618906879958,19.623365239953362,1.3151189996905974,pred_stage,right,3.5,True,0.08213223739910601,3.39244007128138,5.026704789806473,False,False,False,0.0,0.0,2021.10.06.07.26.10_veh-52_01245_02064
bd4be260be50516f,3.463488751610929,17.146623568498722,0.2667615610048768,lqr_only,left,2.4000000000000004,True,0.02190498053105786,0.7291288731410542,0.4796786094870657,False,False,False,0.0,0.0,2021.06.28.15.02.02_veh-38_02398_02848
bd5f0b15f9a65bf1,-2.395722129018946,42.67614531546204,0.12658778826175354,pred_stage,right,3.4000000000000004,False,10.795314676468559,10.964524356857558,10.976744992975316,True,True,True,-0.0030596230352175624,0.001968964486853686,2021.09.29.18.19.40_veh-28_00438_00833
bdad96248e575296,-3.40619378034385,33.995715620441835,0.428070094159493,pred_stage,right,3.4000000000000004,False,2.2461223478693575,2.011552296978475,2.4968524995629098,False,True,False,92.7634288096287,0.0,2021.09.16.19.27.01_veh-45_01749_03230
bdb2a3cdeadc51c7,2.1704901353920505,22.3555508263993,0.14886352881813117,lqr_only,left,2.8000000000000003,True,6.559353095881079e-07,0.5117406637180304,0.7309241328814251,True,True,False,89.72552124814813,89.72628847745061,2021.10.06.07.26.10_veh-52_01245_02064
be1ef67efd445f45,0.3203105232951229,9.676922442624097,0.048474454503759146,lqr_only,right,1.6,True,1.001837037406102e-06,0.43032527690655886,0.2753827031781147,False,False,False,0.0,0.0,2021.05.25.15.59.03_veh-30_04027_04200
beb963305ad75bb3,-0.06325332496929903,22.77750460843768,0.11524584734961683,lqr_only,left,1.6,True,0.0019295621998511986,0.4462816166117863,0.30465986368250647,False,True,False,100.0,0.0,2021.09.16.13.53.10_veh-42_00180_00342
bedf9db2d7b15abd,1.0452522778067799,25.162081731608794,0.10399801305524177,lqr_only,right,3.5,True,1.820845130876871e-07,0.017596832780568186,0.40962222759273015,False,False,False,0.0,0.0,2021.06.28.13.53.26_veh-26_00492_00696
bf0a29ccead65750,-6.377107730436932,16.14317518062825,0.9722652797225276,pred_stage,left,2.7,True,1.4020939007734548e-07,0.6040558643839294,0.17403057477467207,False,True,False,90.69189612081342,0.0,2021.10.06.08.16.17_veh-52_00922_01296
bf0e7609184e533b,5.9071901227948045,19.529621533208466,0.029467515215264355,lqr_only,left,3.9000000000000004,True,3.323078607527667e-08,1.3611682592765078,0.6175851549178899,True,True,False,85.02984998664994,84.97789832598106,2021.10.06.08.16.17_veh-52_01949_02501
bf1d8c493e7458d2,6.789265249390319,12.194949870587555,0.9069905696133175,pred_stage,right,3.4000000000000004,True,0.3311715603032337,2.9197946126563985,2.80610894625904,False,False,False,0.0,0.0,2021.08.30.13.45.25_veh-40_00878_01104
bfdb40b3dded57fd,-0.1737296826056678,24.781753933864678,0.18430786139216768,pred_stage,right,2.8000000000000003,True,0.02208161052242434,0.36094326618324046,0.24576318462735833,False,False,True,-86.52488097545815,-86.52488097545815,2021.09.16.13.53.10_veh-42_00180_00342
c038901b4a0259ab,1.1797046718830813,26.96373773514962,0.0023459976865060086,lqr_only,right,2.3000000000000003,True,4.769097699369007e-07,0.12043109832043948,0.32563564133207235,True,True,False,96.9443664598959,96.94382335096822,2021.09.16.19.12.04_veh-42_00289_00398
c08cd52346155301,-0.9617683977161442,15.19066743263571,0.13388727866125558,pred_stage,left,2.9000000000000004,True,0.06266358709540046,0.20180407401471917,1.1218677771208545,False,False,False,0.0,0.0,2021.10.06.08.16.17_veh-52_01430_01579
c0d4412fa9f15f5b,1.3877066874597235,27.73660491489326,0.45504394964138534,pred_stage,right,2.2,True,4.6224188604070147e-07,0.015465291900633464,0.055726503890448684,False,False,False,0.0,0.0,2021.06.28.20.24.43_veh-38_03385_04952
c1553b5b161e5db1,1.3916918009611294,4.146045166010278,0.35638240835176266,pred_stage,right,3.5,True,0.012206418796286967,1.1931364867017489,0.7517979571741698,False,False,False,0.0,0.0,2021.09.16.19.49.00_veh-42_00990_01609
c1e0af56e9eb50b8,0.6880071004274573,15.140084699973862,0.96036541552112,pred_stage,right,2.3000000000000003,True,1.8226863441623372e-06,0.0019420426762512626,0.13566798335059052,False,True,False,100.0,0.0,2021.08.30.16.16.44_veh-40_00256_00716
c1e612a123d059d7,-1.2001134621641243,7.980310911485816,0.5241862988832029,pred_stage,left,1.1,True,0.05332837849762689,0.032050564267828215,0.1306694794489277,False,False,False,0.0,0.0,2021.10.06.08.16.17_veh-52_01430_01579
c1f712e1aed35216,0.34660592204066276,29.022764762429503,0.13540637270453018,pred_stage,right,2.9000000000000004,True,0.018488687340308712,0.23255042391091224,0.20217692184385977,True,True,True,-0.00960415419836158,0.0007370234248127439,2021.09.16.14.39.34_veh-42_00032_00186
c20397c103e65d12,2.5063381255375283,34.51832879235761,0.26666789523766576,lqr_only,right,3.5,False,2.5184505390421688,2.757045036164076,2.703124836191547,False,False,True,-90.87933060303752,-90.87933060303752,2021.09.29.15.23.04_veh-28_00601_00802
c20a7d6f7c9e5379,1.1578426398149952,9.781808148184403,0.898164423069648,pred_stage,right,1.2000000000000002,True,5.30999663418628e-07,2.420667718255221,2.922796332413295,False,False,False,0.0,0.0,2021.08.30.16.16.44_veh-40_01099_01351
c2331abea9b5551f,-0.7626166339575988,31.75771650174839,0.08064640337914236,pred_stage,right,3.3000000000000003,True,4.0366159903301923e-07,3.6261175231686495,3.4443234030323335,False,False,False,0.0,0.0,2021.09.09.14.18.22_veh-48_00221_00299
c2466f5ae7a25ad8,-7.216067452946694,12.353571101386084,0.5138562841377873,pred_stage,left,2.9000000000000004,True,5.468359948351432e-08,0.5186826716473584,0.5690032468352383,True,True,True,-0.028300091762356594,-0.055533589681788786,2021.10.06.07.26.10_veh-52_00772_00917
c262c31769935486,0.275150570074296,22.33940311790843,0.5107352927009166,pred_stage,left,3.6,True,0.00784779299489413,0.9622003782737245,1.9460835340278917,False,False,False,0.0,0.0,2021.06.28.20.24.43_veh-38_03385_04952
c296ded44f9a509a,0.7410259884453687,26.942551995226516,0.04643859832484394,lqr_only,right,3.0,True,9.018161129021155e-07,1.4384693482753963,1.2112976081236153,False,False,True,-89.32250951564042,-89.32250951564042,2021.09.29.19.02.14_veh-28_00964_01689
c2f911300954542a,-6.8572781945962,16.574657012855518,0.6131828355262354,pred_stage,left,2.5,True,0.9286060911670356,4.228202917005552,7.194472286102,False,False,False,0.0,0.0,2021.09.09.14.18.22_veh-48_00322_00895
c30bc48417bf5354,1.3840263763077747,18.370155823698834,0.30770292710133884,pred_stage,right,2.0,True,6.179814675598754e-05,0.12801003307401612,1.0969677684070585,True,True,True,-0.01506361698648817,0.003806065362799149,2021.09.16.19.27.01_veh-45_01749_03230
c344575de7545bbe,6.429362426918173,44.021630490443144,0.6206406964156104,lqr_only,right,3.5,False,12.351682567247785,12.266494507718743,12.287974013847924,False,False,False,0.0,0.0,2021.09.16.13.53.10_veh-42_00180_00342
c400f7664ba35555,-3.607910760349826,25.76990743146512,0.16735249428540588,lqr_only,left,2.4000000000000004,True,0.004022089961059783,3.024793717140874,2.3657029123291196,True,True,True,0.0214257588868505,0.015101620717350439,2021.10.06.07.26.10_veh-52_02208_02394
c44755b18af45385,3.383474480518281,25.48185643341423,0.07831521473060485,lqr_only,right,2.9000000000000004,True,2.2999623168604712e-07,0.26548465690486794,1.2304540017893915,False,False,False,0.0,0.0,2021.09.29.18.19.40_veh-28_00438_00833
c4884a363f805a18,4.315314678282056,9.132878487098184,0.590174330540363,pred_stage,left,2.2,True,0.20029663979725693,0.15921722009550293,0.18504654947907082,False,False,False,0.0,0.0,2021.10.06.08.16.17_veh-52_01590_01725
c61fe0459c4451ef,-7.542835853534531,12.73595808319374,0.06774624745771148,pred_stage,right,2.6,True,4.961285053587056e-08,7.039799654179597,1.0798841286895227,True,True,False,100.0,100.0,2021.09.16.13.53.10_veh-42_00180_00342
c63b3d251ef85a13,-5.484890660774505,34.55043565398583,0.45132838957040267,pred_stage,left,3.4000000000000004,False,2.563708791690212,3.802073001095822,4.702007225842884,False,True,False,90.61189244153886,0.0,2021.10.06.07.26.10_veh-52_02208_02394
c66aeafedcbd5140,1.0963248332328632,23.67946402210908,0.02226035171196662,lqr_only,right,3.4000000000000004,True,7.692812075400835e-07,1.8583807001457129,1.4379265657908127,True,True,True,-0.0014572839482696054,-0.003831524975772549,2021.09.29.15.23.04_veh-28_00814_01101
c6c1dab6af9858f9,1.213157923749332,15.6482682892139,0.2913171418586092,pred_stage,right,1.3,True,2.6765361973328557e-07,0.521900962169436,0.7846631260365104,False,False,False,0.0,0.0,2021.09.29.18.19.40_veh-28_01268_01685
c70300305bb9547e,-7.013602880512039,15.26956073464228,0.4534259260219773,lqr_only,left,3.2,True,1.4066750863830062e-07,0.535519807562855,9.476553558269568,False,False,False,0.0,0.0,2021.10.06.08.16.17_veh-52_00181_00574
c70cfaf737215fca,-1.1545420984612216,12.554665099200887,0.11044044141321742,lqr_only,left,1.4000000000000001,True,5.882516752910628e-08,0.2384987292356471,0.05122948525417921,False,False,False,0.0,0.0,2021.10.06.08.16.17_veh-52_00922_01296
c7b030a4025a5066,1.326887117424894,31.574816056170203,1.6709541812660302,pred_stage,right,2.4000000000000004,True,0.01183277304616568,0.6750089425567111,0.7650901963315265,False,False,False,0.0,0.0,2021.09.16.13.53.10_veh-42_00180_00342
c7cd4edb7b455e9f,-5.4392363104946515,21.881447171910356,0.1666312901899304,lqr_only,left,3.0,True,4.775278439176384e-07,2.1553918857683225,2.5308533324216125,True,True,True,0.028325067102075163,-0.036462708440299085,2021.09.09.14.18.22_veh-48_00960_01115
c80072cd3e165a71,-8.023059021387692,14.532334402502869,0.16902134714857214,pred_stage,left,3.8000000000000003,True,2.0464017241330486e-07,0.13001517618131983,2.4825951213940454,False,False,False,0.0,0.0,2021.10.06.07.26.10_veh-52_01245_02064
c823f9a693a05d93,-3.5049698007078653,38.5665519084483,0.17065601809693887,pred_stage,right,3.7,False,6.926391450675769,7.0877523199376435,7.072021886703548,False,False,False,0.0,0.0,2021.09.16.19.12.04_veh-42_01438_01677
c840eac7d70e5877,1.0599792650355377,17.374335198870387,0.0479578899656485,pred_stage,right,1.8,True,0.0002814211171739857,1.4374618357305053,1.1029635536756415,False,False,False,0.0,0.0,2021.09.29.19.02.14_veh-28_00964_01689
c8629b9dd63e56ad,1.273676933074382,42.3712862737064,0.537107407640785,pred_stage,right,3.3000000000000003,False,10.389688026124212,10.857223962509325,11.625873239937087,False,False,False,0.0,0.0,2021.06.28.18.03.27_veh-14_00620_01581
c86c1d9c6e9c58aa,-1.6485822471398903,15.238886882372672,0.5965346852268335,pred_stage,left,2.2,True,2.759847926273997e-07,0.37438903904169174,0.21056368663682862,False,True,True,-41.65635693162551,-87.51643811274,2021.10.06.07.26.10_veh-52_00953_01126
c87fe1d7a3bd57cb,-7.606563536194417,11.407483759067107,1.4663141692185166,pred_stage,left,2.9000000000000004,True,0.008358373888858376,0.06278392442650134,0.2446023657899268,False,True,False,91.26960084032386,0.0,2021.10.06.07.26.10_veh-52_00772_00917
c8ab144242b05eba,-0.964337306392272,12.074003370381476,0.026819858393748598,pred_stage,left,1.6,True,0.006172327620348801,0.11448205626094234,0.25204487178019425,False,True,True,0.02313917409869637,-99.62282618709733,2021.09.29.19.02.14_veh-28_00540_00917
c9ca538cb3235e43,1.384963092455866,15.279700904676407,0.5603321356333292,pred_stage,right,2.2,True,0.06015359032801131,0.7499224326488748,1.4176460795629366,False,False,False,0.0,0.0,2021.06.03.13.55.17_veh-35_02866_03582
c9ddc670b1195efd,10.124520916395024,24.936147089981933,0.1548233872266586,lqr_only,right,3.5,True,3.4679562103280934e-08,0.22123018083064197,0.6842034054644899,False,False,False,0.0,0.0,2021.10.06.07.26.10_veh-52_00422_00728
c9fb5f51480b5ff8,-4.362176469651952,11.720303219426693,0.5569128598700417,pred_stage,right,2.3000000000000003,True,0.2681587374358474,7.894492890591266,1.7093584112924536,False,False,False,0.0,0.0,2021.09.16.19.49.00_veh-42_00990_01609
ca58b2e039305479,1.0485456019015036,19.729947993703252,0.5934380317326288,pred_stage,right,1.7000000000000002,True,8.724634501741831e-07,0.6658918592430947,0.7498485498769318,False,False,False,0.0,0.0,2021.09.29.19.02.14_veh-28_02451_02708
ca85e7b7b71559b3,-10.968926901559644,17.462562346033696,0.4738228888958848,pred_stage,left,3.5,True,0.001351325778988756,0.9347586625559224,1.3342129592752245,False,False,False,0.0,0.0,2021.10.06.07.26.10_veh-52_00006_00398
ca8b5c5ed914507c,4.859320426117556,17.48277038441141,0.020642726512369286,lqr_only,left,3.2,True,0.004215356574669998,0.40429985812960073,1.743215110483248,False,False,False,0.0,0.0,2021.05.25.17.54.41_veh-35_01905_02121
caaf011808a15c9e,-4.554400435109042,31.049605077598912,0.6650878687102967,pred_stage,left,3.3000000000000003,True,0.0014415253469293003,0.5767423044710612,1.1739012294876818,False,True,False,88.30488475992618,0.0,2021.10.06.07.26.10_veh-52_00006_00398
cace9e6345445eee,-7.589195694454801,18.758486968237445,1.7933130764675507,pred_stage,left,2.3000000000000003,True,6.303596098298492e-07,2.0422726941200953,6.896768770915966,False,True,False,100.0,0.0,2021.09.09.14.18.22_veh-48_01503_01761
cb2db72bfca85119,-1.2367199890048977,10.755784579511916,0.895632454831042,pred_stage,left,1.9000000000000001,True,0.003067697030903934,0.0782719220863246,0.12695390760587416,True,True,True,0.03959326302505062,0.02497713558403669,2021.10.06.08.16.17_veh-52_01430_01579
cb3c9e9327b25cdc,-1.3272356754095265,10.562074661242697,0.2743710359491202,lqr_only,left,2.7,True,6.08220734052105e-07,0.1487491299156848,0.03249397744885033,False,True,True,0.0,-100.0,2021.09.09.14.18.22_veh-48_01298_01492
cbdda157b6705786,-6.3436988942511,14.027015615323108,0.7057827575674305,pred_stage,left,3.2,True,9.572696556421173e-08,1.79912755757248,0.16752032294569857,False,False,False,0.0,0.0,2021.10.06.08.16.17_veh-52_00181_00574
cc4a4dc2afc75aed,4.678448668081716,16.755056501746196,0.36771633089218875,pred_stage,right,2.9000000000000004,True,1.0675631275885523e-06,0.38136882919617193,0.949307317445903,False,False,False,0.0,0.0,2021.06.28.15.02.02_veh-38_02398_02848
cc6022c226c15d80,0.42932125142893085,9.211220056140846,0.43936886523372354,pred_stage,right,1.4000000000000001,True,0.00510430314623389,0.3425237488574794,0.9005131720696763,False,False,False,0.0,0.0,2021.05.25.14.16.10_veh-35_01100_01664
cc63d140e4285f30,-0.6596070420370985,17.27103058217883,0.35300235433313665,pred_stage,left,4.0,True,0.04683481425919299,0.3665416190786409,5.733522709043442,False,False,False,0.0,0.0,2021.08.30.14.54.34_veh-40_00885_00986
ccaf88fb91a25119,-0.8751984754006195,20.158665291732085,0.016092396085088834,lqr_only,left,2.8000000000000003,True,7.037948232319102e-07,0.19303013127169255,0.12865622731074763,True,True,True,-0.003492318277198425,-0.0005561203785919844,2021.09.29.19.02.14_veh-28_00964_01689
ccb49e301e40523f,1.1750657818670085,18.13848867608329,0.040892162321224425,lqr_only,right,1.4000000000000001,True,3.2396772724947415e-07,7.744741695647541,0.2811709271691035,False,True,False,95.44811876731688,0.0,2021.09.16.19.27.01_veh-45_01749_03230
ccdb6840a0445870,-5.718992564583967,26.52529064426767,0.49351414896828527,pred_stage,left,3.1,True,5.121639555478291e-07,0.5416089712057238,0.11084529791057068,False,False,False,0.0,0.0,2021.10.06.08.16.17_veh-52_01590_01725
cce49307530e5b60,-0.5711808589772396,39.13419307896188,0.08216058473394776,lqr_only,left,3.8000000000000003,False,7.175191343779919,7.157969807906789,7.357158436677351,True,False,False,0.0,100.0,2021.06.28.15.02.02_veh-38_02398_02848
ccfe1da323ed53a9,-8.17757187443341,18.15135579862754,0.18771515973376388,lqr_only,left,3.6,True,0.008208798512791783,10.165506393983721,0.2760227210355115,False,False,True,-87.83446705037058,-87.83446705037058,2021.10.06.08.16.17_veh-52_00612_00782
cd0b91f235e25b76,1.5422199629682796,11.94878166957429,0.8428834653069542,pred_stage,right,1.7000000000000002,True,7.869450959339043e-07,3.293893324918559,2.1900542437771904,False,False,False,0.0,0.0,2021.08.30.16.16.44_veh-40_01099_01351
cd177406e5b056d6,-0.5841777488423903,11.92440505589909,0.02884899267554157,lqr_only,left,2.7,True,7.935814096517806e-08,0.10392749743320924,1.4546342058357504,True,True,True,0.841365380926351,0.841365380926351,2021.09.09.14.18.22_veh-48_00322_00895
cd284af1ade75426,-6.577139818854979,20.359630673545606,0.2524876856757185,lqr_only,left,3.3000000000000003,True,4.872834053633179e-07,0.33718316004256227,0.11997740100758138,True,False,True,-89.95121559781111,0.0215146164225688,2021.10.06.08.16.17_veh-52_01949_02501
cd2f52e2012f5088,-13.321171032677512,13.971524976141787,0.008175967047885372,pred_stage,left,4.0,True,0.02996077436053207,0.2356791994638308,0.14213302976058853,True,True,True,0.0,0.0,2021.06.03.13.55.17_veh-35_02419_02561
cd9d029138325c2c,0.5910742563775813,18.985501227172353,0.2482016055211303,pred_stage,right,1.7000000000000002,True,0.001353331379422545,0.5027703203875975,0.07050712895487124,False,False,False,0.0,0.0,2021.09.16.14.39.34_veh-42_00032_00186
cdc9d2e591cc552c,-1.0548558734435471,17.938226300745978,0.46018600735069237,pred_stage,left,2.1,True,6.325160569730962e-08,0.1275832630677099,1.1603694154558746,False,False,False,0.0,0.0,2021.05.25.15.59.03_veh-30_00625_00855
ceb9332b03d3577b,-1.9604799110987816,15.309072556500624,0.22665102985190855,pred_stage,left,1.6,True,0.05000423710345173,0.167661585511763,0.2588731099452846,True,True,True,-0.01544804271438327,-0.023301662143038193,2021.10.06.08.16.17_veh-52_01590_01725
cecce24905cb5641,0.33948214315493175,14.682501751746159,0.26857254826678106,pred_stage,right,2.3000000000000003,True,1.3318173656286739e-06,0.4934416477383502,5.141762191286755,True,False,True,-100.0,0.0,2021.08.30.16.16.44_veh-40_00779_01088
cf1ba57897845189,1.0828452630139038,12.815880486294347,0.5062314655987944,pred_stage,right,0.9,True,2.0037001797513948e-07,1.0054288388766222,1.476292570832301,False,False,False,0.0,0.0,2021.09.29.14.44.26_veh-28_00238_00320
cfaa12a747e45fb4,-0.38898696310573655,28.089582887856974,0.04621351125796165,pred_stage,left,3.5,True,0.0029687656348214323,0.4174518896530653,0.13539959987354233,True,True,True,0.003043322173723606,0.009080284565354813,2021.10.06.08.16.17_veh-52_01949_02501
d01fec804cd45644,1.2173067339068107,13.173681385527452,0.1098195172056497,lqr_only,right,1.6,True,6.640559032258956e-07,0.3359450148999559,6.258564728743691,False,False,True,-84.24216600922236,-84.24216600922236,2021.09.16.15.47.30_veh-45_01199_01391
d02d0643d42c5d91,-0.8226630212426533,10.410150751380932,2.019785718570434,pred_stage,left,2.1,True,0.01607240090256341,3.640789096087253,19.792179562668537,False,False,False,0.0,0.0,2021.10.06.07.26.10_veh-52_01245_02064
d05f1fb1af98505d,-12.377020783116139,14.411187810317353,0.1256641643049179,lqr_only,left,3.9000000000000004,True,0.0011367336601139698,0.9275126930878712,0.16314686341530024,True,False,False,0.0,87.84533361887065,2021.10.06.08.16.17_veh-52_00032_00170
d12c5ba59acf55a0,7.890112495296565,45.0595947308119,0.23332251659818606,lqr_only,right,3.9000000000000004,False,13.46952489916092,13.271978236220978,13.24660529578247,False,False,False,0.0,0.0,2021.09.16.19.12.04_veh-42_00289_00398
d1ba8c31750e5cbd,1.9696023046632298,31.366289367839215,0.21779317793732964,pred_stage,left,3.7,True,3.5155624579302193e-07,1.1679601747174313,1.6535929864113985,True,True,False,87.99758416928269,87.96233597603722,2021.10.06.08.16.17_veh-52_01949_02501
d1bae9e7d9785598,1.0875577749756715,19.15935833155736,2.1919642029517568,pred_stage,left,1.9000000000000001,True,7.761951033048669e-07,3.9464776383907387,0.6549816916469232,False,False,False,0.0,0.0,2021.09.29.14.44.26_veh-28_01331_01485
d1cf48dea57f5d2a,1.98525699624372,29.595438011260462,0.9712404230180591,pred_stage,right,2.2,True,0.017204727064520767,0.5560001631036362,0.5264402785676194,False,False,False,0.0,0.0,2021.09.16.13.53.10_veh-42_00180_00342
d1e4600c80ab519a,-1.5291638199165571,8.925281981102978,0.579014525149379,pred_stage,left,2.2,True,0.08074611702643941,0.5874871535344542,0.37511229856357314,True,True,True,0.004652753710199242,-0.01309420228493563,2021.10.06.07.26.10_veh-52_02208_02394
d232efb9cc535426,6.515793831136437,26.245060578791808,0.8601187483814885,pred_stage,left,3.6,True,0.010540195567382183,3.1604446229139143,2.457218604155788,False,False,False,0.0,0.0,2021.09.16.19.12.04_veh-42_01438_01677
d2777b7b71325a67,-0.8981024644873861,19.18481037506924,0.9094544050549165,pred_stage,left,1.6,True,4.1746419142948556e-07,1.885494997354703,1.968089454836967,False,False,False,0.0,0.0,2021.08.30.16.16.44_veh-40_01099_01351
d360ce59cdc15efc,-1.4667563642334427,42.768528956828874,0.328580043311454,pred_stage,right,3.6,False,10.941050619263114,10.826338987671097,10.936635916078354,False,False,False,0.0,0.0,2021.09.16.13.53.10_veh-42_00180_00342
d4187db8dc625207,-1.0239596195088652,22.865622907746427,0.13444899665867682,pred_stage,left,2.7,True,8.26570286465044e-08,0.4104813467417626,0.0091994101993102,False,True,False,92.664499303599,0.0,2021.09.29.19.02.14_veh-28_00964_01689
d42d0a93b7185161,-7.86739389466594,14.62509002305561,0.249814002753729,lqr_only,left,3.1,True,0.019952781186112302,1.5085842250472865,0.8597530098054104,True,False,False,0.0,88.65365614652463,2021.10.06.07.26.10_veh-52_00772_00917
d443368fa4615242,-12.914449992635527,13.471602641661496,0.14889535920387165,lqr_only,left,3.5,True,0.012252930633635863,0.3660832236779068,0.3825096936127251,False,False,False,0.0,0.0,2021.06.03.18.47.39_veh-35_00503_00777
d44d886053b15b23,4.876043426994645,21.31019817203247,9.424187849861843,pred_stage,right,2.6,True,0.021266751878505512,0.9965935992384473,1.6038632063858025,False,False,False,0.0,0.0,2021.09.29.19.02.14_veh-28_03198_03360
d551f73a1e4251aa,-1.024059646201109,18.782640237271305,0.06483351554325611,lqr_only,left,3.2,True,2.6263722587559763e-08,0.7212053447081618,0.026094779848568356,False,False,True,-88.46276482436265,-88.46276482436265,2021.10.06.08.16.17_veh-52_01430_01579
d5a0b92fbf8b51df,-7.084917121526324,12.619205359085855,0.21896679710044856,pred_stage,left,3.9000000000000004,True,0.00185590985586034,0.5407221061571673,0.7293116817810003,False,True,False,0.0,0.0,2021.10.06.08.16.17_veh-52_01949_02501
d5bf13024f755ee4,-7.85254336494909,16.336883715210057,0.40974479998012775,lqr_only,left,3.4000000000000004,True,0.015007496020657258,8.486863330599494,1.3553047631720998,False,False,False,0.0,0.0,2021.10.06.08.16.17_veh-52_00032_00170
d6396ef1c0c55d33,0.9922149522605288,34.930766656579095,0.21699741072126835,lqr_only,right,3.7,False,3.707774637610934,4.039156094525523,5.780755928520614,False,False,False,0.0,0.0,2021.09.29.18.19.40_veh-28_01268_01685
d6b5646287065fa8,-3.274771786985327,20.562066215283732,0.253186715691664,pred_stage,right,3.0,True,3.673734968672498e-07,1.585631207600329,4.086432305740755,True,False,False,0.0,86.12540818004811,2021.10.06.08.16.17_veh-52_01949_02501
d715fbc6ea0551f8,0.18010041557515777,12.02739608009676,0.4552313961041915,pred_stage,right,2.2,True,0.013270283316047453,0.7182350367439069,0.16554495069939634,False,True,False,100.0,0.0,2021.05.25.14.16.10_veh-35_01100_01664
d74329969d1155bf,-2.502627647215241,20.229763925614506,0.22233419309087488,pred_stage,right,2.0,True,0.05537680833569535,0.4038626245780304,0.5259416815153414,False,True,False,55.254695466943716,0.0,2021.09.16.19.27.01_veh-45_00472_00711
d743862c9c555961,1.1355201669776456,16.356336339979862,0.18383787380951297,pred_stage,right,1.8,True,0.0020206228494744414,0.18083804568181036,7.8768805042609795,False,True,True,0.0,-100.0,2021.09.16.19.27.01_veh-45_01749_03230
d74dbc89af495c84,4.924010885039118,21.995170734537705,0.1074008625234344,pred_stage,right,3.0,True,0.004952668896247462,0.2970912469731138,0.15910159926760048,False,False,False,0.0,0.0,2021.09.29.14.44.26_veh-28_00337_00504
d7b1d984a0ff5791,0.3861620478583898,32.72069689305994,0.12513476215703037,pred_stage,left,3.3000000000000003,False,0.7443711758574912,1.0478973862669922,1.5819490349081304,True,False,True,-98.50052943542865,0.0037962709090066937,2021.06.28.20.24.43_veh-38_03385_04952
d813c6a4706e5411,-8.741233053657492,12.762957842287513,0.9576823324202169,pred_stage,left,3.2,True,1.3174161951114736e-07,0.1656059797514479,0.45215157776300513,False,False,False,0.0,0.0,2021.10.06.07.26.10_veh-52_00772_00917
d81c4398a40b52b9,-1.110007987167699,8.634236298380547,0.3886259721482152,pred_stage,left,0.7000000000000001,True,0.0006992861054440834,0.3287969817837191,0.7319870062946829,False,False,False,0.0,0.0,2021.10.06.08.16.17_veh-52_00922_01296
d849d3813e3052d0,-4.255849447312947,28.31081085849213,0.2258487444930339,pred_stage,left,3.9000000000000004,True,6.217392957695298e-07,6.449431182357244,6.854507509638803,False,False,False,0.0,0.0,2021.09.16.13.53.10_veh-42_00180_00342
d84b338d48335e67,-3.857792973832553,24.084655533374182,0.013672960068160728,lqr_only,right,3.9000000000000004,True,0.00018676331555596715,0.428671939566945,0.09877601070988248,False,True,False,90.98359209717414,0.0,2021.09.16.19.27.01_veh-45_01749_03230
d852a7b32d6c5448,-3.6714908027493554,25.920530064060163,1.6895696380378882,pred_stage,left,2.6,True,0.003143487057977936,0.2668272798780616,0.35211872239515146,False,False,False,0.0,0.0,2021.10.06.07.26.10_veh-52_00006_00398
d9422fc7065e5b62,0.592276582630566,26.16076601641201,0.05496253952800502,lqr_only,right,4.0,True,5.722980931485732e-07,4.104432417317391,4.354314606764236,False,False,False,0.0,0.0,2021.10.06.08.16.17_veh-52_01949_02501
d94271077f7a5432,4.052565111269477,26.982596949646325,0.17204292755203185,lqr_only,left,3.8000000000000003,True,6.235852339924079e-07,0.2849298116827891,0.20343594455983985,False,True,False,87.86323749631283,0.0,2021.10.06.07.26.10_veh-52_01245_02064
d9435ec2640f586f,-5.984075708946044,14.902255021727951,1.2117135682504392,pred_stage,left,2.8000000000000003,True,2.9904654341079e-07,1.325031011804902,0.002880894835959948,False,False,False,0.0,0.0,2021.10.06.08.16.17_veh-52_01949_02501
d9983fb6d20e5413,-11.827069931073758,12.91432128132928,0.19825051753793643,lqr_only,left,3.8000000000000003,True,0.014564210751537052,0.6743504351362744,0.6797727197596446,True,False,True,-100.0,0.0,2021.06.28.16.57.59_veh-26_00016_00484
d9eeceb896445e10,-0.32296618200736305,42.00389415843753,0.48798750312716654,pred_stage,left,3.5,False,12.61027051246984,11.211940997095786,11.412107162297735,False,True,False,95.97771289785962,0.0,2021.09.09.18.29.25_veh-39_00427_00556
da1a3756e4465c03,1.1449784115433983,22.491104862242125,0.0717871300218788,lqr_only,right,1.7000000000000002,True,2.2075338330821287e-07,0.1286952335406766,0.17419691329667558,False,False,False,0.0,0.0,2021.09.16.13.53.10_veh-42_00180_00342
da6d3b6810995466,0.19736796528543243,21.238182259858174,0.0020280925678543738,lqr_only,left,2.7,True,4.507994173622124e-07,0.02071808494963439,0.5108350013795717,False,True,True,0.0,-100.0,2021.10.06.08.16.17_veh-52_00922_01296
da928b52410d5da6,-4.664766797651988,12.903025480283775,0.6417158515046348,pred_stage,right,2.8000000000000003,True,0.0926592180268829,5.04688081859478,3.3013436371782974,False,False,False,0.0,0.0,2021.10.06.07.26.10_veh-52_01245_02064
dac5a6aa183b5e73,-3.879679864730819,13.854226119119502,0.333835723767366,pred_stage,left,3.8000000000000003,True,0.03407109431865918,0.40258427185272805,1.0232594432596402,False,False,False,0.0,0.0,2021.10.06.07.26.10_veh-52_00772_00917
db1231d931455d2c,-1.2284475703421611,12.131231936880457,0.01950851232105681,lqr_only,right,1.6,True,2.028601570526308e-07,0.19021209751048795,0.18323787173036113,False,False,False,0.0,0.0,2021.09.16.19.12.04_veh-42_01438_01677
db4bcafb6d775b4f,1.3879605767244914,11.137876893705847,0.050659884372241004,lqr_only,left,1.7000000000000002,True,0.007793634310068748,0.1578324973434269,3.2746948918312104,False,False,False,0.0,0.0,2021.06.28.20.24.43_veh-38_03385_04952
db747c98e01c5b42,-1.1510143168153486,9.094554314295955,0.05212046668031362,pred_stage,left,1.2000000000000002,True,4.841490579852708e-08,0.6037313861262277,0.21450899991249747,True,True,True,-11.272669021738269,-0.34974424929350434,2021.09.09.14.18.22_veh-48_01298_01492
dbfcc3b5aa945597,-0.0750396294447917,25.88130042937354,0.12381426370560464,pred_stage,left,3.1,True,0.06379280476360599,5.030007173575509,0.8843690514455446,False,False,False,0.0,0.0,2021.06.28.16.29.11_veh-38_03263_03766
dc2279179bb25d08,-9.920612394538626,13.164256544024514,0.4905612007961486,pred_stage,left,3.6,True,0.003212931088727915,0.3429909540413375,0.7752668031402333,False,True,False,86.6349804068464,0.0,2021.10.06.08.16.17_veh-52_00032_00170
dc26fde28bc65ef6,-8.227684799550882,10.184910634949391,1.811437340370511,pred_stage,left,3.1,True,5.889846030190688e-07,0.8381253522100178,0.06917229133136098,False,False,False,0.0,0.0,2021.10.06.08.16.17_veh-52_00181_00574
dcb6ca8a732551eb,1.9615443435446052,27.874824304805358,0.02498776536409473,lqr_only,right,4.0,True,0.03119831156910726,3.8025003850990085,4.669595455902411,True,False,False,0.0,83.93780034475947,2021.10.06.08.16.17_veh-52_01949_02501
dd07f89bea6f5147,1.0426565218948038,15.975662345490983,0.3015742587298069,pred_stage,right,1.3,True,0.009597884197288372,0.3177830262807706,0.3253284530255514,False,False,False,0.0,0.0,2021.09.16.13.53.10_veh-42_00180_00342
dd6f3d80501c5026,-0.38061582115384773,12.979923004132681,0.12564844129761849,lqr_only,right,1.2000000000000002,True,3.097463149379321e-07,0.036521185273634064,0.3442553744422004,False,False,False,0.0,0.0,2021.09.16.19.27.01_veh-45_01749_03230
dd79f9aa92105761,-1.100829729827506,14.259679500387916,0.8084822322094422,pred_stage,left,1.1,True,1.1740820856866169e-07,1.4502702252831834,1.3188555456959774,False,False,False,0.0,0.0,2021.08.30.16.16.44_veh-40_01099_01351
ddc1271ea57154bc,1.0590018984479024,5.963399760958072,0.38676073043871895,pred_stage,right,1.1,True,0.007982878048855519,inf,1.4870573936294678,False,False,False,0.0,0.0,2021.10.06.08.16.17_veh-52_00181_00574
dded75c35039515f,-0.6438183042206389,17.197255263327037,0.18137855411134096,pred_stage,left,2.0,True,9.377879567909618e-08,0.1435726405967698,1.1062313599796572,False,False,False,0.0,0.0,2021.05.25.15.59.03_veh-30_00625_00855
de1662269d685ce0,1.3059753219653354,9.78392783546092,1.888652198103332,pred_stage,right,1.0,True,1.6229286913692184e-06,1.6793978933005558,1.388611429278917,False,False,False,0.0,0.0,2021.09.29.18.19.40_veh-28_01268_01685
de64687e89f25285,0.6545022647889489,9.97793213069313,0.039093362219594696,lqr_only,right,1.0,True,1.6343212194609104e-06,0.24327421398383617,0.4844219523961195,False,True,False,89.95467527755923,0.0,2021.09.16.19.27.01_veh-45_01749_03230
debd166df3a85845,-1.2585415360524337,20.04915240048982,0.7730830750254483,pred_stage,left,2.7,True,0.04676555682412175,0.008554884986872551,0.8742359774375514,True,True,False,95.50366242011611,95.51252614112849,2021.09.09.14.18.22_veh-48_01298_01492
df3b1f0f39625162,-1.0452324750812467,15.891763145813462,0.14594645707015114,lqr_only,left,1.8,True,3.4396724969402476e-07,0.0723063839269353,0.11024257946946671,False,False,False,0.0,0.0,2021.08.30.13.45.25_veh-40_01116_01336
dffc6ff890745dbe,-5.97085295102031,12.638865836413869,0.31028121914536433,pred_stage,left,3.6,True,4.797197896221001e-05,0.12986039056529095,0.385397004473866,True,True,True,0.024732477465949643,-0.004896875638027431,2021.10.06.07.26.10_veh-52_00772_00917
e001c497823c5154,0.5155179506397367,27.912041568806302,0.011993897620717465,lqr_only,left,2.2,True,1.0310354140316704e-06,0.1558390419894777,0.297558940522034,True,True,False,97.87234492700696,97.86797402044431,2021.09.16.13.53.10_veh-42_01510_01591
e03da8beb33a5e06,-1.1030391046273555,23.97781958701742,0.2157160565906216,pred_stage,left,2.6,True,0.0019691584786411752,0.7029591555421297,0.08401864297889883,False,True,True,0.005968858665417187,-97.0193952898566,2021.09.16.13.53.10_veh-42_00077_00153
e045d3abc4e95f52,-3.038516279845015,28.802079988481573,0.9028427672493133,pred_stage,left,3.0,True,2.949478426114589e-07,0.2813339348843534,0.9518368507217143,True,True,True,0.015152026073739222,-0.00664483056592724,2021.10.06.07.26.10_veh-52_00006_00398
e052a41759445a28,-1.5230795195034004,11.437169937370054,0.07407481671537876,pred_stage,left,2.6,True,0.056399144732468064,4.252697679901979,0.02246871131259565,True,True,True,-0.10734903762544823,0.005779495610891416,2021.10.06.07.26.10_veh-52_02208_02394
e0c6e5c235ed5b7b,1.0825234245886595,36.98455265948039,0.006505521070824109,lqr_only,right,3.9000000000000004,False,4.985894118448953,4.995869276235609,5.0196291762115495,True,True,True,0.0009561290857273974,6.948664396100313e-05,2021.05.25.14.16.10_veh-35_01690_02183
e14d9a1990535a29,1.3883430665670948,4.119729956791225,0.7396409835713317,pred_stage,right,2.7,True,0.010771728497292033,1.2645955951210865,0.6755994949334673,False,False,False,0.0,0.0,2021.09.16.19.49.00_veh-42_00990_01609
e1b3e5e086a05ff9,3.0860010761094725,17.382286599690037,0.008290223450022035,pred_stage,right,2.4000000000000004,True,0.01868035019166707,1.7469183871888276,1.5693754465772713,False,False,False,0.0,0.0,2021.09.29.19.02.14_veh-28_02911_03005
e1d83d0f913a5263,4.494892768042601,19.846727317977738,0.08532697741279849,lqr_only,left,3.9000000000000004,True,0.0055646226447691625,0.4769725611861843,0.2613789448089509,False,False,False,0.0,0.0,2021.06.28.16.29.11_veh-38_03263_03766
e22c42694be05703,-8.321247383940028,16.257625959512126,0.13442598507286593,pred_stage,left,3.9000000000000004,True,4.1765491944167425e-07,1.8841963985219625,0.8421548097633933,False,True,False,87.95583293225292,0.0,2021.10.06.08.16.17_veh-52_01949_02501
e27870f87c3656b1,1.0622733648872131,25.24346488897274,0.0018913418219799237,lqr_only,right,2.3000000000000003,True,3.5811745337077835e-07,2.4001851086375043,1.695016181330184,False,True,True,-41.64824830413757,-97.7012763399376,2021.09.29.18.19.40_veh-28_01268_01685
e2ae05340dba502d,4.049595290909551,19.28727196142256,0.007009114809113938,lqr_only,left,4.0,True,0.027330392463379722,0.7297520224863047,0.7450751963946026,False,False,False,0.0,0.0,2021.09.16.19.49.00_veh-42_00990_01609
e2c14ab1fbe350b1,13.728603578461886,10.411725364414606,0.42611372661797237,lqr_only,right,3.4000000000000004,True,3.7509858311438375e-08,0.20946824116387677,1.8897414623005329,False,False,False,0.0,0.0,2021.09.09.14.18.22_veh-48_00322_00895
e393bc5cafe95872,1.4730340829623767,22.12598251485249,1.2064685984250183,pred_stage,right,2.0,True,0.001238231044824445,0.06583099857711604,0.3247499022171387,False,True,False,95.1561697114268,0.0,2021.08.16.14.23.37_veh-45_00015_00132
e39a79ae2ceb5829,-6.4789436577971316,10.990344099008166,1.0368656835349324,pred_stage,left,2.7,True,0.054479582427161645,0.5325609529672668,0.5575121955782051,True,True,True,-0.027032553183659047,-0.08970046569700685,2021.10.06.07.26.10_veh-52_00772_00917
e3aa32e033635c8d,-1.0140522129959413,11.99607185135651,0.017198178373247566,lqr_only,left,1.0,True,1.61021399783624e-08,0.055126397641589824,5.148813428416026,False,False,False,0.0,0.0,2021.08.30.14.54.34_veh-40_00885_00986
e3ce6f2ef9765b9a,-1.1719211468851194,19.741413723535555,0.044148757398567946,pred_stage,left,1.8,True,0.0003236241142992524,0.85470162955057,2.4692709309602288,False,False,False,0.0,0.0,2021.06.28.15.02.02_veh-38_02398_02848
e443a0e9bbc75c69,2.366986709129879,32.722797263442224,0.09651062946882132,pred_stage,left,3.9000000000000004,False,0.7603360859145475,1.3218668435990724,2.4879939615217173,True,True,False,87.63548838794642,87.62295480610295,2021.10.06.08.16.17_veh-52_01949_02501
e5224fa3a0f95b04,-8.25287047641622,12.089784910530547,0.5029571467952788,pred_stage,left,3.5,True,0.013492249442993251,0.5547347078826237,0.017143507620397052,True,True,True,0.0643486726608744,0.0042193490496167385,2021.10.06.08.16.17_veh-52_00032_00170
e5c10d26102f51e3,1.36883004160281,9.658917346229238,0.8748145389811147,pred_stage,right,1.3,True,1.5536797156601583e-06,1.3994152250808145,1.1389655011039537,False,False,False,0.0,0.0,2021.08.30.16.16.44_veh-40_00779_01088
e610e8c900a75a0b,-14.392206371033142,15.278130300459823,0.25257872617235216,lqr_only,left,3.8000000000000003,True,0.021248030716190823,0.14535279323091996,0.06665311433677187,False,False,False,0.0,0.0,2021.06.03.18.47.39_veh-35_00503_00777
e62a5092735359ee,0.5775203401699605,15.09051073034106,0.5957167266716958,pred_stage,right,1.7000000000000002,True,0.0455846770900411,2.3217608640469534,0.3418244285591827,False,False,True,-84.3926223805739,-84.3926223805739,2021.10.06.07.26.10_veh-52_02208_02394
e694febcad5b5185,-7.808587606503181,10.117124323317643,0.1026307169680164,pred_stage,left,4.0,True,0.010437003461272463,0.9943881476084023,0.34353317417772633,True,True,True,-0.0015498345521613999,0.14655400758720738,2021.10.06.07.26.10_veh-52_00772_00917
e6dc564e1a3a588e,-1.998129039902504,16.74306684531652,0.769481302802242,pred_stage,left,1.8,True,7.195665779997317e-07,0.4296292880699778,0.44296210130594055,False,True,False,90.11178743915993,0.0,2021.10.06.07.26.10_veh-52_00953_01126
e6eeac307f6d507d,-1.4034956173708064,25.692757592515648,0.05818964897564812,lqr_only,left,3.6,True,2.3788145491845507e-07,0.07489406664395762,0.475371014437207,True,True,False,100.0,100.0,2021.05.25.15.59.03_veh-30_00625_00855
e6fd7389cbfb5943,1.1500639595742657,4.071617559697569,0.16184972720933363,pred_stage,left,1.9000000000000001,True,6.233625815597339e-07,10.297602717187742,0.48875648565232904,False,False,False,0.0,0.0,2021.09.16.15.12.03_veh-42_01037_01434
e747d6fdc59252f3,0.5583772435991872,27.452656450782715,0.2228535779868972,pred_stage,right,3.6,True,0.002304189689287579,0.580759040803837,0.45754119679860983,False,True,False,93.16420683219157,0.0,2021.09.16.19.27.01_veh-45_01749_03230
e76e7c89a8935276,-2.096424287109624,37.43862742524126,0.3393777030114378,pred_stage,right,3.0,False,6.56810702730061,5.800965695986475,5.7941846138244175,False,True,False,94.81515200549629,0.0,2021.09.29.18.19.40_veh-28_00844_01218
e7cfffa4e8dd53a8,0.7646566638586634,27.085012977486098,0.9851102909772417,pred_stage,left,3.4000000000000004,True,0.01611781042839678,3.2645067501916265,1.575168307879066,False,False,False,0.0,0.0,2021.05.25.14.16.10_veh-35_03373_03550
e9799c219eb25a48,1.1681142674467289,14.46077223499243,0.10773568251418887,pred_stage,right,2.3000000000000003,True,7.842785814542006e-09,0.2183746256182709,0.2015991416824764,True,True,True,0.0,0.0,2021.09.16.15.47.30_veh-45_01199_01391
e9b43b140b1d54bf,-0.30576570000186365,50.30194820703167,0.44543936521707433,pred_stage,left,3.6,False,18.476589351291942,18.517624742188907,18.515589326712316,False,False,False,0.0,0.0,2021.09.16.14.39.34_veh-42_00297_00935
ea1b4fddc18d51bf,-5.850250282327711,23.29172285520639,0.3910233806793348,pred_stage,left,3.7,True,0.011372811487123546,1.8892625616051262,1.9307338868375863,False,False,False,0.0,0.0,2021.10.06.07.26.10_veh-52_01245_02064
ea408ea92ea9549b,-0.802192405224698,10.770991136059143,0.0781489201132402,lqr_only,left,2.4000000000000004,True,3.9266112073974536e-08,0.3497962497624231,1.6441494303566355,True,True,True,0.0,0.0,2021.09.09.14.18.22_veh-48_00322_00895
eabdad9a669b5739,2.7326910633214645,39.87706212785612,0.3468602642367175,lqr_only,right,3.0,False,7.880265901106696,7.8827478775882875,7.888773991264364,True,False,False,0.0,100.0,2021.09.16.14.39.34_veh-42_01609_01687
eadc0f19b54352ae,11.423793790041252,24.064072732182535,0.17300481844632856,lqr_only,right,3.7,True,8.835985755874193e-07,0.7370549286918124,1.1859319897056293,False,False,False,0.0,0.0,2021.10.06.07.26.10_veh-52_00422_00728
eb2797d76e3b5384,-1.3125361585706012,10.291408482326151,0.2374658231471211,lqr_only,left,2.8000000000000003,True,3.453959314863916e-07,0.08536484010289551,0.07866718294048616,False,True,True,0.0,-100.0,2021.09.09.14.18.22_veh-48_01298_01492
eb85aecce15f5e63,5.6141073955022485,40.78166338051504,0.45956982696619,pred_stage,right,3.5,False,8.938821305281147,8.787156349126152,8.793989325453436,False,True,False,98.97407732802549,0.0,2021.09.16.14.39.34_veh-42_01609_01687
eb86e67498595966,-0.5841544387891591,6.860838877900003,0.7726204554447086,pred_stage,left,1.5,True,0.056955014067426854,2.692670613010726,1.2479386298997504,False,False,False,0.0,0.0,2021.10.06.07.26.10_veh-52_01245_02064
ec044ac1af1655be,0.03527974624307184,30.29009962477424,0.1110431919006969,lqr_only,left,2.3000000000000003,True,0.0008815934329201235,0.42083260134506734,0.364050099843305,False,False,False,0.0,0.0,2021.09.16.14.39.34_veh-42_01609_01687
ec1fc260f1c15d42,0.24658578369689899,30.847875550748164,0.26396280883671946,pred_stage,right,3.2,True,0.02576360160728535,0.7518538116784121,0.38763417457311494,False,False,False,0.0,0.0,2021.09.16.14.39.34_veh-42_00032_00186
ec372e5b0ad7504f,9.099884943366247,13.942294979497387,0.47715831139037845,lqr_only,left,3.5,True,3.8808820888909756e-08,6.818535060149132,5.548184319448214,False,False,False,0.0,0.0,2021.09.16.15.12.03_veh-42_01037_01434
ecc5d9051f445174,-11.242291448609897,13.647937180905034,0.19548877215968136,pred_stage,left,3.0,True,0.07196183796717255,0.4408090209777357,0.18108085707480603,True,True,True,0.0,0.0,2021.06.28.16.29.11_veh-38_00022_00368
ed2466a660ba5661,1.243447173208402,27.11268465322361,0.4484747370083956,pred_stage,right,2.4000000000000004,True,0.001717655880536189,0.20469490811066784,0.3141163654698761,True,True,False,96.83376501777194,96.84099266761847,2021.09.16.13.53.10_veh-42_00077_00153
ee42b86599ca5632,-0.7359330541546836,15.50428594987229,0.5260372484464692,pred_stage,left,1.9000000000000001,True,3.8366149477521716e-07,0.4325393394163985,0.06044983220338665,False,True,False,97.1259676575721,0.0,2021.09.29.19.02.14_veh-28_00540_00917
ee80a7cf312253e2,-10.083493747050998,10.65124320961967,0.4236099090953889,pred_stage,left,3.8000000000000003,True,1.3355046765824055e-07,0.2224712015426396,0.033029500001020895,False,True,False,83.97239686527313,0.0,2021.10.06.08.16.17_veh-52_00181_00574
eeae24d38eb15e0a,1.0854863961168153,18.083456942252226,0.11652383002827621,pred_stage,right,2.4000000000000004,True,1.2739640558813943e-06,0.6282929834952237,0.36096910505138446,False,False,False,0.0,0.0,2021.09.29.18.19.40_veh-28_00331_00426
ef81756601bc569f,1.2540086255715828,13.132106005136478,0.23198778304928816,pred_stage,right,2.8000000000000003,True,5.975736502183433e-07,0.5674251723856064,0.800098167214753,False,False,False,0.0,0.0,2021.08.30.13.45.25_veh-40_01116_01336
efd6ba6db6db5f6c,0.9102666732431128,28.294135661510584,1.0294609840949476,pred_stage,left,2.9000000000000004,True,1.0602717160141492e-06,0.32434552931838995,1.4566757605477094,True,True,False,88.88888465213333,88.83110114716474,2021.10.06.07.26.10_veh-52_01245_02064
efeac78f0da05463,-1.3129432774914314,43.86195322666141,0.03227875095848837,pred_stage,left,4.0,False,11.865568953641649,12.00790220465897,11.893508135004017,True,True,True,-0.0058686185111733735,-0.021899848947615208,2021.10.06.08.16.17_veh-52_01949_02501
f08f205e15975d97,-1.0657625296262463,19.63157696520576,1.035421219980258,pred_stage,left,1.6,True,1.8254010569943304e-07,2.0937879045092878,2.2217957698717647,False,False,False,0.0,0.0,2021.08.30.16.16.44_veh-40_01099_01351
f0fb575adb8a5171,3.4905282700257723,16.93625181923072,0.4343420690426495,lqr_only,left,3.1,True,0.016322722598342543,0.44136640758677703,0.25981817965690485,False,False,False,0.0,0.0,2021.06.28.20.24.43_veh-38_03385_04952
f140d31943145068,1.0148186140326025,19.937594723607546,0.053849507787404785,pred_stage,right,2.0,True,1.0967839903879292e-06,1.9905321714030293,1.0169089734552212,False,False,False,0.0,0.0,2021.09.29.19.02.14_veh-28_00964_01689
f1ef98a6ff94525c,0.03339641394807069,47.88053493510079,0.1873463822517478,pred_stage,right,4.0,False,15.891144832161476,15.936231454988507,15.925424846091618,False,False,False,0.0,0.0,2021.09.16.14.39.34_veh-42_01609_01687
f2592c08589e5398,-9.107867863848544,19.802550735384262,0.20081894879684176,lqr_only,right,3.6,True,0.0024593332466150567,0.14654081248638376,0.06688721304807908,False,False,False,0.0,0.0,2021.09.16.14.39.34_veh-42_00297_00935
f2695c7680505b79,0.9974832390604007,17.61729496984384,0.16959372375031032,pred_stage,right,1.9000000000000001,True,2.7352674115980507e-07,1.5490880499653281,1.1184398572878265,False,False,False,0.0,0.0,2021.09.29.19.02.14_veh-28_00964_01689
f2d4e4b013a3579e,-1.0898905822174365,16.891887100843633,0.041037269928387604,lqr_only,left,2.7,True,5.324239752610885e-07,0.7827094426674329,0.8907339910928503,True,True,True,-0.011981181933817808,0.005703798901379731,2021.09.09.14.18.22_veh-48_01298_01492
f3047391e1f25aad,-1.0738107912629231,23.076707094768846,0.10779767383915194,lqr_only,left,3.5,True,5.23465854079811e-07,0.055118226622707905,0.26763066325562784,False,True,False,100.0,0.0,2021.05.25.15.59.03_veh-30_04027_04200
f3462625913a59c2,-8.598305283366061,12.373787052446572,0.7327366435206517,pred_stage,left,3.3000000000000003,True,0.007833527947416822,0.19976136755059298,0.5909128188779916,False,False,False,0.0,0.0,2021.10.06.08.16.17_veh-52_00032_00170
f3572fcbcd285f1e,-0.7466709538417486,16.519997232627556,0.14870054332351684,pred_stage,left,2.2,True,7.597225121818886e-07,0.10765610819845399,0.9567236982734008,True,True,False,100.0,100.0,2021.05.25.16.37.23_veh-25_00005_00217
f36b32268f1c5404,10.846426514527984,18.500857207860413,0.2362999575950042,lqr_only,right,3.2,True,0.002627083297161439,0.04879034614088653,0.4809525624166064,False,False,False,0.0,0.0,2021.09.16.19.12.04_veh-42_01438_01677
f3c9dcda27ba51a7,0.8066395574940977,38.33506516361678,0.10261365547746822,pred_stage,right,3.8000000000000003,False,6.341650510936111,6.375414122987173,6.379242751322493,False,True,True,0.017581198579452728,-95.02255166238261,2021.09.16.19.49.00_veh-42_00990_01609
f42c66a9b7a456f7,1.5547916629746261,41.03933929885318,0.14663637106710803,pred_stage,left,3.4000000000000004,False,9.129702874209295,9.168577843785089,9.173798136277686,False,False,False,0.0,0.0,2021.09.16.14.39.34_veh-42_01609_01687
f470121c6add5665,0.6089306653959627,13.354097267137064,0.13868705698443787,lqr_only,right,1.1,True,6.666290034698051e-07,0.07372901181364523,0.21085286327181216,False,False,False,0.0,0.0,2021.09.16.19.27.01_veh-45_01749_03230
f47841466d835000,2.29990984892766,44.26238971330242,0.14731298957245423,lqr_only,left,3.7,False,12.41040989938012,12.454976934623195,12.447228477224236,False,False,False,0.0,0.0,2021.09.16.13.53.10_veh-42_01510_01591
f51778edd8ea5ee5,0.47126396107132873,11.088861062610736,0.2699570010301123,pred_stage,right,1.3,True,1.3324129854794271e-06,0.2738411390210072,0.20073156897429642,False,False,False,0.0,0.0,2021.08.30.16.16.44_veh-40_00256_00716
f597ea9aeb7f512d,-7.321153074282853,18.18335816441852,0.29537105249671197,lqr_only,left,3.2,True,3.4425277044644096e-07,0.5214851408055408,0.1613877763030638,True,False,False,0.0,92.59845738912531,2021.10.06.08.16.17_veh-52_01949_02501
f5c4d4a66e13514d,-1.039660117246608,8.116448650784442,0.3151727459830315,pred_stage,left,1.3,True,5.808428553013001e-08,0.1182610959856902,0.6206508330052105,True,True,False,86.08411116645195,86.06989866100079,2021.09.29.19.02.14_veh-28_00540_00917
f5c6f00966f152ec,-12.545598781201427,14.543635888031071,0.005613094935734586,lqr_only,left,4.0,True,0.013720418135013927,0.31233407760974624,0.3288027559096635,True,True,False,92.66409248043162,92.66179360220966,2021.10.06.08.16.17_veh-52_00922_01296
f5edba52c4545fe3,1.2614041944438137,13.885295535151181,1.0972128254915263,pred_stage,right,1.5,True,2.2468926210564338e-07,0.22204068068736252,0.22200910426511344,False,True,False,85.28738446634075,0.0,2021.09.29.19.02.14_veh-28_00964_01689
f71e5dcd9df85d97,-7.921246851026383,15.812973693937892,0.22290144080983254,pred_stage,right,2.4000000000000004,True,0.24964732688263308,2.800944813206346,9.248121205795425,False,False,False,0.0,0.0,2021.09.09.18.29.25_veh-39_01622_01766
f77c053616475084,-0.11429028919594586,28.70941591936409,0.742017725370925,pred_stage,right,3.7,True,0.004122156636525481,0.044127594843238874,3.9202908693121783,False,False,False,0.0,0.0,2021.10.06.07.26.10_veh-52_00006_00398
f86eb011b333505e,-13.598441360995693,14.22215933259767,0.013547064208517434,lqr_only,left,4.0,True,0.011669000140264963,0.3440710417873508,0.26268449343116557,True,True,True,-0.007302558871957743,0.00017784034134216142,2021.10.06.07.26.10_veh-52_01245_02064
f976da772a435bd5,-9.43168255446123,13.349175927717095,1.005332694718794,pred_stage,left,3.1,True,0.03686981764211069,0.39347304937040056,0.42847938518982687,False,False,False,0.0,0.0,2021.06.03.13.55.17_veh-35_02419_02561
f9bce7199ad8555d,-1.148932079313715,8.72093143906522,0.09550178192721641,pred_stage,left,1.1,True,5.083401956137667e-07,0.650976023156864,0.294972344495305,True,True,True,-6.062484281527103,0.0,2021.09.09.14.18.22_veh-48_01298_01492
f9ed38d9ddfa531e,-3.830893556023579,10.141262782219023,1.6730274106546217,pred_stage,left,2.5,True,2.054725639076611e-07,10.094279811346997,0.8593153868330174,False,False,False,0.0,0.0,2021.10.06.08.16.17_veh-52_00181_00574
fa7793ced9cc559e,14.589520070981457,14.574838532220166,0.02804837264315642,lqr_only,right,4.0,True,1.131024392843154e-06,0.19656917979640262,0.3210455994665849,False,False,False,0.0,0.0,2021.09.29.14.44.26_veh-28_00528_00992
fb188ed7e53552c5,2.187167952071068,23.016368579255722,0.2045419701987536,pred_stage,left,3.7,True,0.052328550540364664,5.11867533205649,2.9045983685003556,False,False,False,0.0,0.0,2021.08.30.16.16.44_veh-40_01099_01351
fb21dbec77535015,0.8946686907231713,16.676969436692005,0.15041118523116984,pred_stage,right,1.3,True,3.759808928919492e-07,0.35526479114796866,1.3618174880750473,False,False,False,0.0,0.0,2021.09.29.14.44.26_veh-28_00238_00320
fb2daf8a925a5ff2,-0.893538109476828,15.034021492903072,0.0016701990507187565,lqr_only,left,1.3,True,2.579794756374051e-07,0.25778985869057447,0.7024730712790191,True,False,False,0.0,87.8345011469122,2021.08.30.14.54.34_veh-40_00885_00986
fb524406adde5e78,1.599998687374294,23.50411523447391,0.6498516282550661,lqr_only,left,3.4000000000000004,True,0.0389558055482545,0.9742138157645296,0.6771145619239034,False,False,False,0.0,0.0,2021.06.03.17.06.58_veh-35_03860_03992
fbc9981c30745684,-0.009118887223445782,14.031506463110397,0.1679053092039597,lqr_only,left,2.4000000000000004,True,4.4353258630840974e-07,0.8069617601219863,0.638096114621912,False,False,False,0.0,0.0,2021.05.25.14.16.10_veh-35_01690_02183
fbe55fdc31135ad5,9.312655487167277,17.57003185910512,0.09428339923141449,lqr_only,right,3.6,True,1.2756809783229003e-06,0.08603058962827889,0.03894390119314004,False,False,False,0.0,0.0,2021.05.25.14.16.10_veh-35_01100_01664
fc0acfe530ba5562,2.9686142391394092,24.063176170105553,0.32514418447034754,pred_stage,left,3.1,True,3.691303938126747e-08,0.7953142958739106,0.9732422448666983,False,True,False,89.4924133655251,0.0,2021.10.06.07.26.10_veh-52_01245_02064
fc58a8b4d619577d,0.5766633597553525,30.938454061794793,0.08636823303619193,pred_stage,right,3.3000000000000003,True,8.032372873259473e-07,0.8632603543927853,0.6942002064776801,False,True,True,0.007882706891437774,-97.42694659553074,2021.09.29.19.02.14_veh-28_00273_00514
fc7b8441f81b5296,-1.1873907646836663,12.208141390414516,3.2111017341802035,pred_stage,left,2.4000000000000004,True,8.687538765892897e-08,6.417225574024723,2.7253720323960713,False,False,False,0.0,0.0,2021.09.09.18.29.25_veh-39_00569_00903
fcb205c7324051ae,1.0848117814379368,17.08208097307822,0.011796832759417883,pred_stage,right,3.6,True,0.003507927522594354,0.0997429722507474,0.3717097108812433,True,True,True,0.0,0.0,2021.09.16.15.47.30_veh-45_01199_01391
fcdcb2e456bf5360,-1.312395169304628,24.013951404674945,0.6641099183831177,pred_stage,right,3.4000000000000004,True,0.000370822492357798,0.3780397052086651,1.5709795541933254,False,False,False,0.0,0.0,2021.10.06.07.26.10_veh-52_02208_02394
fd001bff97c155b3,-4.164843234654859,11.61569674992019,0.2577796444285194,pred_stage,right,1.8,True,0.0003984448447729194,7.58076483258193,0.8396673809568721,False,False,False,0.0,0.0,2021.09.16.13.53.10_veh-42_00180_00342
fdba4d15c05554e1,0.8011117216148453,15.727980535374636,0.31579618948846344,pred_stage,right,1.4000000000000001,True,0.10972536387351944,0.009223891251493994,0.09471481771480503,False,False,False,0.0,0.0,2021.08.16.14.23.37_veh-45_00015_00132
fddb0bdd1d7f53e0,-1.1768447634910484,9.45054003230317,0.4997371015243781,pred_stage,left,1.5,True,0.06625572101736033,0.48128915853548676,0.2490329773512372,False,False,False,0.0,0.0,2021.10.06.08.16.17_veh-52_01430_01579
fe37acae391d507c,-0.9817104970578967,9.937024583172143,0.15970413556841806,lqr_only,left,2.2,True,2.873390918811322e-07,0.3071290740335769,1.5357579150884102,True,True,True,-39.58757301513754,-39.58757301513754,2021.09.09.14.18.22_veh-48_00322_00895
fe4459e9f02052d3,-8.648554020965465,15.949665462513916,1.0597895262358372,pred_stage,left,2.4000000000000004,True,0.7925146472430827,5.267000494611689,10.305908541398809,False,False,False,0.0,0.0,2021.09.09.17.18.51_veh-48_01248_01450
fe789ce80d4f5b2e,-1.124762333705835,12.929806270224937,0.23313317144341908,pred_stage,left,1.9000000000000001,True,0.0024642862405239246,0.2811118652214016,0.5215495989324921,True,True,True,0.0002998897184802729,-1.5448150620350432,2021.09.09.14.18.22_veh-48_01298_01492
fe8eddd5ec8654cd,-0.37559923846627274,10.84502396220553,0.029113763870809013,lqr_only,right,1.2000000000000002,True,0.03300721346264853,0.13648192657281158,0.46020855021761176,False,False,False,0.0,0.0,2021.09.16.19.27.01_veh-45_01749_03230
fedeb108feed57c0,-4.874276319641745,22.47376451138974,0.13265659418228143,lqr_only,left,3.8000000000000003,True,2.7697555587290986e-07,0.005638614601361868,0.7167425549607817,False,False,False,0.0,0.0,2021.10.06.07.26.10_veh-52_02208_02394
ff60af032dbd5caa,-1.5341939415305772,17.114167877841872,0.14288318317121865,pred_stage,left,2.3000000000000003,True,0.03124969413975962,0.06945906856836392,0.23486182324384736,True,True,False,84.45853515366537,84.54089133304649,2021.10.06.07.26.10_veh-52_02208_02394
ff60c00aba8b554e,-10.284450804542091,11.701693252727186,0.13230387150992623,pred_stage,left,3.9000000000000004,True,0.0018833666753780571,0.6597214956571543,0.8256535055904468,True,True,False,89.619739139996,89.6195240761187,2021.10.06.08.16.17_veh-52_00181_00574
ff91d9e01e4259b1,-5.112916662206844,31.196912150172075,0.7264362782154615,pred_stage,left,3.3000000000000003,True,1.958757178786651e-07,0.6056461085814088,1.1701941652018462,False,False,False,0.0,0.0,2021.10.06.07.26.10_veh-52_00006_00398
ffb89fa44ab351b9,-8.872054976669844,14.096537860610542,0.45204429323982487,lqr_only,left,3.3000000000000003,True,1.1265119761031229e-07,0.5969944279519587,0.1794997339294798,False,False,False,0.0,0.0,2021.10.06.07.26.10_veh-52_00772_00917
